2026/01/04 00:52:46.263 26169 29702 Info Unity MemoryManager: Using 'Dynamic Heap' Allocator.
2026/01/04 00:52:46.277 26169 29702 Info Unity SystemInfo CPU = ARM64 FP ASIMD AES, Cores = 8, Memory = 11293mb
2026/01/04 00:52:46.277 26169 29702 Info Unity SystemInfo ARM big.LITTLE configuration: 5 big (mask: 0xf8), 3 little (mask: 0x7)
2026/01/04 00:52:46.277 26169 29702 Info Unity ApplicationInfo com.Reka.VRWorkSpace version 0.1
2026/01/04 00:52:46.277 26169 29702 Info Unity Built from '2022.3/staging' branch, Version '2022.3.62f1 (4af31df58517)', Build type 'Release', Scripting Backend 'il2cpp', CPU 'arm64-v8a', Stripping 'Enabled'
2026/01/04 00:52:46.337 26169 29702 Info Unity Company Name: Reka
2026/01/04 00:52:46.337 26169 29702 Info Unity Product Name: VRWorkSpace
2026/01/04 00:52:46.349 26169 29702 Info Unity [XR] [CardboardXrMain]: Display subsystem successfully loaded.
2026/01/04 00:52:46.349 26169 29702 Info Unity [XR] [CardboardXrMain]: Input subsystem successfully loaded.
2026/01/04 00:52:46.430 26169 29702 Info Unity XRGeneral Settings awakening...
2026/01/04 00:52:46.430 26169 29702 Info Unity UnityEngine.XR.Management.XRGeneralSettings:Awake()
2026/01/04 00:52:46.472 26169 29702 Info Unity [XR] [CardboardXrInputProvider]: Lifecycle initialized
2026/01/04 00:52:46.494 26169 29702 Info Unity [XR] [CardboardXrInputProvider]: Lifecycle started
2026/01/04 00:52:46.527 26169 29702 Info Unity [XR] [CardboardXrInputProvider]: No events to handle
2026/01/04 00:52:46.528 26169 29808 Info Unity [XR] [CardboardXrDisplayProvider]: Initializes Cardboard API.
2026/01/04 00:52:51.028 26169 29702 Info Unity [MainThreadDispatcher] Initialized on thread 1
2026/01/04 00:52:51.028 26169 29702 Info Unity VRWorkspace.Core.MainThreadDispatcher:Initialize()
2026/01/04 00:52:51.034 26169 29702 Info Unity [RTTTaskbar] Icons loaded - Quit:True, Settings:True, Passthrough:True, Recenter:True, Home:True
2026/01/04 00:52:51.034 26169 29702 Info Unity RTTTaskbar:LoadIcons()
2026/01/04 00:52:51.034 26169 29702 Info Unity RTTTaskbar:Awake()
2026/01/04 00:52:51.039 26169 29702 Info Unity [APBootstrap] AndroidStreamingHelper initialized
2026/01/04 00:52:51.039 26169 29702 Info Unity Starting camera passthrough
2026/01/04 00:52:51.039 26169 29702 Info Unity CameraPassthrough:StartCam()
2026/01/04 00:52:51.088 26169 29702 Info Unity Found 2 camera devices
2026/01/04 00:52:51.088 26169 29702 Info Unity CameraPassthrough:StartCam()
2026/01/04 00:52:51.089 26169 29702 Info Unity Camera 0: Camera 0 (front facing: False)
2026/01/04 00:52:51.089 26169 29702 Info Unity CameraPassthrough:StartCam()
2026/01/04 00:52:51.089 26169 29702 Info Unity Camera 1: Camera 1 (front facing: True)
2026/01/04 00:52:51.089 26169 29702 Info Unity CameraPassthrough:StartCam()
2026/01/04 00:52:51.089 26169 29702 Info Unity Selected back camera: Camera 0
2026/01/04 00:52:51.089 26169 29702 Info Unity CameraPassthrough:StartCam()
2026/01/04 00:52:51.089 26169 29702 Info Unity Starting webcam texture: Camera 0 at 1280x720
2026/01/04 00:52:51.089 26169 29702 Info Unity CameraPassthrough:StartCam()
2026/01/04 00:52:51.208 26169 29702 Warn Unity DontDestroyOnLoad only works for root GameObjects or components on root GameObjects.
2026/01/04 00:52:51.208 26169 29702 Warn Unity RTTRaycastManager:Awake()
2026/01/04 00:52:51.208 26169 29702 Warn Unity 
2026/01/04 00:52:51.208 26169 29702 Warn Unity [ line -159362424]
2026/01/04 00:52:51.208 26169 29702 Warn Unity DontDestroyOnLoad only works for root GameObjects or components on root GameObjects.
2026/01/04 00:52:51.208 26169 29702 Warn Unity RTTManager:Awake()
2026/01/04 00:52:51.208 26169 29702 Warn Unity 
2026/01/04 00:52:51.208 26169 29702 Warn Unity [ line -159362424]
2026/01/04 00:52:51.420 26169 29702 Info Unity [RTTTaskbar] UI built: 1060x128 logical pixels
2026/01/04 00:52:51.420 26169 29702 Info Unity RTTTaskbar:BuildUI()
2026/01/04 00:52:51.420 26169 29702 Info Unity RTTCanvasBase:Initialize()
2026/01/04 00:52:51.420 26169 29702 Info Unity RTTTaskbar:Start()
2026/01/04 00:52:51.423 26169 29702 Info Unity [AndroidHelper] Battery optimization already disabled for this app
2026/01/04 00:52:51.423 26169 29702 Info Unity VRWorkspace.Streaming.AndroidStreamingHelper:RequestDisableBatteryOptimization()
2026/01/04 00:52:51.425 26169 29702 Info Unity [RTTMenuFrame] UI built: 1920x1080 logical pixels
2026/01/04 00:52:51.425 26169 29702 Info Unity RTTMenuFrame:BuildUI()
2026/01/04 00:52:51.425 26169 29702 Info Unity RTTCanvasBase:Initialize()
2026/01/04 00:52:51.425 26169 29702 Info Unity RTTMenuFrame:Start()
2026/01/04 00:52:51.425 26169 29702 Info Unity [RTTRaycastManager] Auto-initialized layer mask to VirtualObjects (layer 3)
2026/01/04 00:52:51.425 26169 29702 Info Unity RTTRaycastManager:Start()
2026/01/04 00:52:51.428 26169 29702 Info Unity [CardboardApi] Device params found.
2026/01/04 00:52:51.428 26169 29702 Info Unity Google.XR.Cardboard.Api:HasDeviceParams()
2026/01/04 00:52:51.428 26169 29702 Info Unity CardboardStartup:Start()
2026/01/04 00:52:51.431 26169 29702 Info Unity [CardboardApi] Reload device parameters.
2026/01/04 00:52:51.431 26169 29702 Info Unity Google.XR.Cardboard.Api:ReloadDeviceParams()
2026/01/04 00:52:51.435 26169 29808 Info Unity [XR] [CardboardXrDisplayProvider]: Initializes Cardboard API.
2026/01/04 00:52:51.460 26169 29702 Info Unity [RTTMainMenuController] Icons loaded - Remote:True, Browser:True, Media:True, Files:True
2026/01/04 00:52:51.460 26169 29702 Info Unity RTTMainMenuController:LoadMenuIcons()
2026/01/04 00:52:51.460 26169 29702 Info Unity RTTMainMenuController:CreateMenu(RectTransform, Single, Single)
2026/01/04 00:52:51.460 26169 29702 Info Unity RTTManager:CreatePersistentMainMenu()
2026/01/04 00:52:51.460 26169 29702 Info Unity <WaitAndShowMainMenu>d__99:MoveNext()
2026/01/04 00:52:51.460 26169 29702 Info Unity UnityEngine.SetupCoroutine:InvokeMoveNext(IEnumerator, IntPtr)
2026/01/04 00:52:51.463 26169 29702 Info Unity [RTTMainMenu] Built 6 items in 3x2 grid
2026/01/04 00:52:51.463 26169 29702 Info Unity RTTMainMenu:BuildGrid()
2026/01/04 00:52:51.463 26169 29702 Info Unity RTTMainMenu:BuildUI(Transform, Single, Single)
2026/01/04 00:52:51.463 26169 29702 Info Unity RTTMainMenuController:CreateMenu(RectTransform, Single, Single)
2026/01/04 00:52:51.463 26169 29702 Info Unity RTTManager:CreatePersistentMainMenu()
2026/01/04 00:52:51.463 26169 29702 Info Unity <WaitAndShowMainMenu>d__99:MoveNext()
2026/01/04 00:52:51.463 26169 29702 Info Unity UnityEngine.SetupCoroutine:InvokeMoveNext(IEnumerator, IntPtr)
2026/01/04 00:52:51.464 26169 29702 Info Unity [RTTMainMenuController] Main Menu created (useRegistry=True, itemCount=6)
2026/01/04 00:52:51.464 26169 29702 Info Unity RTTMainMenuController:CreateMenu(RectTransform, Single, Single)
2026/01/04 00:52:51.464 26169 29702 Info Unity RTTManager:CreatePersistentMainMenu()
2026/01/04 00:52:51.464 26169 29702 Info Unity <WaitAndShowMainMenu>d__99:MoveNext()
2026/01/04 00:52:51.464 26169 29702 Info Unity UnityEngine.SetupCoroutine:InvokeMoveNext(IEnumerator, IntPtr)
2026/01/04 00:52:51.464 26169 29702 Info Unity [RTTManager] Main Menu initialized (persistent, cannot be closed)
2026/01/04 00:52:51.464 26169 29702 Info Unity <WaitAndShowMainMenu>d__99:MoveNext()
2026/01/04 00:52:51.464 26169 29702 Info Unity UnityEngine.SetupCoroutine:InvokeMoveNext(IEnumerator, IntPtr)
2026/01/04 00:52:51.637 26169 29702 Info Unity Webcam texture initialized successfully after 7 frames
2026/01/04 00:52:51.637 26169 29702 Info Unity <EnsureTextureStarted>d__11:MoveNext()
2026/01/04 00:52:51.637 26169 29702 Info Unity UnityEngine.SetupCoroutine:InvokeMoveNext(IEnumerator, IntPtr)
2026/01/04 00:52:51.960 26169 29702 Info Unity Stopping camera passthrough
2026/01/04 00:52:51.960 26169 29702 Info Unity CameraPassthrough:StopCam()
2026/01/04 00:52:51.960 26169 29702 Info Unity <TransitionRoutine>d__11:MoveNext()
2026/01/04 00:52:51.960 26169 29702 Info Unity UnityEngine.SetupCoroutine:InvokeMoveNext(IEnumerator, IntPtr)
2026/01/04 00:52:51.960 26169 29702 Info Unity Stopping webcam texture
2026/01/04 00:52:51.960 26169 29702 Info Unity CameraPassthrough:StopCam()
2026/01/04 00:52:51.960 26169 29702 Info Unity <TransitionRoutine>d__11:MoveNext()
2026/01/04 00:52:51.960 26169 29702 Info Unity UnityEngine.SetupCoroutine:InvokeMoveNext(IEnumerator, IntPtr)
2026/01/04 00:52:52.101 26169 29702 Info Unity Destroying webcam texture
2026/01/04 00:52:52.101 26169 29702 Info Unity CameraPassthrough:StopCam()
2026/01/04 00:52:52.101 26169 29702 Info Unity <TransitionRoutine>d__11:MoveNext()
2026/01/04 00:52:52.101 26169 29702 Info Unity UnityEngine.SetupCoroutine:InvokeMoveNext(IEnumerator, IntPtr)
2026/01/04 00:52:53.125 26169 29702 Info Unity [RTTManager] Preparing app: settings in slot 1
2026/01/04 00:52:53.125 26169 29702 Info Unity RTTManager:PrepareApp(String)
2026/01/04 00:52:53.125 26169 29702 Info Unity <ExecuteAfterHoverClear>d__40:MoveNext()
2026/01/04 00:52:53.125 26169 29702 Info Unity UnityEngine.SetupCoroutine:InvokeMoveNext(IEnumerator, IntPtr)
2026/01/04 00:52:53.125 26169 29702 Info Unity UnityEngine.Events.UnityEvent:Invoke()
2026/01/04 00:52:53.125 26169 29702 Info Unity UnityEngine.EventSystems.ExecuteEvents:Execute(GameObject, BaseEventData, EventFunction`1)
2026/01/04 00:52:53.125 26169 29702 Info Unity VRGazeReticle:HandlePointerClick(GameObject, Vector2)
2026/01/04 00:52:53.125 26169 29702 Info Unity VRGazeReticle:ProcessDwellClick(Vector3, GameObject, RaycastHit)
2026/01/04 00:52:53.125 26169 29702 Info Unity VRGazeReticle:CheckGaze()
2026/01/04 00:52:53.133 26169 29702 Info Unity [RTTMenuFrame] UI built: 1920x1080 logical pixels
2026/01/04 00:52:53.133 26169 29702 Info Unity RTTMenuFrame:BuildUI()
2026/01/04 00:52:53.133 26169 29702 Info Unity RTTCanvasBase:Initialize()
2026/01/04 00:52:53.133 26169 29702 Info Unity RTTMenuFrame:Start()
2026/01/04 00:52:53.156 26169 29702 Info Unity [RTTManager] Settings app not yet implemented
2026/01/04 00:52:53.156 26169 29702 Info Unity RTTManager:CreateAppContent(RTTAppInstance)
2026/01/04 00:52:53.156 26169 29702 Info Unity <PrepareAppFrameAsync>d__150:MoveNext()
2026/01/04 00:52:53.156 26169 29702 Info Unity UnityEngine.SetupCoroutine:InvokeMoveNext(IEnumerator, IntPtr)
2026/01/04 00:52:53.242 26169 29702 Info Unity [RTTManager] App settings prepared
2026/01/04 00:52:53.242 26169 29702 Info Unity <PrepareAppFrameAsync>d__150:MoveNext()
2026/01/04 00:52:53.242 26169 29702 Info Unity UnityEngine.SetupCoroutine:InvokeMoveNext(IEnumerator, IntPtr)
2026/01/04 00:52:53.508 26169 29702 Info Unity [RTTTaskbar] RegisterApp called - slotIndex=1, icon=icon_settings, _appButtons.Count=4
2026/01/04 00:52:53.508 26169 29702 Info Unity RTTTaskbar:RegisterApp(Int32, Sprite, Action)
2026/01/04 00:52:53.508 26169 29702 Info Unity <SwitchToPreparedAppWithTransition>d__155:MoveNext()
2026/01/04 00:52:53.508 26169 29702 Info Unity UnityEngine.SetupCoroutine:InvokeMoveNext(IEnumerator, IntPtr)
2026/01/04 00:52:53.509 26169 29702 Info Unity [RTTTaskbar] Set slot 1 alpha to 1
2026/01/04 00:52:53.509 26169 29702 Info Unity RTTTaskbar:RegisterApp(Int32, Sprite, Action)
2026/01/04 00:52:53.509 26169 29702 Info Unity <SwitchToPreparedAppWithTransition>d__155:MoveNext()
2026/01/04 00:52:53.509 26169 29702 Info Unity UnityEngine.SetupCoroutine:InvokeMoveNext(IEnumerator, IntPtr)
2026/01/04 00:52:53.509 26169 29702 Info Unity [RTTTaskbar] SetSlotIcon - slot=AppBtn_AppSlot_1, icon=icon_settings, slotIndex=1
2026/01/04 00:52:53.509 26169 29702 Info Unity RTTTaskbar:SetSlotIcon(GameObject, Sprite, Int32)
2026/01/04 00:52:53.509 26169 29702 Info Unity RTTTaskbar:RegisterApp(Int32, Sprite, Action)
2026/01/04 00:52:53.509 26169 29702 Info Unity <SwitchToPreparedAppWithTransition>d__155:MoveNext()
2026/01/04 00:52:53.509 26169 29702 Info Unity UnityEngine.SetupCoroutine:InvokeMoveNext(IEnumerator, IntPtr)
2026/01/04 00:52:53.510 26169 29702 Info Unity [RTTTaskbar] SetSlotIcon - removed 0 old children
2026/01/04 00:52:53.510 26169 29702 Info Unity RTTTaskbar:SetSlotIcon(GameObject, Sprite, Int32)
2026/01/04 00:52:53.510 26169 29702 Info Unity RTTTaskbar:RegisterApp(Int32, Sprite, Action)
2026/01/04 00:52:53.510 26169 29702 Info Unity <SwitchToPreparedAppWithTransition>d__155:MoveNext()
2026/01/04 00:52:53.510 26169 29702 Info Unity UnityEngine.SetupCoroutine:InvokeMoveNext(IEnumerator, IntPtr)
2026/01/04 00:52:53.512 26169 29702 Info Unity [RTTTaskbar] SetSlotIcon - created iconBtn=Btn_icon_settings, slot.childCount now=1
2026/01/04 00:52:53.512 26169 29702 Info Unity RTTTaskbar:SetSlotIcon(GameObject, Sprite, Int32)
2026/01/04 00:52:53.512 26169 29702 Info Unity RTTTaskbar:RegisterApp(Int32, Sprite, Action)
2026/01/04 00:52:53.512 26169 29702 Info Unity <SwitchToPreparedAppWithTransition>d__155:MoveNext()
2026/01/04 00:52:53.512 26169 29702 Info Unity UnityEngine.SetupCoroutine:InvokeMoveNext(IEnumerator, IntPtr)
2026/01/04 00:52:53.513 26169 29702 Info Unity [RTTTaskbar] Registered app in slot 1 complete
2026/01/04 00:52:53.513 26169 29702 Info Unity RTTTaskbar:RegisterApp(Int32, Sprite, Action)
2026/01/04 00:52:53.513 26169 29702 Info Unity <SwitchToPreparedAppWithTransition>d__155:MoveNext()
2026/01/04 00:52:53.513 26169 29702 Info Unity UnityEngine.SetupCoroutine:InvokeMoveNext(IEnumerator, IntPtr)
2026/01/04 00:52:53.514 26169 29702 Info Unity [RTTTaskbar] SelectSlot(1) called, current active: 0
2026/01/04 00:52:53.514 26169 29702 Info Unity RTTTaskbar:SelectSlot(Int32)
2026/01/04 00:52:53.514 26169 29702 Info Unity <SwitchToPreparedAppWithTransition>d__155:MoveNext()
2026/01/04 00:52:53.514 26169 29702 Info Unity UnityEngine.SetupCoroutine:InvokeMoveNext(IEnumerator, IntPtr)
2026/01/04 00:52:53.515 26169 29702 Info Unity [RTTTaskbar] App button 1 selected
2026/01/04 00:52:53.515 26169 29702 Info Unity RTTTaskbar:SelectAppButton(Int32)
2026/01/04 00:52:53.515 26169 29702 Info Unity RTTTaskbar:SelectSlot(Int32)
2026/01/04 00:52:53.515 26169 29702 Info Unity <SwitchToPreparedAppWithTransition>d__155:MoveNext()
2026/01/04 00:52:53.515 26169 29702 Info Unity UnityEngine.SetupCoroutine:InvokeMoveNext(IEnumerator, IntPtr)
2026/01/04 00:53:14.476 26169 29702 Info Unity [RTTTaskbar] SelectSlot(0) called, current active: 1
2026/01/04 00:53:14.476 26169 29702 Info Unity RTTTaskbar:SelectSlot(Int32)
2026/01/04 00:53:14.476 26169 29702 Info Unity <SwitchToHomeWithTransition>d__154:MoveNext()
2026/01/04 00:53:14.476 26169 29702 Info Unity UnityEngine.SetupCoroutine:InvokeMoveNext(IEnumerator, IntPtr)
2026/01/04 00:53:14.477 26169 29702 Info Unity [RTTTaskbar] App button 0 selected
2026/01/04 00:53:14.477 26169 29702 Info Unity RTTTaskbar:SelectAppButton(Int32)
2026/01/04 00:53:14.477 26169 29702 Info Unity RTTTaskbar:SelectSlot(Int32)
2026/01/04 00:53:14.477 26169 29702 Info Unity <SwitchToHomeWithTransition>d__154:MoveNext()
2026/01/04 00:53:14.477 26169 29702 Info Unity UnityEngine.SetupCoroutine:InvokeMoveNext(IEnumerator, IntPtr)
2026/01/04 00:53:17.246 26169 29702 Info Unity [RTTManager] Preparing app: remote in slot 2
2026/01/04 00:53:17.246 26169 29702 Info Unity RTTManager:PrepareApp(String)
2026/01/04 00:53:17.246 26169 29702 Info Unity <ExecuteAfterHoverClear>d__40:MoveNext()
2026/01/04 00:53:17.246 26169 29702 Info Unity UnityEngine.SetupCoroutine:InvokeMoveNext(IEnumerator, IntPtr)
2026/01/04 00:53:17.246 26169 29702 Info Unity UnityEngine.Events.UnityEvent:Invoke()
2026/01/04 00:53:17.246 26169 29702 Info Unity UnityEngine.EventSystems.ExecuteEvents:Execute(GameObject, BaseEventData, EventFunction`1)
2026/01/04 00:53:17.246 26169 29702 Info Unity RTTRaycastManager:SendClick()
2026/01/04 00:53:17.246 26169 29702 Info Unity VRGazeReticle:CheckGaze()
2026/01/04 00:53:17.253 26169 29702 Info Unity [RTTMenuFrame] UI built: 1920x1080 logical pixels
2026/01/04 00:53:17.253 26169 29702 Info Unity RTTMenuFrame:BuildUI()
2026/01/04 00:53:17.253 26169 29702 Info Unity RTTCanvasBase:Initialize()
2026/01/04 00:53:17.253 26169 29702 Info Unity RTTMenuFrame:Start()
2026/01/04 00:53:17.282 26169 29702 Info Unity [RTTManager] Creating RemoteMenu content...
2026/01/04 00:53:17.282 26169 29702 Info Unity RTTManager:CreateRemoteMenuContent(RTTAppInstance)
2026/01/04 00:53:17.282 26169 29702 Info Unity <PrepareAppFrameAsync>d__150:MoveNext()
2026/01/04 00:53:17.282 26169 29702 Info Unity UnityEngine.SetupCoroutine:InvokeMoveNext(IEnumerator, IntPtr)
2026/01/04 00:53:17.286 26169 29702 Info Unity [RTTRemoteMenu] OnEnable called
2026/01/04 00:53:17.286 26169 29702 Info Unity RTTRemoteMenu:OnEnable()
2026/01/04 00:53:17.286 26169 29702 Info Unity UnityEngine.GameObject:AddComponent()
2026/01/04 00:53:17.286 26169 29702 Info Unity RTTRemoteMenuController:CreateMenu(RectTransform, Single, Single, TMP_FontAsset, Color, Color)
2026/01/04 00:53:17.286 26169 29702 Info Unity RTTManager:CreateRemoteMenuContent(RTTAppInstance)
2026/01/04 00:53:17.286 26169 29702 Info Unity <PrepareAppFrameAsync>d__150:MoveNext()
2026/01/04 00:53:17.286 26169 29702 Info Unity UnityEngine.SetupCoroutine:InvokeMoveNext(IEnumerator, IntPtr)
2026/01/04 00:53:17.323 26169 29702 Info Unity [RTTRemoteMenu] UI built
2026/01/04 00:53:17.323 26169 29702 Info Unity RTTRemoteMenu:BuildUI(Transform, Single, Single)
2026/01/04 00:53:17.323 26169 29702 Info Unity RTTRemoteMenuController:CreateMenu(RectTransform, Single, Single, TMP_FontAsset, Color, Color)
2026/01/04 00:53:17.323 26169 29702 Info Unity RTTManager:CreateRemoteMenuContent(RTTAppInstance)
2026/01/04 00:53:17.323 26169 29702 Info Unity <PrepareAppFrameAsync>d__150:MoveNext()
2026/01/04 00:53:17.323 26169 29702 Info Unity UnityEngine.SetupCoroutine:InvokeMoveNext(IEnumerator, IntPtr)
2026/01/04 00:53:17.324 26169 29702 Info Unity [RTTRemoteMenu] Monitor selection changed: index=0, value=----
2026/01/04 00:53:17.324 26169 29702 Info Unity RTTRemoteMenu:HandleMonitorSelectionChanged(Int32, String)
2026/01/04 00:53:17.324 26169 29702 Info Unity RTTRemoteMenu:InitializeDropdownsDisabled()
2026/01/04 00:53:17.324 26169 29702 Info Unity RTTRemoteMenu:BuildUI(Transform, Single, Single)
2026/01/04 00:53:17.324 26169 29702 Info Unity RTTRemoteMenuController:CreateMenu(RectTransform, Single, Single, TMP_FontAsset, Color, Color)
2026/01/04 00:53:17.324 26169 29702 Info Unity RTTManager:CreateRemoteMenuContent(RTTAppInstance)
2026/01/04 00:53:17.324 26169 29702 Info Unity <PrepareAppFrameAsync>d__150:MoveNext()
2026/01/04 00:53:17.324 26169 29702 Info Unity UnityEngine.SetupCoroutine:InvokeMoveNext(IEnumerator, IntPtr)
2026/01/04 00:53:17.324 26169 29702 Info Unity [RTTRemoteMenu] No cached info, skipping recalculation
2026/01/04 00:53:17.324 26169 29702 Info Unity RTTRemoteMenu:HandleMonitorSelectionChanged(Int32, String)
2026/01/04 00:53:17.324 26169 29702 Info Unity RTTRemoteMenu:InitializeDropdownsDisabled()
2026/01/04 00:53:17.324 26169 29702 Info Unity RTTRemoteMenu:BuildUI(Transform, Single, Single)
2026/01/04 00:53:17.324 26169 29702 Info Unity RTTRemoteMenuController:CreateMenu(RectTransform, Single, Single, TMP_FontAsset, Color, Color)
2026/01/04 00:53:17.324 26169 29702 Info Unity RTTManager:CreateRemoteMenuContent(RTTAppInstance)
2026/01/04 00:53:17.324 26169 29702 Info Unity <PrepareAppFrameAsync>d__150:MoveNext()
2026/01/04 00:53:17.324 26169 29702 Info Unity UnityEngine.SetupCoroutine:InvokeMoveNext(IEnumerator, IntPtr)
2026/01/04 00:53:17.324 26169 29702 Info Unity Resolution: ----
2026/01/04 00:53:17.324 26169 29702 Info Unity RTTRemoteMenu:InitializeDropdownsDisabled()
2026/01/04 00:53:17.324 26169 29702 Info Unity RTTRemoteMenu:BuildUI(Transform, Single, Single)
2026/01/04 00:53:17.324 26169 29702 Info Unity RTTRemoteMenuController:CreateMenu(RectTransform, Single, Single, TMP_FontAsset, Color, Color)
2026/01/04 00:53:17.324 26169 29702 Info Unity RTTManager:CreateRemoteMenuContent(RTTAppInstance)
2026/01/04 00:53:17.324 26169 29702 Info Unity <PrepareAppFrameAsync>d__150:MoveNext()
2026/01/04 00:53:17.324 26169 29702 Info Unity UnityEngine.SetupCoroutine:InvokeMoveNext(IEnumerator, IntPtr)
2026/01/04 00:53:17.325 26169 29702 Info Unity Bitrate: ----
2026/01/04 00:53:17.325 26169 29702 Info Unity RTTRemoteMenu:InitializeDropdownsDisabled()
2026/01/04 00:53:17.325 26169 29702 Info Unity RTTRemoteMenu:BuildUI(Transform, Single, Single)
2026/01/04 00:53:17.325 26169 29702 Info Unity RTTRemoteMenuController:CreateMenu(RectTransform, Single, Single, TMP_FontAsset, Color, Color)
2026/01/04 00:53:17.325 26169 29702 Info Unity RTTManager:CreateRemoteMenuContent(RTTAppInstance)
2026/01/04 00:53:17.325 26169 29702 Info Unity <PrepareAppFrameAsync>d__150:MoveNext()
2026/01/04 00:53:17.325 26169 29702 Info Unity UnityEngine.SetupCoroutine:InvokeMoveNext(IEnumerator, IntPtr)
2026/01/04 00:53:17.325 26169 29702 Info Unity FPS: ----
2026/01/04 00:53:17.325 26169 29702 Info Unity RTTRemoteMenu:InitializeDropdownsDisabled()
2026/01/04 00:53:17.325 26169 29702 Info Unity RTTRemoteMenu:BuildUI(Transform, Single, Single)
2026/01/04 00:53:17.325 26169 29702 Info Unity RTTRemoteMenuController:CreateMenu(RectTransform, Single, Single, TMP_FontAsset, Color, Color)
2026/01/04 00:53:17.325 26169 29702 Info Unity RTTManager:CreateRemoteMenuContent(RTTAppInstance)
2026/01/04 00:53:17.325 26169 29702 Info Unity <PrepareAppFrameAsync>d__150:MoveNext()
2026/01/04 00:53:17.325 26169 29702 Info Unity UnityEngine.SetupCoroutine:InvokeMoveNext(IEnumerator, IntPtr)
2026/01/04 00:53:17.326 26169 29702 Info Unity [RTTRemoteMenu] CreateSidePanels called, _menuFrame null: False
2026/01/04 00:53:17.326 26169 29702 Info Unity RTTRemoteMenu:CreateSidePanels()
2026/01/04 00:53:17.326 26169 29702 Info Unity RTTRemoteMenu:BuildUI(Transform, Single, Single)
2026/01/04 00:53:17.326 26169 29702 Info Unity RTTRemoteMenuController:CreateMenu(RectTransform, Single, Single, TMP_FontAsset, Color, Color)
2026/01/04 00:53:17.326 26169 29702 Info Unity RTTManager:CreateRemoteMenuContent(RTTAppInstance)
2026/01/04 00:53:17.326 26169 29702 Info Unity <PrepareAppFrameAsync>d__150:MoveNext()
2026/01/04 00:53:17.326 26169 29702 Info Unity UnityEngine.SetupCoroutine:InvokeMoveNext(IEnumerator, IntPtr)
2026/01/04 00:53:17.327 26169 29702 Info Unity [RTTRemoteMenu] Creating Hardware Info Panel (left)...
2026/01/04 00:53:17.327 26169 29702 Info Unity RTTRemoteMenu:CreateSidePanels()
2026/01/04 00:53:17.327 26169 29702 Info Unity RTTRemoteMenu:BuildUI(Transform, Single, Single)
2026/01/04 00:53:17.327 26169 29702 Info Unity RTTRemoteMenuController:CreateMenu(RectTransform, Single, Single, TMP_FontAsset, Color, Color)
2026/01/04 00:53:17.327 26169 29702 Info Unity RTTManager:CreateRemoteMenuContent(RTTAppInstance)
2026/01/04 00:53:17.327 26169 29702 Info Unity <PrepareAppFrameAsync>d__150:MoveNext()
2026/01/04 00:53:17.327 26169 29702 Info Unity UnityEngine.SetupCoroutine:InvokeMoveNext(IEnumerator, IntPtr)
2026/01/04 00:53:17.327 26169 29702 Info Unity [RTTRemoteMenu] CreateSidePanelContent started for HardwareInfo
2026/01/04 00:53:17.327 26169 29702 Info Unity <CreateSidePanelContent>d__95:MoveNext()
2026/01/04 00:53:17.327 26169 29702 Info Unity UnityEngine.SetupCoroutine:InvokeMoveNext(IEnumerator, IntPtr)
2026/01/04 00:53:17.327 26169 29702 Info Unity RTTRemoteMenu:CreateSidePanels()
2026/01/04 00:53:17.327 26169 29702 Info Unity RTTRemoteMenu:BuildUI(Transform, Single, Single)
2026/01/04 00:53:17.327 26169 29702 Info Unity RTTRemoteMenuController:CreateMenu(RectTransform, Single, Single, TMP_FontAsset, Color, Color)
2026/01/04 00:53:17.327 26169 29702 Info Unity RTTManager:CreateRemoteMenuContent(RTTAppInstance)
2026/01/04 00:53:17.327 26169 29702 Info Unity <PrepareAppFrameAsync>d__150:MoveNext()
2026/01/04 00:53:17.327 26169 29702 Info Unity UnityEngine.SetupCoroutine:InvokeMoveNext(IEnumerator, IntPtr)
2026/01/04 00:53:17.327 26169 29702 Info Unity [RTTRemoteMenu] Hardware frame created: True
2026/01/04 00:53:17.327 26169 29702 Info Unity RTTRemoteMenu:CreateSidePanels()
2026/01/04 00:53:17.327 26169 29702 Info Unity RTTRemoteMenu:BuildUI(Transform, Single, Single)
2026/01/04 00:53:17.327 26169 29702 Info Unity RTTRemoteMenuController:CreateMenu(RectTransform, Single, Single, TMP_FontAsset, Color, Color)
2026/01/04 00:53:17.327 26169 29702 Info Unity RTTManager:CreateRemoteMenuContent(RTTAppInstance)
2026/01/04 00:53:17.327 26169 29702 Info Unity <PrepareAppFrameAsync>d__150:MoveNext()
2026/01/04 00:53:17.327 26169 29702 Info Unity UnityEngine.SetupCoroutine:InvokeMoveNext(IEnumerator, IntPtr)
2026/01/04 00:53:17.328 26169 29702 Info Unity [RTTRemoteMenu] Creating Network Info Panel (right)...
2026/01/04 00:53:17.328 26169 29702 Info Unity RTTRemoteMenu:CreateSidePanels()
2026/01/04 00:53:17.328 26169 29702 Info Unity RTTRemoteMenu:BuildUI(Transform, Single, Single)
2026/01/04 00:53:17.328 26169 29702 Info Unity RTTRemoteMenuController:CreateMenu(RectTransform, Single, Single, TMP_FontAsset, Color, Color)
2026/01/04 00:53:17.328 26169 29702 Info Unity RTTManager:CreateRemoteMenuContent(RTTAppInstance)
2026/01/04 00:53:17.328 26169 29702 Info Unity <PrepareAppFrameAsync>d__150:MoveNext()
2026/01/04 00:53:17.328 26169 29702 Info Unity UnityEngine.SetupCoroutine:InvokeMoveNext(IEnumerator, IntPtr)
2026/01/04 00:53:17.328 26169 29702 Info Unity [RTTRemoteMenu] CreateSidePanelContent started for NetworkInfo
2026/01/04 00:53:17.328 26169 29702 Info Unity <CreateSidePanelContent>d__95:MoveNext()
2026/01/04 00:53:17.328 26169 29702 Info Unity UnityEngine.SetupCoroutine:InvokeMoveNext(IEnumerator, IntPtr)
2026/01/04 00:53:17.328 26169 29702 Info Unity RTTRemoteMenu:CreateSidePanels()
2026/01/04 00:53:17.328 26169 29702 Info Unity RTTRemoteMenu:BuildUI(Transform, Single, Single)
2026/01/04 00:53:17.328 26169 29702 Info Unity RTTRemoteMenuController:CreateMenu(RectTransform, Single, Single, TMP_FontAsset, Color, Color)
2026/01/04 00:53:17.328 26169 29702 Info Unity RTTManager:CreateRemoteMenuContent(RTTAppInstance)
2026/01/04 00:53:17.328 26169 29702 Info Unity <PrepareAppFrameAsync>d__150:MoveNext()
2026/01/04 00:53:17.328 26169 29702 Info Unity UnityEngine.SetupCoroutine:InvokeMoveNext(IEnumerator, IntPtr)
2026/01/04 00:53:17.328 26169 29702 Info Unity [RTTRemoteMenu] Network frame created: True
2026/01/04 00:53:17.328 26169 29702 Info Unity RTTRemoteMenu:CreateSidePanels()
2026/01/04 00:53:17.328 26169 29702 Info Unity RTTRemoteMenu:BuildUI(Transform, Single, Single)
2026/01/04 00:53:17.328 26169 29702 Info Unity RTTRemoteMenuController:CreateMenu(RectTransform, Single, Single, TMP_FontAsset, Color, Color)
2026/01/04 00:53:17.328 26169 29702 Info Unity RTTManager:CreateRemoteMenuContent(RTTAppInstance)
2026/01/04 00:53:17.328 26169 29702 Info Unity <PrepareAppFrameAsync>d__150:MoveNext()
2026/01/04 00:53:17.328 26169 29702 Info Unity UnityEngine.SetupCoroutine:InvokeMoveNext(IEnumerator, IntPtr)
2026/01/04 00:53:17.329 26169 29702 Info Unity [RTTRemoteMenu] Side panels created (0,53m x 0,90m) gap=0,05m angle=30° (hidden)
2026/01/04 00:53:17.329 26169 29702 Info Unity RTTRemoteMenu:CreateSidePanels()
2026/01/04 00:53:17.329 26169 29702 Info Unity RTTRemoteMenu:BuildUI(Transform, Single, Single)
2026/01/04 00:53:17.329 26169 29702 Info Unity RTTRemoteMenuController:CreateMenu(RectTransform, Single, Single, TMP_FontAsset, Color, Color)
2026/01/04 00:53:17.329 26169 29702 Info Unity RTTManager:CreateRemoteMenuContent(RTTAppInstance)
2026/01/04 00:53:17.329 26169 29702 Info Unity <PrepareAppFrameAsync>d__150:MoveNext()
2026/01/04 00:53:17.329 26169 29702 Info Unity UnityEngine.SetupCoroutine:InvokeMoveNext(IEnumerator, IntPtr)
2026/01/04 00:53:17.330 26169 29702 Info Unity [RemotePreferences] Loaded: monitors=1, res=1920 x 1080, bitrate=15 Mbps, fps=60 FPS
2026/01/04 00:53:17.330 26169 29702 Info Unity VRWorkspace.Streaming.RemotePreferences:Load()
2026/01/04 00:53:17.330 26169 29702 Info Unity RTTRemoteMenu:LoadSavedHostPort()
2026/01/04 00:53:17.330 26169 29702 Info Unity RTTRemoteMenu:BuildUI(Transform, Single, Single)
2026/01/04 00:53:17.330 26169 29702 Info Unity RTTRemoteMenuController:CreateMenu(RectTransform, Single, Single, TMP_FontAsset, Color, Color)
2026/01/04 00:53:17.330 26169 29702 Info Unity RTTManager:CreateRemoteMenuContent(RTTAppInstance)
2026/01/04 00:53:17.330 26169 29702 Info Unity <PrepareAppFrameAsync>d__150:MoveNext()
2026/01/04 00:53:17.330 26169 29702 Info Unity UnityEngine.SetupCoroutine:InvokeMoveNext(IEnumerator, IntPtr)
2026/01/04 00:53:17.334 26169 29702 Info Unity [ServiceLocator] Registered: ConnectionViewModel
2026/01/04 00:53:17.334 26169 29702 Info Unity VRWorkspace.Core.ServiceLocator:Register(T)
2026/01/04 00:53:17.334 26169 29702 Info Unity RTTRemoteMenu:BindToViewModel()
2026/01/04 00:53:17.334 26169 29702 Info Unity RTTRemoteMenuController:CreateMenu(RectTransform, Single, Single, TMP_FontAsset, Color, Color)
2026/01/04 00:53:17.334 26169 29702 Info Unity RTTManager:CreateRemoteMenuContent(RTTAppInstance)
2026/01/04 00:53:17.334 26169 29702 Info Unity <PrepareAppFrameAsync>d__150:MoveNext()
2026/01/04 00:53:17.334 26169 29702 Info Unity UnityEngine.SetupCoroutine:InvokeMoveNext(IEnumerator, IntPtr)
2026/01/04 00:53:17.335 26169 29702 Info Unity [RTTRemoteMenu] HandlePhaseChanged: Disconnected -> Disconnected
2026/01/04 00:53:17.335 26169 29702 Info Unity RTTRemoteMenu:HandlePhaseChanged(ConnectionPhase)
2026/01/04 00:53:17.335 26169 29702 Info Unity RTTRemoteMenu:BindToViewModel()
2026/01/04 00:53:17.335 26169 29702 Info Unity RTTRemoteMenuController:CreateMenu(RectTransform, Single, Single, TMP_FontAsset, Color, Color)
2026/01/04 00:53:17.335 26169 29702 Info Unity RTTManager:CreateRemoteMenuContent(RTTAppInstance)
2026/01/04 00:53:17.335 26169 29702 Info Unity <PrepareAppFrameAsync>d__150:MoveNext()
2026/01/04 00:53:17.335 26169 29702 Info Unity UnityEngine.SetupCoroutine:InvokeMoveNext(IEnumerator, IntPtr)
2026/01/04 00:53:17.335 26169 29702 Info Unity [RTTRemoteMenu] Monitor selection changed: index=0, value=----
2026/01/04 00:53:17.335 26169 29702 Info Unity RTTRemoteMenu:HandleMonitorSelectionChanged(Int32, String)
2026/01/04 00:53:17.335 26169 29702 Info Unity RTTRemoteMenu:InitializeDropdownsDisabled()
2026/01/04 00:53:17.335 26169 29702 Info Unity RTTRemoteMenu:HandlePhaseChanged(ConnectionPhase)
2026/01/04 00:53:17.335 26169 29702 Info Unity RTTRemoteMenu:BindToViewModel()
2026/01/04 00:53:17.335 26169 29702 Info Unity RTTRemoteMenuController:CreateMenu(RectTransform, Single, Single, TMP_FontAsset, Color, Color)
2026/01/04 00:53:17.335 26169 29702 Info Unity RTTManager:CreateRemoteMenuContent(RTTAppInstance)
2026/01/04 00:53:17.335 26169 29702 Info Unity <PrepareAppFrameAsync>d__150:MoveNext()
2026/01/04 00:53:17.335 26169 29702 Info Unity UnityEngine.SetupCoroutine:InvokeMoveNext(IEnumerator, IntPtr)
2026/01/04 00:53:17.335 26169 29702 Info Unity [RTTRemoteMenu] No cached info, skipping recalculation
2026/01/04 00:53:17.335 26169 29702 Info Unity RTTRemoteMenu:HandleMonitorSelectionChanged(Int32, String)
2026/01/04 00:53:17.335 26169 29702 Info Unity RTTRemoteMenu:InitializeDropdownsDisabled()
2026/01/04 00:53:17.335 26169 29702 Info Unity RTTRemoteMenu:HandlePhaseChanged(ConnectionPhase)
2026/01/04 00:53:17.335 26169 29702 Info Unity RTTRemoteMenu:BindToViewModel()
2026/01/04 00:53:17.335 26169 29702 Info Unity RTTRemoteMenuController:CreateMenu(RectTransform, Single, Single, TMP_FontAsset, Color, Color)
2026/01/04 00:53:17.335 26169 29702 Info Unity RTTManager:CreateRemoteMenuContent(RTTAppInstance)
2026/01/04 00:53:17.335 26169 29702 Info Unity <PrepareAppFrameAsync>d__150:MoveNext()
2026/01/04 00:53:17.335 26169 29702 Info Unity UnityEngine.SetupCoroutine:InvokeMoveNext(IEnumerator, IntPtr)
2026/01/04 00:53:17.336 26169 29702 Info Unity Resolution: ----
2026/01/04 00:53:17.336 26169 29702 Info Unity RTTRemoteMenu:InitializeDropdownsDisabled()
2026/01/04 00:53:17.336 26169 29702 Info Unity RTTRemoteMenu:HandlePhaseChanged(ConnectionPhase)
2026/01/04 00:53:17.336 26169 29702 Info Unity RTTRemoteMenu:BindToViewModel()
2026/01/04 00:53:17.336 26169 29702 Info Unity RTTRemoteMenuController:CreateMenu(RectTransform, Single, Single, TMP_FontAsset, Color, Color)
2026/01/04 00:53:17.336 26169 29702 Info Unity RTTManager:CreateRemoteMenuContent(RTTAppInstance)
2026/01/04 00:53:17.336 26169 29702 Info Unity <PrepareAppFrameAsync>d__150:MoveNext()
2026/01/04 00:53:17.336 26169 29702 Info Unity UnityEngine.SetupCoroutine:InvokeMoveNext(IEnumerator, IntPtr)
2026/01/04 00:53:17.336 26169 29702 Info Unity Bitrate: ----
2026/01/04 00:53:17.336 26169 29702 Info Unity RTTRemoteMenu:InitializeDropdownsDisabled()
2026/01/04 00:53:17.336 26169 29702 Info Unity RTTRemoteMenu:HandlePhaseChanged(ConnectionPhase)
2026/01/04 00:53:17.336 26169 29702 Info Unity RTTRemoteMenu:BindToViewModel()
2026/01/04 00:53:17.336 26169 29702 Info Unity RTTRemoteMenuController:CreateMenu(RectTransform, Single, Single, TMP_FontAsset, Color, Color)
2026/01/04 00:53:17.336 26169 29702 Info Unity RTTManager:CreateRemoteMenuContent(RTTAppInstance)
2026/01/04 00:53:17.336 26169 29702 Info Unity <PrepareAppFrameAsync>d__150:MoveNext()
2026/01/04 00:53:17.336 26169 29702 Info Unity UnityEngine.SetupCoroutine:InvokeMoveNext(IEnumerator, IntPtr)
2026/01/04 00:53:17.336 26169 29702 Info Unity FPS: ----
2026/01/04 00:53:17.336 26169 29702 Info Unity RTTRemoteMenu:InitializeDropdownsDisabled()
2026/01/04 00:53:17.336 26169 29702 Info Unity RTTRemoteMenu:HandlePhaseChanged(ConnectionPhase)
2026/01/04 00:53:17.336 26169 29702 Info Unity RTTRemoteMenu:BindToViewModel()
2026/01/04 00:53:17.336 26169 29702 Info Unity RTTRemoteMenuController:CreateMenu(RectTransform, Single, Single, TMP_FontAsset, Color, Color)
2026/01/04 00:53:17.336 26169 29702 Info Unity RTTManager:CreateRemoteMenuContent(RTTAppInstance)
2026/01/04 00:53:17.336 26169 29702 Info Unity <PrepareAppFrameAsync>d__150:MoveNext()
2026/01/04 00:53:17.336 26169 29702 Info Unity UnityEngine.SetupCoroutine:InvokeMoveNext(IEnumerator, IntPtr)
2026/01/04 00:53:17.337 26169 29702 Info Unity [RTTRemoteMenu] Hardware frame hidden
2026/01/04 00:53:17.337 26169 29702 Info Unity RTTRemoteMenu:HideSidePanels()
2026/01/04 00:53:17.337 26169 29702 Info Unity RTTRemoteMenu:HandlePhaseChanged(ConnectionPhase)
2026/01/04 00:53:17.337 26169 29702 Info Unity RTTRemoteMenu:BindToViewModel()
2026/01/04 00:53:17.337 26169 29702 Info Unity RTTRemoteMenuController:CreateMenu(RectTransform, Single, Single, TMP_FontAsset, Color, Color)
2026/01/04 00:53:17.337 26169 29702 Info Unity RTTManager:CreateRemoteMenuContent(RTTAppInstance)
2026/01/04 00:53:17.337 26169 29702 Info Unity <PrepareAppFrameAsync>d__150:MoveNext()
2026/01/04 00:53:17.337 26169 29702 Info Unity UnityEngine.SetupCoroutine:InvokeMoveNext(IEnumerator, IntPtr)
2026/01/04 00:53:17.337 26169 29702 Info Unity [RTTRemoteMenu] Network frame hidden
2026/01/04 00:53:17.337 26169 29702 Info Unity RTTRemoteMenu:HideSidePanels()
2026/01/04 00:53:17.337 26169 29702 Info Unity RTTRemoteMenu:HandlePhaseChanged(ConnectionPhase)
2026/01/04 00:53:17.337 26169 29702 Info Unity RTTRemoteMenu:BindToViewModel()
2026/01/04 00:53:17.337 26169 29702 Info Unity RTTRemoteMenuController:CreateMenu(RectTransform, Single, Single, TMP_FontAsset, Color, Color)
2026/01/04 00:53:17.337 26169 29702 Info Unity RTTManager:CreateRemoteMenuContent(RTTAppInstance)
2026/01/04 00:53:17.337 26169 29702 Info Unity <PrepareAppFrameAsync>d__150:MoveNext()
2026/01/04 00:53:17.337 26169 29702 Info Unity UnityEngine.SetupCoroutine:InvokeMoveNext(IEnumerator, IntPtr)
2026/01/04 00:53:17.338 26169 29702 Info Unity [RTTRemoteMenu] HideSidePanels completed
2026/01/04 00:53:17.338 26169 29702 Info Unity RTTRemoteMenu:HandlePhaseChanged(ConnectionPhase)
2026/01/04 00:53:17.338 26169 29702 Info Unity RTTRemoteMenu:BindToViewModel()
2026/01/04 00:53:17.338 26169 29702 Info Unity RTTRemoteMenuController:CreateMenu(RectTransform, Single, Single, TMP_FontAsset, Color, Color)
2026/01/04 00:53:17.338 26169 29702 Info Unity RTTManager:CreateRemoteMenuContent(RTTAppInstance)
2026/01/04 00:53:17.338 26169 29702 Info Unity <PrepareAppFrameAsync>d__150:MoveNext()
2026/01/04 00:53:17.338 26169 29702 Info Unity UnityEngine.SetupCoroutine:InvokeMoveNext(IEnumerator, IntPtr)
2026/01/04 00:53:17.338 26169 29702 Info Unity [RTTRemoteMenu] Bound to ConnectionViewModel
2026/01/04 00:53:17.338 26169 29702 Info Unity RTTRemoteMenuController:CreateMenu(RectTransform, Single, Single, TMP_FontAsset, Color, Color)
2026/01/04 00:53:17.338 26169 29702 Info Unity RTTManager:CreateRemoteMenuContent(RTTAppInstance)
2026/01/04 00:53:17.338 26169 29702 Info Unity <PrepareAppFrameAsync>d__150:MoveNext()
2026/01/04 00:53:17.338 26169 29702 Info Unity UnityEngine.SetupCoroutine:InvokeMoveNext(IEnumerator, IntPtr)
2026/01/04 00:53:17.349 26169 29702 Info Unity [RTTRemoteMenu] Frame not initialized for HardwareInfo, calling EnsureInitialized()
2026/01/04 00:53:17.349 26169 29702 Info Unity <CreateSidePanelContent>d__95:MoveNext()
2026/01/04 00:53:17.349 26169 29702 Info Unity UnityEngine.SetupCoroutine:InvokeMoveNext(IEnumerator, IntPtr)
2026/01/04 00:53:17.351 26169 29702 Info Unity [RTTMenuFrame] UI built: 640x1080 logical pixels
2026/01/04 00:53:17.351 26169 29702 Info Unity RTTMenuFrame:BuildUI()
2026/01/04 00:53:17.351 26169 29702 Info Unity RTTCanvasBase:Initialize()
2026/01/04 00:53:17.351 26169 29702 Info Unity <CreateSidePanelContent>d__95:MoveNext()
2026/01/04 00:53:17.351 26169 29702 Info Unity UnityEngine.SetupCoroutine:InvokeMoveNext(IEnumerator, IntPtr)
2026/01/04 00:53:17.352 26169 29702 Info Unity [RTTRemoteMenu] Frame initialized for HardwareInfo after 0 frames, ContentContainer valid
2026/01/04 00:53:17.352 26169 29702 Info Unity <CreateSidePanelContent>d__95:MoveNext()
2026/01/04 00:53:17.352 26169 29702 Info Unity UnityEngine.SetupCoroutine:InvokeMoveNext(IEnumerator, IntPtr)
2026/01/04 00:53:17.352 26169 29702 Info Unity [RTTRemoteMenu] Frame not initialized for NetworkInfo, calling EnsureInitialized()
2026/01/04 00:53:17.352 26169 29702 Info Unity <CreateSidePanelContent>d__95:MoveNext()
2026/01/04 00:53:17.352 26169 29702 Info Unity UnityEngine.SetupCoroutine:InvokeMoveNext(IEnumerator, IntPtr)
2026/01/04 00:53:17.353 26169 29702 Info Unity [RTTMenuFrame] UI built: 640x1080 logical pixels
2026/01/04 00:53:17.353 26169 29702 Info Unity RTTMenuFrame:BuildUI()
2026/01/04 00:53:17.353 26169 29702 Info Unity RTTCanvasBase:Initialize()
2026/01/04 00:53:17.353 26169 29702 Info Unity <CreateSidePanelContent>d__95:MoveNext()
2026/01/04 00:53:17.353 26169 29702 Info Unity UnityEngine.SetupCoroutine:InvokeMoveNext(IEnumerator, IntPtr)
2026/01/04 00:53:17.353 26169 29702 Info Unity [RTTRemoteMenu] Frame initialized for NetworkInfo after 0 frames, ContentContainer valid
2026/01/04 00:53:17.353 26169 29702 Info Unity <CreateSidePanelContent>d__95:MoveNext()
2026/01/04 00:53:17.353 26169 29702 Info Unity UnityEngine.SetupCoroutine:InvokeMoveNext(IEnumerator, IntPtr)
2026/01/04 00:53:17.390 26169 29702 Info Unity [RTTRemoteMenu] Created InfoPanel_HardwareInfo, parent set to ContentContainer
2026/01/04 00:53:17.390 26169 29702 Info Unity <CreateSidePanelContent>d__95:MoveNext()
2026/01/04 00:53:17.390 26169 29702 Info Unity UnityEngine.SetupCoroutine:InvokeMoveNext(IEnumerator, IntPtr)
2026/01/04 00:53:17.392 26169 29702 Info Unity [RTTInfoSidePanel] BuildUI started for HardwareInfo, container=ContentContainer
2026/01/04 00:53:17.392 26169 29702 Info Unity RTTInfoSidePanel:BuildUI(RectTransform)
2026/01/04 00:53:17.392 26169 29702 Info Unity <CreateSidePanelContent>d__95:MoveNext()
2026/01/04 00:53:17.392 26169 29702 Info Unity UnityEngine.SetupCoroutine:InvokeMoveNext(IEnumerator, IntPtr)
2026/01/04 00:53:17.393 26169 29702 Info Unity [RTTInfoSidePanel] Already parented to ContentContainer
2026/01/04 00:53:17.393 26169 29702 Info Unity RTTInfoSidePanel:BuildUI(RectTransform)
2026/01/04 00:53:17.393 26169 29702 Info Unity <CreateSidePanelContent>d__95:MoveNext()
2026/01/04 00:53:17.393 26169 29702 Info Unity UnityEngine.SetupCoroutine:InvokeMoveNext(IEnumerator, IntPtr)
2026/01/04 00:53:17.393 26169 29702 Info Unity [RTTInfoSidePanel] Built for type: HardwareInfo, _isBuilt=True, parent=ContentContainer
2026/01/04 00:53:17.393 26169 29702 Info Unity RTTInfoSidePanel:BuildUI(RectTransform)
2026/01/04 00:53:17.393 26169 29702 Info Unity <CreateSidePanelContent>d__95:MoveNext()
2026/01/04 00:53:17.393 26169 29702 Info Unity UnityEngine.SetupCoroutine:InvokeMoveNext(IEnumerator, IntPtr)
2026/01/04 00:53:17.394 26169 29702 Info Unity [RTTRemoteMenu] InfoPanel_HardwareInfo BuildUI completed, parent=ContentContainer
2026/01/04 00:53:17.394 26169 29702 Info Unity <CreateSidePanelContent>d__95:MoveNext()
2026/01/04 00:53:17.394 26169 29702 Info Unity UnityEngine.SetupCoroutine:InvokeMoveNext(IEnumerator, IntPtr)
2026/01/04 00:53:17.394 26169 29702 Info Unity [RTTInfoSidePanel] ShowLoadingState called for HardwareInfo, _isBuilt=True
2026/01/04 00:53:17.394 26169 29702 Info Unity RTTInfoSidePanel:ShowLoadingState()
2026/01/04 00:53:17.394 26169 29702 Info Unity <CreateSidePanelContent>d__95:MoveNext()
2026/01/04 00:53:17.394 26169 29702 Info Unity UnityEngine.SetupCoroutine:InvokeMoveNext(IEnumerator, IntPtr)
2026/01/04 00:53:17.396 26169 29702 Info Unity [RTTRemoteMenu] Created InfoPanel_NetworkInfo, parent set to ContentContainer
2026/01/04 00:53:17.396 26169 29702 Info Unity <CreateSidePanelContent>d__95:MoveNext()
2026/01/04 00:53:17.396 26169 29702 Info Unity UnityEngine.SetupCoroutine:InvokeMoveNext(IEnumerator, IntPtr)
2026/01/04 00:53:17.397 26169 29702 Info Unity [RTTInfoSidePanel] BuildUI started for NetworkInfo, container=ContentContainer
2026/01/04 00:53:17.397 26169 29702 Info Unity RTTInfoSidePanel:BuildUI(RectTransform)
2026/01/04 00:53:17.397 26169 29702 Info Unity <CreateSidePanelContent>d__95:MoveNext()
2026/01/04 00:53:17.397 26169 29702 Info Unity UnityEngine.SetupCoroutine:InvokeMoveNext(IEnumerator, IntPtr)
2026/01/04 00:53:17.397 26169 29702 Info Unity [RTTInfoSidePanel] Already parented to ContentContainer
2026/01/04 00:53:17.397 26169 29702 Info Unity RTTInfoSidePanel:BuildUI(RectTransform)
2026/01/04 00:53:17.397 26169 29702 Info Unity <CreateSidePanelContent>d__95:MoveNext()
2026/01/04 00:53:17.397 26169 29702 Info Unity UnityEngine.SetupCoroutine:InvokeMoveNext(IEnumerator, IntPtr)
2026/01/04 00:53:17.398 26169 29702 Info Unity [RTTInfoSidePanel] Built for type: NetworkInfo, _isBuilt=True, parent=ContentContainer
2026/01/04 00:53:17.398 26169 29702 Info Unity RTTInfoSidePanel:BuildUI(RectTransform)
2026/01/04 00:53:17.398 26169 29702 Info Unity <CreateSidePanelContent>d__95:MoveNext()
2026/01/04 00:53:17.398 26169 29702 Info Unity UnityEngine.SetupCoroutine:InvokeMoveNext(IEnumerator, IntPtr)
2026/01/04 00:53:17.398 26169 29702 Info Unity [RTTRemoteMenu] InfoPanel_NetworkInfo BuildUI completed, parent=ContentContainer
2026/01/04 00:53:17.398 26169 29702 Info Unity <CreateSidePanelContent>d__95:MoveNext()
2026/01/04 00:53:17.398 26169 29702 Info Unity UnityEngine.SetupCoroutine:InvokeMoveNext(IEnumerator, IntPtr)
2026/01/04 00:53:17.400 26169 29702 Info Unity [RTTInfoSidePanel] ShowSpeedTestLoadingState called for NetworkInfo, _isBuilt=True
2026/01/04 00:53:17.400 26169 29702 Info Unity RTTInfoSidePanel:ShowSpeedTestLoadingState()
2026/01/04 00:53:17.400 26169 29702 Info Unity <CreateSidePanelContent>d__95:MoveNext()
2026/01/04 00:53:17.400 26169 29702 Info Unity UnityEngine.SetupCoroutine:InvokeMoveNext(IEnumerator, IntPtr)
2026/01/04 00:53:17.428 26169 29702 Info Unity [RTTRemoteMenu] Side panel content created for HardwareInfo, frame hidden (not connecting)
2026/01/04 00:53:17.428 26169 29702 Info Unity <CreateSidePanelContent>d__95:MoveNext()
2026/01/04 00:53:17.428 26169 29702 Info Unity UnityEngine.SetupCoroutine:InvokeMoveNext(IEnumerator, IntPtr)
2026/01/04 00:53:17.428 26169 29702 Info Unity [RTTRemoteMenu] Side panel content created for HardwareInfo. ContentContainer children count: 1
2026/01/04 00:53:17.428 26169 29702 Info Unity <CreateSidePanelContent>d__95:MoveNext()
2026/01/04 00:53:17.428 26169 29702 Info Unity UnityEngine.SetupCoroutine:InvokeMoveNext(IEnumerator, IntPtr)
2026/01/04 00:53:17.429 26169 29702 Info Unity [RTTRemoteMenu] Side panel content created for NetworkInfo, frame hidden (not connecting)
2026/01/04 00:53:17.429 26169 29702 Info Unity <CreateSidePanelContent>d__95:MoveNext()
2026/01/04 00:53:17.429 26169 29702 Info Unity UnityEngine.SetupCoroutine:InvokeMoveNext(IEnumerator, IntPtr)
2026/01/04 00:53:17.430 26169 29702 Info Unity [RTTRemoteMenu] Side panel content created for NetworkInfo. ContentContainer children count: 1
2026/01/04 00:53:17.430 26169 29702 Info Unity <CreateSidePanelContent>d__95:MoveNext()
2026/01/04 00:53:17.430 26169 29702 Info Unity UnityEngine.SetupCoroutine:InvokeMoveNext(IEnumerator, IntPtr)
2026/01/04 00:53:17.433 26169 29702 Info Unity [RTTManager] App remote prepared
2026/01/04 00:53:17.433 26169 29702 Info Unity <PrepareAppFrameAsync>d__150:MoveNext()
2026/01/04 00:53:17.433 26169 29702 Info Unity UnityEngine.SetupCoroutine:InvokeMoveNext(IEnumerator, IntPtr)
2026/01/04 00:53:17.550 26169 29702 Info Unity [RTTRemoteMenu] OnEnable called
2026/01/04 00:53:17.550 26169 29702 Info Unity RTTRemoteMenu:OnEnable()
2026/01/04 00:53:17.550 26169 29702 Info Unity <SwitchToPreparedAppWithTransition>d__155:MoveNext()
2026/01/04 00:53:17.550 26169 29702 Info Unity UnityEngine.SetupCoroutine:InvokeMoveNext(IEnumerator, IntPtr)
2026/01/04 00:53:17.717 26169 29702 Info Unity [RTTTaskbar] RegisterApp called - slotIndex=2, icon=icon_remote, _appButtons.Count=4
2026/01/04 00:53:17.717 26169 29702 Info Unity RTTTaskbar:RegisterApp(Int32, Sprite, Action)
2026/01/04 00:53:17.717 26169 29702 Info Unity <SwitchToPreparedAppWithTransition>d__155:MoveNext()
2026/01/04 00:53:17.717 26169 29702 Info Unity UnityEngine.SetupCoroutine:InvokeMoveNext(IEnumerator, IntPtr)
2026/01/04 00:53:17.717 26169 29702 Info Unity [RTTTaskbar] Set slot 2 alpha to 1
2026/01/04 00:53:17.717 26169 29702 Info Unity RTTTaskbar:RegisterApp(Int32, Sprite, Action)
2026/01/04 00:53:17.717 26169 29702 Info Unity <SwitchToPreparedAppWithTransition>d__155:MoveNext()
2026/01/04 00:53:17.717 26169 29702 Info Unity UnityEngine.SetupCoroutine:InvokeMoveNext(IEnumerator, IntPtr)
2026/01/04 00:53:17.718 26169 29702 Info Unity [RTTTaskbar] SetSlotIcon - slot=AppBtn_AppSlot_2, icon=icon_remote, slotIndex=2
2026/01/04 00:53:17.718 26169 29702 Info Unity RTTTaskbar:SetSlotIcon(GameObject, Sprite, Int32)
2026/01/04 00:53:17.718 26169 29702 Info Unity RTTTaskbar:RegisterApp(Int32, Sprite, Action)
2026/01/04 00:53:17.718 26169 29702 Info Unity <SwitchToPreparedAppWithTransition>d__155:MoveNext()
2026/01/04 00:53:17.718 26169 29702 Info Unity UnityEngine.SetupCoroutine:InvokeMoveNext(IEnumerator, IntPtr)
2026/01/04 00:53:17.719 26169 29702 Info Unity [RTTTaskbar] SetSlotIcon - removed 0 old children
2026/01/04 00:53:17.719 26169 29702 Info Unity RTTTaskbar:SetSlotIcon(GameObject, Sprite, Int32)
2026/01/04 00:53:17.719 26169 29702 Info Unity RTTTaskbar:RegisterApp(Int32, Sprite, Action)
2026/01/04 00:53:17.719 26169 29702 Info Unity <SwitchToPreparedAppWithTransition>d__155:MoveNext()
2026/01/04 00:53:17.719 26169 29702 Info Unity UnityEngine.SetupCoroutine:InvokeMoveNext(IEnumerator, IntPtr)
2026/01/04 00:53:17.721 26169 29702 Info Unity [RTTTaskbar] SetSlotIcon - created iconBtn=Btn_icon_remote, slot.childCount now=1
2026/01/04 00:53:17.721 26169 29702 Info Unity RTTTaskbar:SetSlotIcon(GameObject, Sprite, Int32)
2026/01/04 00:53:17.721 26169 29702 Info Unity RTTTaskbar:RegisterApp(Int32, Sprite, Action)
2026/01/04 00:53:17.721 26169 29702 Info Unity <SwitchToPreparedAppWithTransition>d__155:MoveNext()
2026/01/04 00:53:17.721 26169 29702 Info Unity UnityEngine.SetupCoroutine:InvokeMoveNext(IEnumerator, IntPtr)
2026/01/04 00:53:17.721 26169 29702 Info Unity [RTTTaskbar] Registered app in slot 2 complete
2026/01/04 00:53:17.721 26169 29702 Info Unity RTTTaskbar:RegisterApp(Int32, Sprite, Action)
2026/01/04 00:53:17.721 26169 29702 Info Unity <SwitchToPreparedAppWithTransition>d__155:MoveNext()
2026/01/04 00:53:17.721 26169 29702 Info Unity UnityEngine.SetupCoroutine:InvokeMoveNext(IEnumerator, IntPtr)
2026/01/04 00:53:17.722 26169 29702 Info Unity [RTTTaskbar] SelectSlot(2) called, current active: 0
2026/01/04 00:53:17.722 26169 29702 Info Unity RTTTaskbar:SelectSlot(Int32)
2026/01/04 00:53:17.722 26169 29702 Info Unity <SwitchToPreparedAppWithTransition>d__155:MoveNext()
2026/01/04 00:53:17.722 26169 29702 Info Unity UnityEngine.SetupCoroutine:InvokeMoveNext(IEnumerator, IntPtr)
2026/01/04 00:53:17.723 26169 29702 Info Unity [RTTTaskbar] App button 2 selected
2026/01/04 00:53:17.723 26169 29702 Info Unity RTTTaskbar:SelectAppButton(Int32)
2026/01/04 00:53:17.723 26169 29702 Info Unity RTTTaskbar:SelectSlot(Int32)
2026/01/04 00:53:17.723 26169 29702 Info Unity <SwitchToPreparedAppWithTransition>d__155:MoveNext()
2026/01/04 00:53:17.723 26169 29702 Info Unity UnityEngine.SetupCoroutine:InvokeMoveNext(IEnumerator, IntPtr)
2026/01/04 00:53:20.690 26169 29702 Info Unity [RTTRemoteMenu] Button clicked! viewModel=True, currentPhase=Disconnected
2026/01/04 00:53:20.690 26169 29702 Info Unity <OnConnectButtonClicked>d__71:MoveNext()
2026/01/04 00:53:20.690 26169 29702 Info Unity System.Runtime.CompilerServices.AsyncVoidMethodBuilder:Start(TStateMachine&)
2026/01/04 00:53:20.690 26169 29702 Info Unity RTTRemoteMenu:OnConnectButtonClicked()
2026/01/04 00:53:20.690 26169 29702 Info Unity UnityEngine.Events.UnityEvent:Invoke()
2026/01/04 00:53:20.690 26169 29702 Info Unity UnityEngine.EventSystems.ExecuteEvents:Execute(GameObject, BaseEventData, EventFunction`1)
2026/01/04 00:53:20.690 26169 29702 Info Unity RTTRaycastManager:SendClick()
2026/01/04 00:53:20.690 26169 29702 Info Unity VRGazeReticle:CheckGaze()
2026/01/04 00:53:20.692 26169 29702 Info Unity [RTTRemoteMenu] Connecting...
2026/01/04 00:53:20.692 26169 29702 Info Unity <OnConnectButtonClicked>d__71:MoveNext()
2026/01/04 00:53:20.692 26169 29702 Info Unity System.Runtime.CompilerServices.AsyncVoidMethodBuilder:Start(TStateMachine&)
2026/01/04 00:53:20.692 26169 29702 Info Unity RTTRemoteMenu:OnConnectButtonClicked()
2026/01/04 00:53:20.692 26169 29702 Info Unity UnityEngine.Events.UnityEvent:Invoke()
2026/01/04 00:53:20.692 26169 29702 Info Unity UnityEngine.EventSystems.ExecuteEvents:Execute(GameObject, BaseEventData, EventFunction`1)
2026/01/04 00:53:20.692 26169 29702 Info Unity RTTRaycastManager:SendClick()
2026/01/04 00:53:20.692 26169 29702 Info Unity VRGazeReticle:CheckGaze()
2026/01/04 00:53:20.700 26169 29702 Info Unity [RTTRemoteMenu] HandlePhaseChanged: Disconnected -> Connecting
2026/01/04 00:53:20.700 26169 29702 Info Unity RTTRemoteMenu:HandlePhaseChanged(ConnectionPhase)
2026/01/04 00:53:20.700 26169 29702 Info Unity VRWorkspace.Core.MainThreadDispatcher:Enqueue(Action)
2026/01/04 00:53:20.700 26169 29702 Info Unity VRWorkspace.Core.ObservableProperty`1:set_Value(T)
2026/01/04 00:53:20.700 26169 29702 Info Unity VRWorkspace.ViewModels.<ConnectInternalAsync>d__93:MoveNext()
2026/01/04 00:53:20.700 26169 29702 Info Unity System.Runtime.CompilerServices.AsyncTaskMethodBuilder:Start(TStateMachine&)
2026/01/04 00:53:20.700 26169 29702 Info Unity VRWorkspace.ViewModels.ConnectionViewModel:ConnectInternalAsync()
2026/01/04 00:53:20.700 26169 29702 Info Unity VRWorkspace.ViewModels.<<-ctor>b__78_0>d:MoveNext()
2026/01/04 00:53:20.700 26169 29702 Info Unity System.Runtime.CompilerServices.AsyncTaskMethodBuilder:Start(TStateMachine&)
2026/01/04 00:53:20.700 26169 29702 Info Unity VRWorkspace.ViewModels.ConnectionViewModel:<.ctor>b__78_0()
2026/01/04 00:53:20.700 26169 29702 Info Unity VRWorkspace.Core.<ExecuteAsync>d__21:MoveNext()
2026/01/04 00:53:20.700 26169 29702 Info Unity System.Runtime.CompilerServices.AsyncTaskMethodBuilder:Start(TStateMachine&)
2026/01/04 00:53:20.700 26169 29702 Info Unity VRWorkspace.Core.ObservableCommand:ExecuteAsync()
2026/01/04 00:53:20.700 26169 29702 Info Unity VRWorkspace.ViewModels.<ConnectAsync>d__79:MoveNext()
2026/01/04 00:53:20.700 26169 29702 Info Unity System.Runtime.CompilerServices.AsyncTaskMethodBuilder:Start(TStateMachine&)
2026/01/04 00:53:20.700 26169 29702 Info Unity VRWorkspace.ViewModels.ConnectionViewModel:ConnectAsync(String, Int32)
2026/01/04 00:53:20.700 26169 29702 Info Unity <OnConnectButtonClicked>d__71:Move
2026/01/04 00:53:20.702 26169 29702 Info Unity [PhaseProtocol] Connecting to ws://192.168.1.8:8288/signal?protocol=v2
2026/01/04 00:53:20.702 26169 29702 Info Unity VRWorkspace.Streaming.<ConnectAsync>d__90:MoveNext()
2026/01/04 00:53:20.702 26169 29702 Info Unity System.Runtime.CompilerServices.AsyncTaskMethodBuilder:Start(TStateMachine&)
2026/01/04 00:53:20.702 26169 29702 Info Unity VRWorkspace.Streaming.PhaseProtocolClient:ConnectAsync(String)
2026/01/04 00:53:20.702 26169 29702 Info Unity VRWorkspace.ViewModels.<ConnectInternalAsync>d__93:MoveNext()
2026/01/04 00:53:20.702 26169 29702 Info Unity System.Runtime.CompilerServices.AsyncTaskMethodBuilder:Start(TStateMachine&)
2026/01/04 00:53:20.702 26169 29702 Info Unity VRWorkspace.ViewModels.ConnectionViewModel:ConnectInternalAsync()
2026/01/04 00:53:20.702 26169 29702 Info Unity VRWorkspace.ViewModels.<<-ctor>b__78_0>d:MoveNext()
2026/01/04 00:53:20.702 26169 29702 Info Unity System.Runtime.CompilerServices.AsyncTaskMethodBuilder:Start(TStateMachine&)
2026/01/04 00:53:20.702 26169 29702 Info Unity VRWorkspace.ViewModels.ConnectionViewModel:<.ctor>b__78_0()
2026/01/04 00:53:20.702 26169 29702 Info Unity VRWorkspace.Core.<ExecuteAsync>d__21:MoveNext()
2026/01/04 00:53:20.702 26169 29702 Info Unity System.Runtime.CompilerServices.AsyncTaskMethodBuilder:Start(TStateMachine&)
2026/01/04 00:53:20.702 26169 29702 Info Unity VRWorkspace.Core.ObservableCommand:ExecuteAsync()
2026/01/04 00:53:20.702 26169 29702 Info Unity VRWorkspace.ViewModels.<ConnectAsync>d__79:MoveNext()
2026/01/04 00:53:20.702 26169 29702 Info Unity System.Runtime.CompilerServices.AsyncTaskMethodBuilder:Start(TStateMachine&)
2026/01/04 00:53:20.702 26169 29702 Info Unity VRWorkspace.ViewModels.ConnectionViewModel:ConnectAsync(Str
2026/01/04 00:53:20.704 26169 29702 Info Unity [StateMachine] Disconnected -> Connecting
2026/01/04 00:53:20.704 26169 29702 Info Unity VRWorkspace.Streaming.ConnectionStateMachine:TryTransition(ConnectionPhase, String)
2026/01/04 00:53:20.704 26169 29702 Info Unity VRWorkspace.Streaming.<ConnectAsync>d__90:MoveNext()
2026/01/04 00:53:20.704 26169 29702 Info Unity System.Runtime.CompilerServices.AsyncTaskMethodBuilder:Start(TStateMachine&)
2026/01/04 00:53:20.704 26169 29702 Info Unity VRWorkspace.Streaming.PhaseProtocolClient:ConnectAsync(String)
2026/01/04 00:53:20.704 26169 29702 Info Unity VRWorkspace.ViewModels.<ConnectInternalAsync>d__93:MoveNext()
2026/01/04 00:53:20.704 26169 29702 Info Unity System.Runtime.CompilerServices.AsyncTaskMethodBuilder:Start(TStateMachine&)
2026/01/04 00:53:20.704 26169 29702 Info Unity VRWorkspace.ViewModels.ConnectionViewModel:ConnectInternalAsync()
2026/01/04 00:53:20.704 26169 29702 Info Unity VRWorkspace.ViewModels.<<-ctor>b__78_0>d:MoveNext()
2026/01/04 00:53:20.704 26169 29702 Info Unity System.Runtime.CompilerServices.AsyncTaskMethodBuilder:Start(TStateMachine&)
2026/01/04 00:53:20.704 26169 29702 Info Unity VRWorkspace.ViewModels.ConnectionViewModel:<.ctor>b__78_0()
2026/01/04 00:53:20.704 26169 29702 Info Unity VRWorkspace.Core.<ExecuteAsync>d__21:MoveNext()
2026/01/04 00:53:20.704 26169 29702 Info Unity System.Runtime.CompilerServices.AsyncTaskMethodBuilder:Start(TStateMachine&)
2026/01/04 00:53:20.704 26169 29702 Info Unity VRWorkspace.Core.ObservableCommand:ExecuteAsync()
2026/01/04 00:53:20.704 26169 29702 Info Unity VRWorkspace.ViewModels.<ConnectAsync>d__79:MoveNext()
2026/01/04 00:53:20.704 26169 29702 Info Unity System.Runtime.CompilerServices.AsyncTaskMethodBuilder:Start(TStateMachine&)
2026/01/04 00:53:20.704 26169 29702 Info Unity VRWo
2026/01/04 00:53:20.842 26169 29702 Info Unity [PhaseProtocol] WebSocket connected, waiting for hardware_info
2026/01/04 00:53:20.842 26169 29702 Info Unity VRWorkspace.Streaming.<ConnectAsync>d__90:MoveNext()
2026/01/04 00:53:20.842 26169 29702 Info Unity System.Threading.ExecutionContext:RunInternal(ExecutionContext, ContextCallback, Object, Boolean)
2026/01/04 00:53:20.842 26169 29702 Info Unity System.Runtime.CompilerServices.MoveNextRunner:Run()
2026/01/04 00:53:20.842 26169 29702 Info Unity UnityEngine.WorkRequest:Invoke()
2026/01/04 00:53:20.842 26169 29702 Info Unity UnityEngine.UnitySynchronizationContext:Exec()
2026/01/04 00:53:20.843 26169 29702 Info Unity [StateMachine] Connecting -> AwaitingHardwareInfo
2026/01/04 00:53:20.843 26169 29702 Info Unity VRWorkspace.Streaming.ConnectionStateMachine:TryTransition(ConnectionPhase, String)
2026/01/04 00:53:20.843 26169 29702 Info Unity VRWorkspace.Streaming.<ConnectAsync>d__90:MoveNext()
2026/01/04 00:53:20.843 26169 29702 Info Unity System.Threading.ExecutionContext:RunInternal(ExecutionContext, ContextCallback, Object, Boolean)
2026/01/04 00:53:20.843 26169 29702 Info Unity System.Runtime.CompilerServices.MoveNextRunner:Run()
2026/01/04 00:53:20.843 26169 29702 Info Unity UnityEngine.WorkRequest:Invoke()
2026/01/04 00:53:20.843 26169 29702 Info Unity UnityEngine.UnitySynchronizationContext:Exec()
2026/01/04 00:53:21.044 26169 29702 Info Unity [PhaseProtocol] Received: {"type":"hardware_info","device":{"name":"HANGUYEN","processor":"Intel(R) Core(TM) i5-14600K","gpu":...
2026/01/04 00:53:21.044 26169 29702 Info Unity VRWorkspace.Streaming.<HandleTextMessageAsync>d__112:MoveNext()
2026/01/04 00:53:21.044 26169 29702 Info Unity System.Runtime.CompilerServices.AsyncTaskMethodBuilder:Start(TStateMachine&)
2026/01/04 00:53:21.044 26169 29702 Info Unity VRWorkspace.Streaming.PhaseProtocolClient:HandleTextMessageAsync(String)
2026/01/04 00:53:21.044 26169 29702 Info Unity VRWorkspace.Streaming.<ReceiveLoopAsync>d__111:MoveNext()
2026/01/04 00:53:21.044 26169 29702 Info Unity System.Threading.ExecutionContext:RunInternal(ExecutionContext, ContextCallback, Object, Boolean)
2026/01/04 00:53:21.044 26169 29702 Info Unity System.Runtime.CompilerServices.MoveNextRunner:Run()
2026/01/04 00:53:21.044 26169 29702 Info Unity UnityEngine.WorkRequest:Invoke()
2026/01/04 00:53:21.044 26169 29702 Info Unity UnityEngine.UnitySynchronizationContext:Exec()
2026/01/04 00:53:21.048 26169 29702 Info Unity [PhaseProtocol] Parsed type='hardware_info' from message len=590
2026/01/04 00:53:21.048 26169 29702 Info Unity VRWorkspace.Streaming.<HandleTextMessageAsync>d__112:MoveNext()
2026/01/04 00:53:21.048 26169 29702 Info Unity System.Runtime.CompilerServices.AsyncTaskMethodBuilder:Start(TStateMachine&)
2026/01/04 00:53:21.048 26169 29702 Info Unity VRWorkspace.Streaming.PhaseProtocolClient:HandleTextMessageAsync(String)
2026/01/04 00:53:21.048 26169 29702 Info Unity VRWorkspace.Streaming.<ReceiveLoopAsync>d__111:MoveNext()
2026/01/04 00:53:21.048 26169 29702 Info Unity System.Threading.ExecutionContext:RunInternal(ExecutionContext, ContextCallback, Object, Boolean)
2026/01/04 00:53:21.048 26169 29702 Info Unity System.Runtime.CompilerServices.MoveNextRunner:Run()
2026/01/04 00:53:21.048 26169 29702 Info Unity UnityEngine.WorkRequest:Invoke()
2026/01/04 00:53:21.048 26169 29702 Info Unity UnityEngine.UnitySynchronizationContext:Exec()
2026/01/04 00:53:21.049 26169 29702 Info Unity [PhaseProtocol] >>> Handling hardware_info
2026/01/04 00:53:21.049 26169 29702 Info Unity VRWorkspace.Streaming.<HandleTextMessageAsync>d__112:MoveNext()
2026/01/04 00:53:21.049 26169 29702 Info Unity System.Runtime.CompilerServices.AsyncTaskMethodBuilder:Start(TStateMachine&)
2026/01/04 00:53:21.049 26169 29702 Info Unity VRWorkspace.Streaming.PhaseProtocolClient:HandleTextMessageAsync(String)
2026/01/04 00:53:21.049 26169 29702 Info Unity VRWorkspace.Streaming.<ReceiveLoopAsync>d__111:MoveNext()
2026/01/04 00:53:21.049 26169 29702 Info Unity System.Threading.ExecutionContext:RunInternal(ExecutionContext, ContextCallback, Object, Boolean)
2026/01/04 00:53:21.049 26169 29702 Info Unity System.Runtime.CompilerServices.MoveNextRunner:Run()
2026/01/04 00:53:21.049 26169 29702 Info Unity UnityEngine.WorkRequest:Invoke()
2026/01/04 00:53:21.049 26169 29702 Info Unity UnityEngine.UnitySynchronizationContext:Exec()
2026/01/04 00:53:21.051 26169 29702 Info Unity [PhaseProtocol] Received hardware_info
2026/01/04 00:53:21.051 26169 29702 Info Unity VRWorkspace.Streaming.<HandleHardwareInfoAsync>d__121:MoveNext()
2026/01/04 00:53:21.051 26169 29702 Info Unity System.Runtime.CompilerServices.AsyncTaskMethodBuilder:Start(TStateMachine&)
2026/01/04 00:53:21.051 26169 29702 Info Unity VRWorkspace.Streaming.PhaseProtocolClient:HandleHardwareInfoAsync(SimpleJson)
2026/01/04 00:53:21.051 26169 29702 Info Unity VRWorkspace.Streaming.<HandleTextMessageAsync>d__112:MoveNext()
2026/01/04 00:53:21.051 26169 29702 Info Unity System.Runtime.CompilerServices.AsyncTaskMethodBuilder:Start(TStateMachine&)
2026/01/04 00:53:21.051 26169 29702 Info Unity VRWorkspace.Streaming.PhaseProtocolClient:HandleTextMessageAsync(String)
2026/01/04 00:53:21.051 26169 29702 Info Unity VRWorkspace.Streaming.<ReceiveLoopAsync>d__111:MoveNext()
2026/01/04 00:53:21.051 26169 29702 Info Unity System.Threading.ExecutionContext:RunInternal(ExecutionContext, ContextCallback, Object, Boolean)
2026/01/04 00:53:21.051 26169 29702 Info Unity System.Runtime.CompilerServices.MoveNextRunner:Run()
2026/01/04 00:53:21.051 26169 29702 Info Unity UnityEngine.WorkRequest:Invoke()
2026/01/04 00:53:21.051 26169 29702 Info Unity UnityEngine.UnitySynchronizationContext:Exec()
2026/01/04 00:53:21.057 26169 29702 Info Unity [PhaseProtocol] Server: HANGUYEN, GPU: AMD Radeon RX 7600 (8GB)
2026/01/04 00:53:21.057 26169 29702 Info Unity VRWorkspace.Streaming.<HandleHardwareInfoAsync>d__121:MoveNext()
2026/01/04 00:53:21.057 26169 29702 Info Unity System.Runtime.CompilerServices.AsyncTaskMethodBuilder:Start(TStateMachine&)
2026/01/04 00:53:21.057 26169 29702 Info Unity VRWorkspace.Streaming.PhaseProtocolClient:HandleHardwareInfoAsync(SimpleJson)
2026/01/04 00:53:21.057 26169 29702 Info Unity VRWorkspace.Streaming.<HandleTextMessageAsync>d__112:MoveNext()
2026/01/04 00:53:21.057 26169 29702 Info Unity System.Runtime.CompilerServices.AsyncTaskMethodBuilder:Start(TStateMachine&)
2026/01/04 00:53:21.057 26169 29702 Info Unity VRWorkspace.Streaming.PhaseProtocolClient:HandleTextMessageAsync(String)
2026/01/04 00:53:21.057 26169 29702 Info Unity VRWorkspace.Streaming.<ReceiveLoopAsync>d__111:MoveNext()
2026/01/04 00:53:21.057 26169 29702 Info Unity System.Threading.ExecutionContext:RunInternal(ExecutionContext, ContextCallback, Object, Boolean)
2026/01/04 00:53:21.057 26169 29702 Info Unity System.Runtime.CompilerServices.MoveNextRunner:Run()
2026/01/04 00:53:21.057 26169 29702 Info Unity UnityEngine.WorkRequest:Invoke()
2026/01/04 00:53:21.057 26169 29702 Info Unity UnityEngine.UnitySynchronizationContext:Exec()
2026/01/04 00:53:21.058 26169 29702 Info Unity [PhaseProtocol] Encoder: AMF, HW: True
2026/01/04 00:53:21.058 26169 29702 Info Unity VRWorkspace.Streaming.<HandleHardwareInfoAsync>d__121:MoveNext()
2026/01/04 00:53:21.058 26169 29702 Info Unity System.Runtime.CompilerServices.AsyncTaskMethodBuilder:Start(TStateMachine&)
2026/01/04 00:53:21.058 26169 29702 Info Unity VRWorkspace.Streaming.PhaseProtocolClient:HandleHardwareInfoAsync(SimpleJson)
2026/01/04 00:53:21.058 26169 29702 Info Unity VRWorkspace.Streaming.<HandleTextMessageAsync>d__112:MoveNext()
2026/01/04 00:53:21.058 26169 29702 Info Unity System.Runtime.CompilerServices.AsyncTaskMethodBuilder:Start(TStateMachine&)
2026/01/04 00:53:21.058 26169 29702 Info Unity VRWorkspace.Streaming.PhaseProtocolClient:HandleTextMessageAsync(String)
2026/01/04 00:53:21.058 26169 29702 Info Unity VRWorkspace.Streaming.<ReceiveLoopAsync>d__111:MoveNext()
2026/01/04 00:53:21.058 26169 29702 Info Unity System.Threading.ExecutionContext:RunInternal(ExecutionContext, ContextCallback, Object, Boolean)
2026/01/04 00:53:21.058 26169 29702 Info Unity System.Runtime.CompilerServices.MoveNextRunner:Run()
2026/01/04 00:53:21.058 26169 29702 Info Unity UnityEngine.WorkRequest:Invoke()
2026/01/04 00:53:21.058 26169 29702 Info Unity UnityEngine.UnitySynchronizationContext:Exec()
2026/01/04 00:53:21.059 26169 29702 Info Unity [PhaseProtocol] Server codecs: [VRWorkspace.Streaming.SimpleJson, VRWorkspace.Streaming.SimpleJson], prefers: H265, HEVC: True
2026/01/04 00:53:21.059 26169 29702 Info Unity VRWorkspace.Streaming.<HandleHardwareInfoAsync>d__121:MoveNext()
2026/01/04 00:53:21.059 26169 29702 Info Unity System.Runtime.CompilerServices.AsyncTaskMethodBuilder:Start(TStateMachine&)
2026/01/04 00:53:21.059 26169 29702 Info Unity VRWorkspace.Streaming.PhaseProtocolClient:HandleHardwareInfoAsync(SimpleJson)
2026/01/04 00:53:21.059 26169 29702 Info Unity VRWorkspace.Streaming.<HandleTextMessageAsync>d__112:MoveNext()
2026/01/04 00:53:21.059 26169 29702 Info Unity System.Runtime.CompilerServices.AsyncTaskMethodBuilder:Start(TStateMachine&)
2026/01/04 00:53:21.059 26169 29702 Info Unity VRWorkspace.Streaming.PhaseProtocolClient:HandleTextMessageAsync(String)
2026/01/04 00:53:21.059 26169 29702 Info Unity VRWorkspace.Streaming.<ReceiveLoopAsync>d__111:MoveNext()
2026/01/04 00:53:21.059 26169 29702 Info Unity System.Threading.ExecutionContext:RunInternal(ExecutionContext, ContextCallback, Object, Boolean)
2026/01/04 00:53:21.059 26169 29702 Info Unity System.Runtime.CompilerServices.MoveNextRunner:Run()
2026/01/04 00:53:21.059 26169 29702 Info Unity UnityEngine.WorkRequest:Invoke()
2026/01/04 00:53:21.059 26169 29702 Info Unity UnityEngine.UnitySynchronizationContext:Exec()
2026/01/04 00:53:21.060 26169 29702 Info Unity [RTTRemoteMenu] HandleHardwareInfoReceived called, info null: False, panel null: False
2026/01/04 00:53:21.060 26169 29702 Info Unity RTTRemoteMenu:HandleHardwareInfoReceived(ServerHardwareInfo)
2026/01/04 00:53:21.060 26169 29702 Info Unity VRWorkspace.Core.MainThreadDispatcher:Enqueue(Action)
2026/01/04 00:53:21.060 26169 29702 Info Unity VRWorkspace.Core.ObservableProperty`1:set_Value(T)
2026/01/04 00:53:21.060 26169 29702 Info Unity VRWorkspace.ViewModels.<>c__DisplayClass94_0:<SubscribeToEvents>b__0(ServerHardwareInfo)
2026/01/04 00:53:21.060 26169 29702 Info Unity VRWorkspace.Streaming.<HandleHardwareInfoAsync>d__121:MoveNext()
2026/01/04 00:53:21.060 26169 29702 Info Unity System.Runtime.CompilerServices.AsyncTaskMethodBuilder:Start(TStateMachine&)
2026/01/04 00:53:21.060 26169 29702 Info Unity VRWorkspace.Streaming.PhaseProtocolClient:HandleHardwareInfoAsync(SimpleJson)
2026/01/04 00:53:21.060 26169 29702 Info Unity VRWorkspace.Streaming.<HandleTextMessageAsync>d__112:MoveNext()
2026/01/04 00:53:21.060 26169 29702 Info Unity System.Runtime.CompilerServices.AsyncTaskMethodBuilder:Start(TStateMachine&)
2026/01/04 00:53:21.060 26169 29702 Info Unity VRWorkspace.Streaming.PhaseProtocolClient:HandleTextMessageAsync(String)
2026/01/04 00:53:21.060 26169 29702 Info Unity VRWorkspace.Streaming.<ReceiveLoopAsync>d__111:MoveNext()
2026/01/04 00:53:21.060 26169 29702 Info Unity System.Threading.ExecutionContext:RunInternal(ExecutionContext, ContextCallback, Object, Boolean)
2026/01/04 00:53:21.060 26169 29702 Info Unity System.Runtime.CompilerServices.MoveNextRunner:Run()
2026/01/04 00:53:21.060 26169 29702 Info Unity UnityEngine.WorkRequest:Invoke()
2026/01/04 00:53:21.060 26169 29702 Info Unity Unity
2026/01/04 00:53:21.061 26169 29702 Info Unity [RTTRemoteMenu] EnsureBothPanelsVisible: Showing hardware frame
2026/01/04 00:53:21.061 26169 29702 Info Unity RTTRemoteMenu:EnsureBothPanelsVisible()
2026/01/04 00:53:21.061 26169 29702 Info Unity RTTRemoteMenu:HandleHardwareInfoReceived(ServerHardwareInfo)
2026/01/04 00:53:21.061 26169 29702 Info Unity VRWorkspace.Core.MainThreadDispatcher:Enqueue(Action)
2026/01/04 00:53:21.061 26169 29702 Info Unity VRWorkspace.Core.ObservableProperty`1:set_Value(T)
2026/01/04 00:53:21.061 26169 29702 Info Unity VRWorkspace.ViewModels.<>c__DisplayClass94_0:<SubscribeToEvents>b__0(ServerHardwareInfo)
2026/01/04 00:53:21.061 26169 29702 Info Unity VRWorkspace.Streaming.<HandleHardwareInfoAsync>d__121:MoveNext()
2026/01/04 00:53:21.061 26169 29702 Info Unity System.Runtime.CompilerServices.AsyncTaskMethodBuilder:Start(TStateMachine&)
2026/01/04 00:53:21.061 26169 29702 Info Unity VRWorkspace.Streaming.PhaseProtocolClient:HandleHardwareInfoAsync(SimpleJson)
2026/01/04 00:53:21.061 26169 29702 Info Unity VRWorkspace.Streaming.<HandleTextMessageAsync>d__112:MoveNext()
2026/01/04 00:53:21.061 26169 29702 Info Unity System.Runtime.CompilerServices.AsyncTaskMethodBuilder:Start(TStateMachine&)
2026/01/04 00:53:21.061 26169 29702 Info Unity VRWorkspace.Streaming.PhaseProtocolClient:HandleTextMessageAsync(String)
2026/01/04 00:53:21.061 26169 29702 Info Unity VRWorkspace.Streaming.<ReceiveLoopAsync>d__111:MoveNext()
2026/01/04 00:53:21.061 26169 29702 Info Unity System.Threading.ExecutionContext:RunInternal(ExecutionContext, ContextCallback, Object, Boolean)
2026/01/04 00:53:21.061 26169 29702 Info Unity System.Runtime.CompilerServices.MoveNextRunner:Run()
2026/01/04 00:53:21.061 26169 29702 Info Unity UnityEngine.WorkReque
2026/01/04 00:53:21.066 26169 29702 Info Unity [RTTInfoSidePanel] SetHardwareInfo: HANGUYEN
2026/01/04 00:53:21.066 26169 29702 Info Unity RTTInfoSidePanel:SetHardwareInfo(ServerHardwareInfo)
2026/01/04 00:53:21.066 26169 29702 Info Unity RTTRemoteMenu:EnsureBothPanelsVisible()
2026/01/04 00:53:21.066 26169 29702 Info Unity RTTRemoteMenu:HandleHardwareInfoReceived(ServerHardwareInfo)
2026/01/04 00:53:21.066 26169 29702 Info Unity VRWorkspace.Core.MainThreadDispatcher:Enqueue(Action)
2026/01/04 00:53:21.066 26169 29702 Info Unity VRWorkspace.Core.ObservableProperty`1:set_Value(T)
2026/01/04 00:53:21.066 26169 29702 Info Unity VRWorkspace.ViewModels.<>c__DisplayClass94_0:<SubscribeToEvents>b__0(ServerHardwareInfo)
2026/01/04 00:53:21.066 26169 29702 Info Unity VRWorkspace.Streaming.<HandleHardwareInfoAsync>d__121:MoveNext()
2026/01/04 00:53:21.066 26169 29702 Info Unity System.Runtime.CompilerServices.AsyncTaskMethodBuilder:Start(TStateMachine&)
2026/01/04 00:53:21.066 26169 29702 Info Unity VRWorkspace.Streaming.PhaseProtocolClient:HandleHardwareInfoAsync(SimpleJson)
2026/01/04 00:53:21.066 26169 29702 Info Unity VRWorkspace.Streaming.<HandleTextMessageAsync>d__112:MoveNext()
2026/01/04 00:53:21.066 26169 29702 Info Unity System.Runtime.CompilerServices.AsyncTaskMethodBuilder:Start(TStateMachine&)
2026/01/04 00:53:21.066 26169 29702 Info Unity VRWorkspace.Streaming.PhaseProtocolClient:HandleTextMessageAsync(String)
2026/01/04 00:53:21.066 26169 29702 Info Unity VRWorkspace.Streaming.<ReceiveLoopAsync>d__111:MoveNext()
2026/01/04 00:53:21.066 26169 29702 Info Unity System.Threading.ExecutionContext:RunInternal(ExecutionContext, ContextCallback, Object, Boolean)
2026/01/04 00:53:21.066 26169 29702 Info Unity System.Runtime.CompilerServices.MoveNext
2026/01/04 00:53:21.067 26169 29702 Info Unity [RTTRemoteMenu] EnsureBothPanelsVisible: Showing network frame
2026/01/04 00:53:21.067 26169 29702 Info Unity RTTRemoteMenu:EnsureBothPanelsVisible()
2026/01/04 00:53:21.067 26169 29702 Info Unity RTTRemoteMenu:HandleHardwareInfoReceived(ServerHardwareInfo)
2026/01/04 00:53:21.067 26169 29702 Info Unity VRWorkspace.Core.MainThreadDispatcher:Enqueue(Action)
2026/01/04 00:53:21.067 26169 29702 Info Unity VRWorkspace.Core.ObservableProperty`1:set_Value(T)
2026/01/04 00:53:21.067 26169 29702 Info Unity VRWorkspace.ViewModels.<>c__DisplayClass94_0:<SubscribeToEvents>b__0(ServerHardwareInfo)
2026/01/04 00:53:21.067 26169 29702 Info Unity VRWorkspace.Streaming.<HandleHardwareInfoAsync>d__121:MoveNext()
2026/01/04 00:53:21.067 26169 29702 Info Unity System.Runtime.CompilerServices.AsyncTaskMethodBuilder:Start(TStateMachine&)
2026/01/04 00:53:21.067 26169 29702 Info Unity VRWorkspace.Streaming.PhaseProtocolClient:HandleHardwareInfoAsync(SimpleJson)
2026/01/04 00:53:21.067 26169 29702 Info Unity VRWorkspace.Streaming.<HandleTextMessageAsync>d__112:MoveNext()
2026/01/04 00:53:21.067 26169 29702 Info Unity System.Runtime.CompilerServices.AsyncTaskMethodBuilder:Start(TStateMachine&)
2026/01/04 00:53:21.067 26169 29702 Info Unity VRWorkspace.Streaming.PhaseProtocolClient:HandleTextMessageAsync(String)
2026/01/04 00:53:21.067 26169 29702 Info Unity VRWorkspace.Streaming.<ReceiveLoopAsync>d__111:MoveNext()
2026/01/04 00:53:21.067 26169 29702 Info Unity System.Threading.ExecutionContext:RunInternal(ExecutionContext, ContextCallback, Object, Boolean)
2026/01/04 00:53:21.067 26169 29702 Info Unity System.Runtime.CompilerServices.MoveNextRunner:Run()
2026/01/04 00:53:21.067 26169 29702 Info Unity UnityEngine.WorkReques
2026/01/04 00:53:21.070 26169 29702 Info Unity [RTTInfoSidePanel] ShowSpeedTestLoadingState called for NetworkInfo, _isBuilt=True
2026/01/04 00:53:21.070 26169 29702 Info Unity RTTInfoSidePanel:ShowSpeedTestLoadingState()
2026/01/04 00:53:21.070 26169 29702 Info Unity RTTRemoteMenu:HandleHardwareInfoReceived(ServerHardwareInfo)
2026/01/04 00:53:21.070 26169 29702 Info Unity VRWorkspace.Core.MainThreadDispatcher:Enqueue(Action)
2026/01/04 00:53:21.070 26169 29702 Info Unity VRWorkspace.Core.ObservableProperty`1:set_Value(T)
2026/01/04 00:53:21.070 26169 29702 Info Unity VRWorkspace.ViewModels.<>c__DisplayClass94_0:<SubscribeToEvents>b__0(ServerHardwareInfo)
2026/01/04 00:53:21.070 26169 29702 Info Unity VRWorkspace.Streaming.<HandleHardwareInfoAsync>d__121:MoveNext()
2026/01/04 00:53:21.070 26169 29702 Info Unity System.Runtime.CompilerServices.AsyncTaskMethodBuilder:Start(TStateMachine&)
2026/01/04 00:53:21.070 26169 29702 Info Unity VRWorkspace.Streaming.PhaseProtocolClient:HandleHardwareInfoAsync(SimpleJson)
2026/01/04 00:53:21.070 26169 29702 Info Unity VRWorkspace.Streaming.<HandleTextMessageAsync>d__112:MoveNext()
2026/01/04 00:53:21.070 26169 29702 Info Unity System.Runtime.CompilerServices.AsyncTaskMethodBuilder:Start(TStateMachine&)
2026/01/04 00:53:21.070 26169 29702 Info Unity VRWorkspace.Streaming.PhaseProtocolClient:HandleTextMessageAsync(String)
2026/01/04 00:53:21.070 26169 29702 Info Unity VRWorkspace.Streaming.<ReceiveLoopAsync>d__111:MoveNext()
2026/01/04 00:53:21.070 26169 29702 Info Unity System.Threading.ExecutionContext:RunInternal(ExecutionContext, ContextCallback, Object, Boolean)
2026/01/04 00:53:21.070 26169 29702 Info Unity System.Runtime.CompilerServices.MoveNextRunner:Run
2026/01/04 00:53:21.075 26169 29702 Info Unity [RTTInfoSidePanel] SetHardwareInfo: HANGUYEN
2026/01/04 00:53:21.075 26169 29702 Info Unity RTTInfoSidePanel:SetHardwareInfo(ServerHardwareInfo)
2026/01/04 00:53:21.075 26169 29702 Info Unity RTTRemoteMenu:HandleHardwareInfoReceived(ServerHardwareInfo)
2026/01/04 00:53:21.075 26169 29702 Info Unity VRWorkspace.Core.MainThreadDispatcher:Enqueue(Action)
2026/01/04 00:53:21.075 26169 29702 Info Unity VRWorkspace.Core.ObservableProperty`1:set_Value(T)
2026/01/04 00:53:21.075 26169 29702 Info Unity VRWorkspace.ViewModels.<>c__DisplayClass94_0:<SubscribeToEvents>b__0(ServerHardwareInfo)
2026/01/04 00:53:21.075 26169 29702 Info Unity VRWorkspace.Streaming.<HandleHardwareInfoAsync>d__121:MoveNext()
2026/01/04 00:53:21.075 26169 29702 Info Unity System.Runtime.CompilerServices.AsyncTaskMethodBuilder:Start(TStateMachine&)
2026/01/04 00:53:21.075 26169 29702 Info Unity VRWorkspace.Streaming.PhaseProtocolClient:HandleHardwareInfoAsync(SimpleJson)
2026/01/04 00:53:21.075 26169 29702 Info Unity VRWorkspace.Streaming.<HandleTextMessageAsync>d__112:MoveNext()
2026/01/04 00:53:21.075 26169 29702 Info Unity System.Runtime.CompilerServices.AsyncTaskMethodBuilder:Start(TStateMachine&)
2026/01/04 00:53:21.075 26169 29702 Info Unity VRWorkspace.Streaming.PhaseProtocolClient:HandleTextMessageAsync(String)
2026/01/04 00:53:21.075 26169 29702 Info Unity VRWorkspace.Streaming.<ReceiveLoopAsync>d__111:MoveNext()
2026/01/04 00:53:21.075 26169 29702 Info Unity System.Threading.ExecutionContext:RunInternal(ExecutionContext, ContextCallback, Object, Boolean)
2026/01/04 00:53:21.075 26169 29702 Info Unity System.Runtime.CompilerServices.MoveNextRunner:Run()
2026/01/04 00:53:21.075 26169 29702 Info Unity UnityEngine.WorkRequest:Inv
2026/01/04 00:53:21.076 26169 29702 Info Unity [RTTRemoteMenu] Updated hardware info panel: HANGUYEN
2026/01/04 00:53:21.076 26169 29702 Info Unity RTTRemoteMenu:HandleHardwareInfoReceived(ServerHardwareInfo)
2026/01/04 00:53:21.076 26169 29702 Info Unity VRWorkspace.Core.MainThreadDispatcher:Enqueue(Action)
2026/01/04 00:53:21.076 26169 29702 Info Unity VRWorkspace.Core.ObservableProperty`1:set_Value(T)
2026/01/04 00:53:21.076 26169 29702 Info Unity VRWorkspace.ViewModels.<>c__DisplayClass94_0:<SubscribeToEvents>b__0(ServerHardwareInfo)
2026/01/04 00:53:21.076 26169 29702 Info Unity VRWorkspace.Streaming.<HandleHardwareInfoAsync>d__121:MoveNext()
2026/01/04 00:53:21.076 26169 29702 Info Unity System.Runtime.CompilerServices.AsyncTaskMethodBuilder:Start(TStateMachine&)
2026/01/04 00:53:21.076 26169 29702 Info Unity VRWorkspace.Streaming.PhaseProtocolClient:HandleHardwareInfoAsync(SimpleJson)
2026/01/04 00:53:21.076 26169 29702 Info Unity VRWorkspace.Streaming.<HandleTextMessageAsync>d__112:MoveNext()
2026/01/04 00:53:21.076 26169 29702 Info Unity System.Runtime.CompilerServices.AsyncTaskMethodBuilder:Start(TStateMachine&)
2026/01/04 00:53:21.076 26169 29702 Info Unity VRWorkspace.Streaming.PhaseProtocolClient:HandleTextMessageAsync(String)
2026/01/04 00:53:21.076 26169 29702 Info Unity VRWorkspace.Streaming.<ReceiveLoopAsync>d__111:MoveNext()
2026/01/04 00:53:21.076 26169 29702 Info Unity System.Threading.ExecutionContext:RunInternal(ExecutionContext, ContextCallback, Object, Boolean)
2026/01/04 00:53:21.076 26169 29702 Info Unity System.Runtime.CompilerServices.MoveNextRunner:Run()
2026/01/04 00:53:21.076 26169 29702 Info Unity UnityEngine.WorkRequest:Invoke()
2026/01/04 00:53:21.076 26169 29702 Info Unity UnityEngine.UnitySynchronizationContex
2026/01/04 00:53:21.077 26169 29702 Info Unity [RTTRemoteMenu] HandlePhaseChanged: Connecting -> SpeedTesting
2026/01/04 00:53:21.077 26169 29702 Info Unity RTTRemoteMenu:HandlePhaseChanged(ConnectionPhase)
2026/01/04 00:53:21.077 26169 29702 Info Unity VRWorkspace.Core.MainThreadDispatcher:Enqueue(Action)
2026/01/04 00:53:21.077 26169 29702 Info Unity VRWorkspace.Core.ObservableProperty`1:set_Value(T)
2026/01/04 00:53:21.077 26169 29702 Info Unity VRWorkspace.Streaming.<HandleHardwareInfoAsync>d__121:MoveNext()
2026/01/04 00:53:21.077 26169 29702 Info Unity System.Runtime.CompilerServices.AsyncTaskMethodBuilder:Start(TStateMachine&)
2026/01/04 00:53:21.077 26169 29702 Info Unity VRWorkspace.Streaming.PhaseProtocolClient:HandleHardwareInfoAsync(SimpleJson)
2026/01/04 00:53:21.077 26169 29702 Info Unity VRWorkspace.Streaming.<HandleTextMessageAsync>d__112:MoveNext()
2026/01/04 00:53:21.077 26169 29702 Info Unity System.Runtime.CompilerServices.AsyncTaskMethodBuilder:Start(TStateMachine&)
2026/01/04 00:53:21.077 26169 29702 Info Unity VRWorkspace.Streaming.PhaseProtocolClient:HandleTextMessageAsync(String)
2026/01/04 00:53:21.077 26169 29702 Info Unity VRWorkspace.Streaming.<ReceiveLoopAsync>d__111:MoveNext()
2026/01/04 00:53:21.077 26169 29702 Info Unity System.Threading.ExecutionContext:RunInternal(ExecutionContext, ContextCallback, Object, Boolean)
2026/01/04 00:53:21.077 26169 29702 Info Unity System.Runtime.CompilerServices.MoveNextRunner:Run()
2026/01/04 00:53:21.077 26169 29702 Info Unity UnityEngine.WorkRequest:Invoke()
2026/01/04 00:53:21.077 26169 29702 Info Unity UnityEngine.UnitySynchronizationContext:Exec()
2026/01/04 00:53:21.078 26169 29702 Info Unity [PhaseProtocol] Getting client codec capabilities...
2026/01/04 00:53:21.078 26169 29702 Info Unity VRWorkspace.Streaming.<HandleHardwareInfoAsync>d__121:MoveNext()
2026/01/04 00:53:21.078 26169 29702 Info Unity System.Runtime.CompilerServices.AsyncTaskMethodBuilder:Start(TStateMachine&)
2026/01/04 00:53:21.078 26169 29702 Info Unity VRWorkspace.Streaming.PhaseProtocolClient:HandleHardwareInfoAsync(SimpleJson)
2026/01/04 00:53:21.078 26169 29702 Info Unity VRWorkspace.Streaming.<HandleTextMessageAsync>d__112:MoveNext()
2026/01/04 00:53:21.078 26169 29702 Info Unity System.Runtime.CompilerServices.AsyncTaskMethodBuilder:Start(TStateMachine&)
2026/01/04 00:53:21.078 26169 29702 Info Unity VRWorkspace.Streaming.PhaseProtocolClient:HandleTextMessageAsync(String)
2026/01/04 00:53:21.078 26169 29702 Info Unity VRWorkspace.Streaming.<ReceiveLoopAsync>d__111:MoveNext()
2026/01/04 00:53:21.078 26169 29702 Info Unity System.Threading.ExecutionContext:RunInternal(ExecutionContext, ContextCallback, Object, Boolean)
2026/01/04 00:53:21.078 26169 29702 Info Unity System.Runtime.CompilerServices.MoveNextRunner:Run()
2026/01/04 00:53:21.078 26169 29702 Info Unity UnityEngine.WorkRequest:Invoke()
2026/01/04 00:53:21.078 26169 29702 Info Unity UnityEngine.UnitySynchronizationContext:Exec()
2026/01/04 00:53:21.080 26169 29702 Info Unity [PhaseProtocol] Android API level: 35, device: vivo V2352GA
2026/01/04 00:53:21.080 26169 29702 Info Unity VRWorkspace.Streaming.PhaseProtocolClient:GetClientCodecCapability()
2026/01/04 00:53:21.080 26169 29702 Info Unity VRWorkspace.Streaming.<HandleHardwareInfoAsync>d__121:MoveNext()
2026/01/04 00:53:21.080 26169 29702 Info Unity System.Runtime.CompilerServices.AsyncTaskMethodBuilder:Start(TStateMachine&)
2026/01/04 00:53:21.080 26169 29702 Info Unity VRWorkspace.Streaming.PhaseProtocolClient:HandleHardwareInfoAsync(SimpleJson)
2026/01/04 00:53:21.080 26169 29702 Info Unity VRWorkspace.Streaming.<HandleTextMessageAsync>d__112:MoveNext()
2026/01/04 00:53:21.080 26169 29702 Info Unity System.Runtime.CompilerServices.AsyncTaskMethodBuilder:Start(TStateMachine&)
2026/01/04 00:53:21.080 26169 29702 Info Unity VRWorkspace.Streaming.PhaseProtocolClient:HandleTextMessageAsync(String)
2026/01/04 00:53:21.080 26169 29702 Info Unity VRWorkspace.Streaming.<ReceiveLoopAsync>d__111:MoveNext()
2026/01/04 00:53:21.080 26169 29702 Info Unity System.Threading.ExecutionContext:RunInternal(ExecutionContext, ContextCallback, Object, Boolean)
2026/01/04 00:53:21.080 26169 29702 Info Unity System.Runtime.CompilerServices.MoveNextRunner:Run()
2026/01/04 00:53:21.080 26169 29702 Info Unity UnityEngine.WorkRequest:Invoke()
2026/01/04 00:53:21.080 26169 29702 Info Unity UnityEngine.UnitySynchronizationContext:Exec()
2026/01/04 00:53:21.131 26169 29702 Info Unity [PhaseProtocol] HevcDecoderPlugin.IsAvailable() = True (not used by WebRTC)
2026/01/04 00:53:21.131 26169 29702 Info Unity VRWorkspace.Streaming.PhaseProtocolClient:GetClientCodecCapability()
2026/01/04 00:53:21.131 26169 29702 Info Unity VRWorkspace.Streaming.<HandleHardwareInfoAsync>d__121:MoveNext()
2026/01/04 00:53:21.131 26169 29702 Info Unity System.Runtime.CompilerServices.AsyncTaskMethodBuilder:Start(TStateMachine&)
2026/01/04 00:53:21.131 26169 29702 Info Unity VRWorkspace.Streaming.PhaseProtocolClient:HandleHardwareInfoAsync(SimpleJson)
2026/01/04 00:53:21.131 26169 29702 Info Unity VRWorkspace.Streaming.<HandleTextMessageAsync>d__112:MoveNext()
2026/01/04 00:53:21.131 26169 29702 Info Unity System.Runtime.CompilerServices.AsyncTaskMethodBuilder:Start(TStateMachine&)
2026/01/04 00:53:21.131 26169 29702 Info Unity VRWorkspace.Streaming.PhaseProtocolClient:HandleTextMessageAsync(String)
2026/01/04 00:53:21.131 26169 29702 Info Unity VRWorkspace.Streaming.<ReceiveLoopAsync>d__111:MoveNext()
2026/01/04 00:53:21.131 26169 29702 Info Unity System.Threading.ExecutionContext:RunInternal(ExecutionContext, ContextCallback, Object, Boolean)
2026/01/04 00:53:21.131 26169 29702 Info Unity System.Runtime.CompilerServices.MoveNextRunner:Run()
2026/01/04 00:53:21.131 26169 29702 Info Unity UnityEngine.WorkRequest:Invoke()
2026/01/04 00:53:21.131 26169 29702 Info Unity UnityEngine.UnitySynchronizationContext:Exec()
2026/01/04 00:53:21.132 26169 29702 Info Unity [PhaseProtocol] Client codecs: H264, VP9, VP8 (Unity WebRTC native). MediaCodec HEVC=True
2026/01/04 00:53:21.132 26169 29702 Info Unity VRWorkspace.Streaming.PhaseProtocolClient:GetClientCodecCapability()
2026/01/04 00:53:21.132 26169 29702 Info Unity VRWorkspace.Streaming.<HandleHardwareInfoAsync>d__121:MoveNext()
2026/01/04 00:53:21.132 26169 29702 Info Unity System.Runtime.CompilerServices.AsyncTaskMethodBuilder:Start(TStateMachine&)
2026/01/04 00:53:21.132 26169 29702 Info Unity VRWorkspace.Streaming.PhaseProtocolClient:HandleHardwareInfoAsync(SimpleJson)
2026/01/04 00:53:21.132 26169 29702 Info Unity VRWorkspace.Streaming.<HandleTextMessageAsync>d__112:MoveNext()
2026/01/04 00:53:21.132 26169 29702 Info Unity System.Runtime.CompilerServices.AsyncTaskMethodBuilder:Start(TStateMachine&)
2026/01/04 00:53:21.132 26169 29702 Info Unity VRWorkspace.Streaming.PhaseProtocolClient:HandleTextMessageAsync(String)
2026/01/04 00:53:21.132 26169 29702 Info Unity VRWorkspace.Streaming.<ReceiveLoopAsync>d__111:MoveNext()
2026/01/04 00:53:21.132 26169 29702 Info Unity System.Threading.ExecutionContext:RunInternal(ExecutionContext, ContextCallback, Object, Boolean)
2026/01/04 00:53:21.132 26169 29702 Info Unity System.Runtime.CompilerServices.MoveNextRunner:Run()
2026/01/04 00:53:21.132 26169 29702 Info Unity UnityEngine.WorkRequest:Invoke()
2026/01/04 00:53:21.132 26169 29702 Info Unity UnityEngine.UnitySynchronizationContext:Exec()
2026/01/04 00:53:21.133 26169 29702 Info Unity [PhaseProtocol] Client codecs: [H264, VP9, VP8], prefers: H264, HEVC: False
2026/01/04 00:53:21.133 26169 29702 Info Unity VRWorkspace.Streaming.<HandleHardwareInfoAsync>d__121:MoveNext()
2026/01/04 00:53:21.133 26169 29702 Info Unity System.Runtime.CompilerServices.AsyncTaskMethodBuilder:Start(TStateMachine&)
2026/01/04 00:53:21.133 26169 29702 Info Unity VRWorkspace.Streaming.PhaseProtocolClient:HandleHardwareInfoAsync(SimpleJson)
2026/01/04 00:53:21.133 26169 29702 Info Unity VRWorkspace.Streaming.<HandleTextMessageAsync>d__112:MoveNext()
2026/01/04 00:53:21.133 26169 29702 Info Unity System.Runtime.CompilerServices.AsyncTaskMethodBuilder:Start(TStateMachine&)
2026/01/04 00:53:21.133 26169 29702 Info Unity VRWorkspace.Streaming.PhaseProtocolClient:HandleTextMessageAsync(String)
2026/01/04 00:53:21.133 26169 29702 Info Unity VRWorkspace.Streaming.<ReceiveLoopAsync>d__111:MoveNext()
2026/01/04 00:53:21.133 26169 29702 Info Unity System.Threading.ExecutionContext:RunInternal(ExecutionContext, ContextCallback, Object, Boolean)
2026/01/04 00:53:21.133 26169 29702 Info Unity System.Runtime.CompilerServices.MoveNextRunner:Run()
2026/01/04 00:53:21.133 26169 29702 Info Unity UnityEngine.WorkRequest:Invoke()
2026/01/04 00:53:21.133 26169 29702 Info Unity UnityEngine.UnitySynchronizationContext:Exec()
2026/01/04 00:53:21.133 26169 29702 Info Unity [PhaseProtocol] Sending hardware_info_ack with codec capabilities
2026/01/04 00:53:21.133 26169 29702 Info Unity VRWorkspace.Streaming.<HandleHardwareInfoAsync>d__121:MoveNext()
2026/01/04 00:53:21.133 26169 29702 Info Unity System.Runtime.CompilerServices.AsyncTaskMethodBuilder:Start(TStateMachine&)
2026/01/04 00:53:21.133 26169 29702 Info Unity VRWorkspace.Streaming.PhaseProtocolClient:HandleHardwareInfoAsync(SimpleJson)
2026/01/04 00:53:21.133 26169 29702 Info Unity VRWorkspace.Streaming.<HandleTextMessageAsync>d__112:MoveNext()
2026/01/04 00:53:21.133 26169 29702 Info Unity System.Runtime.CompilerServices.AsyncTaskMethodBuilder:Start(TStateMachine&)
2026/01/04 00:53:21.133 26169 29702 Info Unity VRWorkspace.Streaming.PhaseProtocolClient:HandleTextMessageAsync(String)
2026/01/04 00:53:21.133 26169 29702 Info Unity VRWorkspace.Streaming.<ReceiveLoopAsync>d__111:MoveNext()
2026/01/04 00:53:21.133 26169 29702 Info Unity System.Threading.ExecutionContext:RunInternal(ExecutionContext, ContextCallback, Object, Boolean)
2026/01/04 00:53:21.133 26169 29702 Info Unity System.Runtime.CompilerServices.MoveNextRunner:Run()
2026/01/04 00:53:21.133 26169 29702 Info Unity UnityEngine.WorkRequest:Invoke()
2026/01/04 00:53:21.133 26169 29702 Info Unity UnityEngine.UnitySynchronizationContext:Exec()
2026/01/04 00:53:21.135 26169 29702 Info Unity [PhaseProtocol] hardware_info_ack JSON: {"type":"hardware_info_ack","clientCodecs":{"supportedCodecs":["H264","VP9","VP8"],"preferredCodec":"H264","supportsHevc":false,"deviceModel":"vivo V2352GA","apiLevel":35}}
2026/01/04 00:53:21.135 26169 29702 Info Unity VRWorkspace.Streaming.<HandleHardwareInfoAsync>d__121:MoveNext()
2026/01/04 00:53:21.135 26169 29702 Info Unity System.Runtime.CompilerServices.AsyncTaskMethodBuilder:Start(TStateMachine&)
2026/01/04 00:53:21.135 26169 29702 Info Unity VRWorkspace.Streaming.PhaseProtocolClient:HandleHardwareInfoAsync(SimpleJson)
2026/01/04 00:53:21.135 26169 29702 Info Unity VRWorkspace.Streaming.<HandleTextMessageAsync>d__112:MoveNext()
2026/01/04 00:53:21.135 26169 29702 Info Unity System.Runtime.CompilerServices.AsyncTaskMethodBuilder:Start(TStateMachine&)
2026/01/04 00:53:21.135 26169 29702 Info Unity VRWorkspace.Streaming.PhaseProtocolClient:HandleTextMessageAsync(String)
2026/01/04 00:53:21.135 26169 29702 Info Unity VRWorkspace.Streaming.<ReceiveLoopAsync>d__111:MoveNext()
2026/01/04 00:53:21.135 26169 29702 Info Unity System.Threading.ExecutionContext:RunInternal(ExecutionContext, ContextCallback, Object, Boolean)
2026/01/04 00:53:21.135 26169 29702 Info Unity System.Runtime.CompilerServices.MoveNextRunner:Run()
2026/01/04 00:53:21.135 26169 29702 Info Unity UnityEngine.WorkRequest:Invoke()
2026/01/04 00:53:21.135 26169 29702 Info Unity UnityEngine.UnitySynchronizationContext:Exec()
2026/01/04 00:53:21.156 26169 29702 Info Unity [PhaseProtocol] hardware_info_ack sent successfully
2026/01/04 00:53:21.156 26169 29702 Info Unity VRWorkspace.Streaming.<HandleHardwareInfoAsync>d__121:MoveNext()
2026/01/04 00:53:21.156 26169 29702 Info Unity System.Threading.ExecutionContext:RunInternal(ExecutionContext, ContextCallback, Object, Boolean)
2026/01/04 00:53:21.156 26169 29702 Info Unity System.Runtime.CompilerServices.MoveNextRunner:Run()
2026/01/04 00:53:21.156 26169 29702 Info Unity System.Threading.Tasks.AwaitTaskContinuation:RunCallback(ContextCallback, Object, Task&)
2026/01/04 00:53:21.156 26169 29702 Info Unity System.Threading.Tasks.Task:FinishContinuations()
2026/01/04 00:53:21.156 26169 29702 Info Unity System.Threading.Tasks.Task`1:TrySetResult(TResult)
2026/01/04 00:53:21.156 26169 29702 Info Unity System.Runtime.CompilerServices.AsyncTaskMethodBuilder`1:SetResult(TResult)
2026/01/04 00:53:21.156 26169 29702 Info Unity VRWorkspace.Streaming.<SendTextAsync>d__159:MoveNext()
2026/01/04 00:53:21.156 26169 29702 Info Unity System.Threading.ExecutionContext:RunInternal(ExecutionContext, ContextCallback, Object, Boolean)
2026/01/04 00:53:21.156 26169 29702 Info Unity System.Runtime.CompilerServices.MoveNextRunner:Run()
2026/01/04 00:53:21.156 26169 29702 Info Unity UnityEngine.WorkRequest:Invoke()
2026/01/04 00:53:21.156 26169 29702 Info Unity UnityEngine.UnitySynchronizationContext:Exec()
2026/01/04 00:53:21.157 26169 29702 Info Unity [StateMachine] AwaitingHardwareInfo -> SpeedTesting
2026/01/04 00:53:21.157 26169 29702 Info Unity VRWorkspace.Streaming.ConnectionStateMachine:TryTransition(ConnectionPhase, String)
2026/01/04 00:53:21.157 26169 29702 Info Unity VRWorkspace.Streaming.<HandleHardwareInfoAsync>d__121:MoveNext()
2026/01/04 00:53:21.157 26169 29702 Info Unity System.Threading.ExecutionContext:RunInternal(ExecutionContext, ContextCallback, Object, Boolean)
2026/01/04 00:53:21.157 26169 29702 Info Unity System.Runtime.CompilerServices.MoveNextRunner:Run()
2026/01/04 00:53:21.157 26169 29702 Info Unity System.Threading.Tasks.AwaitTaskContinuation:RunCallback(ContextCallback, Object, Task&)
2026/01/04 00:53:21.157 26169 29702 Info Unity System.Threading.Tasks.Task:FinishContinuations()
2026/01/04 00:53:21.157 26169 29702 Info Unity System.Threading.Tasks.Task`1:TrySetResult(TResult)
2026/01/04 00:53:21.157 26169 29702 Info Unity System.Runtime.CompilerServices.AsyncTaskMethodBuilder`1:SetResult(TResult)
2026/01/04 00:53:21.157 26169 29702 Info Unity VRWorkspace.Streaming.<SendTextAsync>d__159:MoveNext()
2026/01/04 00:53:21.157 26169 29702 Info Unity System.Threading.ExecutionContext:RunInternal(ExecutionContext, ContextCallback, Object, Boolean)
2026/01/04 00:53:21.157 26169 29702 Info Unity System.Runtime.CompilerServices.MoveNextRunner:Run()
2026/01/04 00:53:21.157 26169 29702 Info Unity UnityEngine.WorkRequest:Invoke()
2026/01/04 00:53:21.157 26169 29702 Info Unity UnityEngine.UnitySynchronizationContext:Exec()
2026/01/04 00:53:21.158 26169 29702 Info Unity [PhaseProtocol] Starting client-initiated speed test (non-blocking)...
2026/01/04 00:53:21.158 26169 29702 Info Unity VRWorkspace.Streaming.<HandleHardwareInfoAsync>d__121:MoveNext()
2026/01/04 00:53:21.158 26169 29702 Info Unity System.Threading.ExecutionContext:RunInternal(ExecutionContext, ContextCallback, Object, Boolean)
2026/01/04 00:53:21.158 26169 29702 Info Unity System.Runtime.CompilerServices.MoveNextRunner:Run()
2026/01/04 00:53:21.158 26169 29702 Info Unity System.Threading.Tasks.AwaitTaskContinuation:RunCallback(ContextCallback, Object, Task&)
2026/01/04 00:53:21.158 26169 29702 Info Unity System.Threading.Tasks.Task:FinishContinuations()
2026/01/04 00:53:21.158 26169 29702 Info Unity System.Threading.Tasks.Task`1:TrySetResult(TResult)
2026/01/04 00:53:21.158 26169 29702 Info Unity System.Runtime.CompilerServices.AsyncTaskMethodBuilder`1:SetResult(TResult)
2026/01/04 00:53:21.158 26169 29702 Info Unity VRWorkspace.Streaming.<SendTextAsync>d__159:MoveNext()
2026/01/04 00:53:21.158 26169 29702 Info Unity System.Threading.ExecutionContext:RunInternal(ExecutionContext, ContextCallback, Object, Boolean)
2026/01/04 00:53:21.158 26169 29702 Info Unity System.Runtime.CompilerServices.MoveNextRunner:Run()
2026/01/04 00:53:21.158 26169 29702 Info Unity UnityEngine.WorkRequest:Invoke()
2026/01/04 00:53:21.158 26169 29702 Info Unity UnityEngine.UnitySynchronizationContext:Exec()
2026/01/04 00:53:21.160 26169 29702 Info Unity [SpeedTest] Client-initiated speed test starting (browser-matched version)...
2026/01/04 00:53:21.160 26169 29702 Info Unity VRWorkspace.Streaming.<RunSpeedTestAsync>d__36:MoveNext()
2026/01/04 00:53:21.160 26169 29702 Info Unity System.Runtime.CompilerServices.AsyncTaskMethodBuilder`1:Start(TStateMachine&)
2026/01/04 00:53:21.160 26169 29702 Info Unity VRWorkspace.Streaming.SpeedTestClient:RunSpeedTestAsync()
2026/01/04 00:53:21.160 26169 29702 Info Unity VRWorkspace.Streaming.<RunSpeedTestInBackgroundAsync>d__122:MoveNext()
2026/01/04 00:53:21.160 26169 29702 Info Unity System.Runtime.CompilerServices.AsyncTaskMethodBuilder:Start(TStateMachine&)
2026/01/04 00:53:21.160 26169 29702 Info Unity VRWorkspace.Streaming.PhaseProtocolClient:RunSpeedTestInBackgroundAsync()
2026/01/04 00:53:21.160 26169 29702 Info Unity VRWorkspace.Streaming.<HandleHardwareInfoAsync>d__121:MoveNext()
2026/01/04 00:53:21.160 26169 29702 Info Unity System.Threading.ExecutionContext:RunInternal(ExecutionContext, ContextCallback, Object, Boolean)
2026/01/04 00:53:21.160 26169 29702 Info Unity System.Runtime.CompilerServices.MoveNextRunner:Run()
2026/01/04 00:53:21.160 26169 29702 Info Unity System.Threading.Tasks.AwaitTaskContinuation:RunCallback(ContextCallback, Object, Task&)
2026/01/04 00:53:21.160 26169 29702 Info Unity System.Threading.Tasks.Task:FinishContinuations()
2026/01/04 00:53:21.160 26169 29702 Info Unity System.Threading.Tasks.Task`1:TrySetResult(TResult)
2026/01/04 00:53:21.160 26169 29702 Info Unity System.Runtime.CompilerServices.AsyncTaskMethodBuilder`1:SetResult(TResult)
2026/01/04 00:53:21.160 26169 29702 Info Unity VRWorkspace.Streaming.<SendTextAsync>d__159:M
2026/01/04 00:53:21.161 26169 29702 Info Unity [SpeedTest] Running ping test...
2026/01/04 00:53:21.161 26169 29702 Info Unity VRWorkspace.Streaming.<RunSpeedTestAsync>d__36:MoveNext()
2026/01/04 00:53:21.161 26169 29702 Info Unity System.Runtime.CompilerServices.AsyncTaskMethodBuilder`1:Start(TStateMachine&)
2026/01/04 00:53:21.161 26169 29702 Info Unity VRWorkspace.Streaming.SpeedTestClient:RunSpeedTestAsync()
2026/01/04 00:53:21.161 26169 29702 Info Unity VRWorkspace.Streaming.<RunSpeedTestInBackgroundAsync>d__122:MoveNext()
2026/01/04 00:53:21.161 26169 29702 Info Unity System.Runtime.CompilerServices.AsyncTaskMethodBuilder:Start(TStateMachine&)
2026/01/04 00:53:21.161 26169 29702 Info Unity VRWorkspace.Streaming.PhaseProtocolClient:RunSpeedTestInBackgroundAsync()
2026/01/04 00:53:21.161 26169 29702 Info Unity VRWorkspace.Streaming.<HandleHardwareInfoAsync>d__121:MoveNext()
2026/01/04 00:53:21.161 26169 29702 Info Unity System.Threading.ExecutionContext:RunInternal(ExecutionContext, ContextCallback, Object, Boolean)
2026/01/04 00:53:21.161 26169 29702 Info Unity System.Runtime.CompilerServices.MoveNextRunner:Run()
2026/01/04 00:53:21.161 26169 29702 Info Unity System.Threading.Tasks.AwaitTaskContinuation:RunCallback(ContextCallback, Object, Task&)
2026/01/04 00:53:21.161 26169 29702 Info Unity System.Threading.Tasks.Task:FinishContinuations()
2026/01/04 00:53:21.161 26169 29702 Info Unity System.Threading.Tasks.Task`1:TrySetResult(TResult)
2026/01/04 00:53:21.161 26169 29702 Info Unity System.Runtime.CompilerServices.AsyncTaskMethodBuilder`1:SetResult(TResult)
2026/01/04 00:53:21.161 26169 29702 Info Unity VRWorkspace.Streaming.<SendTextAsync>d__159:MoveNext()
2026/01/04 00:53:21.161 26169 29702 Info Unity System.Threading.ExecutionContext:R
2026/01/04 00:53:21.211 26169 29702 Info Unity [PhaseProtocol] Received: pong...
2026/01/04 00:53:21.211 26169 29702 Info Unity VRWorkspace.Streaming.<HandleTextMessageAsync>d__112:MoveNext()
2026/01/04 00:53:21.211 26169 29702 Info Unity System.Runtime.CompilerServices.AsyncTaskMethodBuilder:Start(TStateMachine&)
2026/01/04 00:53:21.211 26169 29702 Info Unity VRWorkspace.Streaming.PhaseProtocolClient:HandleTextMessageAsync(String)
2026/01/04 00:53:21.211 26169 29702 Info Unity VRWorkspace.Streaming.<ReceiveLoopAsync>d__111:MoveNext()
2026/01/04 00:53:21.211 26169 29702 Info Unity System.Threading.ExecutionContext:RunInternal(ExecutionContext, ContextCallback, Object, Boolean)
2026/01/04 00:53:21.211 26169 29702 Info Unity System.Runtime.CompilerServices.MoveNextRunner:Run()
2026/01/04 00:53:21.211 26169 29702 Info Unity UnityEngine.WorkRequest:Invoke()
2026/01/04 00:53:21.211 26169 29702 Info Unity UnityEngine.UnitySynchronizationContext:Exec()
2026/01/04 00:53:21.261 26169 29702 Info Unity [PhaseProtocol] Received: pong...
2026/01/04 00:53:21.261 26169 29702 Info Unity VRWorkspace.Streaming.<HandleTextMessageAsync>d__112:MoveNext()
2026/01/04 00:53:21.261 26169 29702 Info Unity System.Runtime.CompilerServices.AsyncTaskMethodBuilder:Start(TStateMachine&)
2026/01/04 00:53:21.261 26169 29702 Info Unity VRWorkspace.Streaming.PhaseProtocolClient:HandleTextMessageAsync(String)
2026/01/04 00:53:21.261 26169 29702 Info Unity VRWorkspace.Streaming.<ReceiveLoopAsync>d__111:MoveNext()
2026/01/04 00:53:21.261 26169 29702 Info Unity System.Threading.ExecutionContext:RunInternal(ExecutionContext, ContextCallback, Object, Boolean)
2026/01/04 00:53:21.261 26169 29702 Info Unity System.Runtime.CompilerServices.MoveNextRunner:Run()
2026/01/04 00:53:21.261 26169 29702 Info Unity UnityEngine.WorkRequest:Invoke()
2026/01/04 00:53:21.261 26169 29702 Info Unity UnityEngine.UnitySynchronizationContext:Exec()
2026/01/04 00:53:21.311 26169 29702 Info Unity [PhaseProtocol] Received: pong...
2026/01/04 00:53:21.311 26169 29702 Info Unity VRWorkspace.Streaming.<HandleTextMessageAsync>d__112:MoveNext()
2026/01/04 00:53:21.311 26169 29702 Info Unity System.Runtime.CompilerServices.AsyncTaskMethodBuilder:Start(TStateMachine&)
2026/01/04 00:53:21.311 26169 29702 Info Unity VRWorkspace.Streaming.PhaseProtocolClient:HandleTextMessageAsync(String)
2026/01/04 00:53:21.311 26169 29702 Info Unity VRWorkspace.Streaming.<ReceiveLoopAsync>d__111:MoveNext()
2026/01/04 00:53:21.311 26169 29702 Info Unity System.Threading.ExecutionContext:RunInternal(ExecutionContext, ContextCallback, Object, Boolean)
2026/01/04 00:53:21.311 26169 29702 Info Unity System.Runtime.CompilerServices.MoveNextRunner:Run()
2026/01/04 00:53:21.311 26169 29702 Info Unity UnityEngine.WorkRequest:Invoke()
2026/01/04 00:53:21.311 26169 29702 Info Unity UnityEngine.UnitySynchronizationContext:Exec()
2026/01/04 00:53:21.345 26169 29702 Info Unity [SpeedTest] Ping: 28,8ms, Jitter: 16,2ms
2026/01/04 00:53:21.345 26169 29702 Info Unity VRWorkspace.Streaming.<RunSpeedTestAsync>d__36:MoveNext()
2026/01/04 00:53:21.345 26169 29702 Info Unity System.Threading.ExecutionContext:RunInternal(ExecutionContext, ContextCallback, Object, Boolean)
2026/01/04 00:53:21.345 26169 29702 Info Unity System.Runtime.CompilerServices.MoveNextRunner:Run()
2026/01/04 00:53:21.345 26169 29702 Info Unity System.Threading.Tasks.AwaitTaskContinuation:RunCallback(ContextCallback, Object, Task&)
2026/01/04 00:53:21.345 26169 29702 Info Unity System.Threading.Tasks.Task:FinishContinuations()
2026/01/04 00:53:21.345 26169 29702 Info Unity System.Threading.Tasks.Task`1:TrySetResult(TResult)
2026/01/04 00:53:21.345 26169 29702 Info Unity System.Runtime.CompilerServices.AsyncTaskMethodBuilder`1:SetResult(TResult)
2026/01/04 00:53:21.345 26169 29702 Info Unity VRWorkspace.Streaming.<MeasurePingAsync>d__37:MoveNext()
2026/01/04 00:53:21.345 26169 29702 Info Unity System.Threading.ExecutionContext:RunInternal(ExecutionContext, ContextCallback, Object, Boolean)
2026/01/04 00:53:21.345 26169 29702 Info Unity System.Runtime.CompilerServices.MoveNextRunner:Run()
2026/01/04 00:53:21.345 26169 29702 Info Unity UnityEngine.WorkRequest:Invoke()
2026/01/04 00:53:21.345 26169 29702 Info Unity UnityEngine.UnitySynchronizationContext:Exec()
2026/01/04 00:53:21.347 26169 29702 Info Unity [SpeedTest] Running bandwidth test (2000ms with 0ms warmup)...
2026/01/04 00:53:21.347 26169 29702 Info Unity VRWorkspace.Streaming.<RunSpeedTestAsync>d__36:MoveNext()
2026/01/04 00:53:21.347 26169 29702 Info Unity System.Threading.ExecutionContext:RunInternal(ExecutionContext, ContextCallback, Object, Boolean)
2026/01/04 00:53:21.347 26169 29702 Info Unity System.Runtime.CompilerServices.MoveNextRunner:Run()
2026/01/04 00:53:21.347 26169 29702 Info Unity System.Threading.Tasks.AwaitTaskContinuation:RunCallback(ContextCallback, Object, Task&)
2026/01/04 00:53:21.347 26169 29702 Info Unity System.Threading.Tasks.Task:FinishContinuations()
2026/01/04 00:53:21.347 26169 29702 Info Unity System.Threading.Tasks.Task`1:TrySetResult(TResult)
2026/01/04 00:53:21.347 26169 29702 Info Unity System.Runtime.CompilerServices.AsyncTaskMethodBuilder`1:SetResult(TResult)
2026/01/04 00:53:21.347 26169 29702 Info Unity VRWorkspace.Streaming.<MeasurePingAsync>d__37:MoveNext()
2026/01/04 00:53:21.347 26169 29702 Info Unity System.Threading.ExecutionContext:RunInternal(ExecutionContext, ContextCallback, Object, Boolean)
2026/01/04 00:53:21.347 26169 29702 Info Unity System.Runtime.CompilerServices.MoveNextRunner:Run()
2026/01/04 00:53:21.347 26169 29702 Info Unity UnityEngine.WorkRequest:Invoke()
2026/01/04 00:53:21.347 26169 29702 Info Unity UnityEngine.UnitySynchronizationContext:Exec()
2026/01/04 00:53:21.645 26169 29702 Info Unity [SpeedTest] First byte received - starting warmup...
2026/01/04 00:53:21.645 26169 29702 Info Unity VRWorkspace.Streaming.SpeedTestClient:RecordBytesReceived(Int32)
2026/01/04 00:53:21.645 26169 29702 Info Unity VRWorkspace.Streaming.<ReceiveLoopAsync>d__111:MoveNext()
2026/01/04 00:53:21.645 26169 29702 Info Unity System.Threading.ExecutionContext:RunInternal(ExecutionContext, ContextCallback, Object, Boolean)
2026/01/04 00:53:21.645 26169 29702 Info Unity System.Runtime.CompilerServices.MoveNextRunner:Run()
2026/01/04 00:53:21.645 26169 29702 Info Unity UnityEngine.WorkRequest:Invoke()
2026/01/04 00:53:21.645 26169 29702 Info Unity UnityEngine.UnitySynchronizationContext:Exec()
2026/01/04 00:53:21.646 26169 29702 Info Unity [SpeedTest] Warmup complete - starting measurement
2026/01/04 00:53:21.646 26169 29702 Info Unity VRWorkspace.Streaming.SpeedTestClient:RecordBytesReceived(Int32)
2026/01/04 00:53:21.646 26169 29702 Info Unity VRWorkspace.Streaming.<ReceiveLoopAsync>d__111:MoveNext()
2026/01/04 00:53:21.646 26169 29702 Info Unity System.Threading.ExecutionContext:RunInternal(ExecutionContext, ContextCallback, Object, Boolean)
2026/01/04 00:53:21.646 26169 29702 Info Unity System.Runtime.CompilerServices.MoveNextRunner:Run()
2026/01/04 00:53:21.646 26169 29702 Info Unity UnityEngine.WorkRequest:Invoke()
2026/01/04 00:53:21.646 26169 29702 Info Unity UnityEngine.UnitySynchronizationContext:Exec()
2026/01/04 00:53:24.065 26169 29702 Info Unity [PhaseProtocol] Received: {"type":"speedtest_end","direction":"download","totalBytes":41943040,"durationMs":2236}...
2026/01/04 00:53:24.065 26169 29702 Info Unity VRWorkspace.Streaming.<HandleTextMessageAsync>d__112:MoveNext()
2026/01/04 00:53:24.065 26169 29702 Info Unity System.Runtime.CompilerServices.AsyncTaskMethodBuilder:Start(TStateMachine&)
2026/01/04 00:53:24.065 26169 29702 Info Unity VRWorkspace.Streaming.PhaseProtocolClient:HandleTextMessageAsync(String)
2026/01/04 00:53:24.065 26169 29702 Info Unity VRWorkspace.Streaming.<ReceiveLoopAsync>d__111:MoveNext()
2026/01/04 00:53:24.065 26169 29702 Info Unity System.Threading.ExecutionContext:RunInternal(ExecutionContext, ContextCallback, Object, Boolean)
2026/01/04 00:53:24.065 26169 29702 Info Unity System.Runtime.CompilerServices.MoveNextRunner:Run()
2026/01/04 00:53:24.065 26169 29702 Info Unity UnityEngine.WorkRequest:Invoke()
2026/01/04 00:53:24.065 26169 29702 Info Unity UnityEngine.UnitySynchronizationContext:Exec()
2026/01/04 00:53:24.067 26169 29702 Info Unity [PhaseProtocol] Parsed type='speedtest_end' from message len=87
2026/01/04 00:53:24.067 26169 29702 Info Unity VRWorkspace.Streaming.<HandleTextMessageAsync>d__112:MoveNext()
2026/01/04 00:53:24.067 26169 29702 Info Unity System.Runtime.CompilerServices.AsyncTaskMethodBuilder:Start(TStateMachine&)
2026/01/04 00:53:24.067 26169 29702 Info Unity VRWorkspace.Streaming.PhaseProtocolClient:HandleTextMessageAsync(String)
2026/01/04 00:53:24.067 26169 29702 Info Unity VRWorkspace.Streaming.<ReceiveLoopAsync>d__111:MoveNext()
2026/01/04 00:53:24.067 26169 29702 Info Unity System.Threading.ExecutionContext:RunInternal(ExecutionContext, ContextCallback, Object, Boolean)
2026/01/04 00:53:24.067 26169 29702 Info Unity System.Runtime.CompilerServices.MoveNextRunner:Run()
2026/01/04 00:53:24.067 26169 29702 Info Unity UnityEngine.WorkRequest:Invoke()
2026/01/04 00:53:24.067 26169 29702 Info Unity UnityEngine.UnitySynchronizationContext:Exec()
2026/01/04 00:53:24.067 26169 29702 Info Unity [PhaseProtocol] >>> Handling speedtest_end
2026/01/04 00:53:24.067 26169 29702 Info Unity VRWorkspace.Streaming.<HandleTextMessageAsync>d__112:MoveNext()
2026/01/04 00:53:24.067 26169 29702 Info Unity System.Runtime.CompilerServices.AsyncTaskMethodBuilder:Start(TStateMachine&)
2026/01/04 00:53:24.067 26169 29702 Info Unity VRWorkspace.Streaming.PhaseProtocolClient:HandleTextMessageAsync(String)
2026/01/04 00:53:24.067 26169 29702 Info Unity VRWorkspace.Streaming.<ReceiveLoopAsync>d__111:MoveNext()
2026/01/04 00:53:24.067 26169 29702 Info Unity System.Threading.ExecutionContext:RunInternal(ExecutionContext, ContextCallback, Object, Boolean)
2026/01/04 00:53:24.067 26169 29702 Info Unity System.Runtime.CompilerServices.MoveNextRunner:Run()
2026/01/04 00:53:24.067 26169 29702 Info Unity UnityEngine.WorkRequest:Invoke()
2026/01/04 00:53:24.067 26169 29702 Info Unity UnityEngine.UnitySynchronizationContext:Exec()
2026/01/04 00:53:24.069 26169 29702 Info Unity [PhaseProtocol] Speed test end: direction=download, current phase: SpeedTesting
2026/01/04 00:53:24.069 26169 29702 Info Unity VRWorkspace.Streaming.<HandleSpeedTestEndAsync>d__126:MoveNext()
2026/01/04 00:53:24.069 26169 29702 Info Unity System.Runtime.CompilerServices.AsyncTaskMethodBuilder:Start(TStateMachine&)
2026/01/04 00:53:24.069 26169 29702 Info Unity VRWorkspace.Streaming.PhaseProtocolClient:HandleSpeedTestEndAsync(SimpleJson)
2026/01/04 00:53:24.069 26169 29702 Info Unity VRWorkspace.Streaming.<HandleTextMessageAsync>d__112:MoveNext()
2026/01/04 00:53:24.069 26169 29702 Info Unity System.Runtime.CompilerServices.AsyncTaskMethodBuilder:Start(TStateMachine&)
2026/01/04 00:53:24.069 26169 29702 Info Unity VRWorkspace.Streaming.PhaseProtocolClient:HandleTextMessageAsync(String)
2026/01/04 00:53:24.069 26169 29702 Info Unity VRWorkspace.Streaming.<ReceiveLoopAsync>d__111:MoveNext()
2026/01/04 00:53:24.069 26169 29702 Info Unity System.Threading.ExecutionContext:RunInternal(ExecutionContext, ContextCallback, Object, Boolean)
2026/01/04 00:53:24.069 26169 29702 Info Unity System.Runtime.CompilerServices.MoveNextRunner:Run()
2026/01/04 00:53:24.069 26169 29702 Info Unity UnityEngine.WorkRequest:Invoke()
2026/01/04 00:53:24.069 26169 29702 Info Unity UnityEngine.UnitySynchronizationContext:Exec()
2026/01/04 00:53:24.069 26169 29702 Info Unity [SpeedTest] speedtest_end received - Final: 41943040 bytes = 138,4 Mbps
2026/01/04 00:53:24.069 26169 29702 Info Unity VRWorkspace.Streaming.SpeedTestClient:HandleSpeedTestEnd()
2026/01/04 00:53:24.069 26169 29702 Info Unity VRWorkspace.Streaming.<HandleSpeedTestEndAsync>d__126:MoveNext()
2026/01/04 00:53:24.069 26169 29702 Info Unity System.Runtime.CompilerServices.AsyncTaskMethodBuilder:Start(TStateMachine&)
2026/01/04 00:53:24.069 26169 29702 Info Unity VRWorkspace.Streaming.PhaseProtocolClient:HandleSpeedTestEndAsync(SimpleJson)
2026/01/04 00:53:24.069 26169 29702 Info Unity VRWorkspace.Streaming.<HandleTextMessageAsync>d__112:MoveNext()
2026/01/04 00:53:24.069 26169 29702 Info Unity System.Runtime.CompilerServices.AsyncTaskMethodBuilder:Start(TStateMachine&)
2026/01/04 00:53:24.069 26169 29702 Info Unity VRWorkspace.Streaming.PhaseProtocolClient:HandleTextMessageAsync(String)
2026/01/04 00:53:24.069 26169 29702 Info Unity VRWorkspace.Streaming.<ReceiveLoopAsync>d__111:MoveNext()
2026/01/04 00:53:24.069 26169 29702 Info Unity System.Threading.ExecutionContext:RunInternal(ExecutionContext, ContextCallback, Object, Boolean)
2026/01/04 00:53:24.069 26169 29702 Info Unity System.Runtime.CompilerServices.MoveNextRunner:Run()
2026/01/04 00:53:24.069 26169 29702 Info Unity UnityEngine.WorkRequest:Invoke()
2026/01/04 00:53:24.069 26169 29702 Info Unity UnityEngine.UnitySynchronizationContext:Exec()
2026/01/04 00:53:24.071 26169 29702 Info Unity [SpeedTest] Bandwidth: 138,4 Mbps
2026/01/04 00:53:24.071 26169 29702 Info Unity VRWorkspace.Streaming.<RunSpeedTestAsync>d__36:MoveNext()
2026/01/04 00:53:24.071 26169 29702 Info Unity System.Threading.ExecutionContext:RunInternal(ExecutionContext, ContextCallback, Object, Boolean)
2026/01/04 00:53:24.071 26169 29702 Info Unity System.Runtime.CompilerServices.MoveNextRunner:Run()
2026/01/04 00:53:24.071 26169 29702 Info Unity System.Threading.Tasks.AwaitTaskContinuation:RunCallback(ContextCallback, Object, Task&)
2026/01/04 00:53:24.071 26169 29702 Info Unity System.Threading.Tasks.Task:FinishContinuations()
2026/01/04 00:53:24.071 26169 29702 Info Unity System.Threading.Tasks.Task`1:TrySetResult(TResult)
2026/01/04 00:53:24.071 26169 29702 Info Unity System.Runtime.CompilerServices.AsyncTaskMethodBuilder`1:SetResult(TResult)
2026/01/04 00:53:24.071 26169 29702 Info Unity VRWorkspace.Streaming.<MeasureDownloadAsync>d__39:MoveNext()
2026/01/04 00:53:24.071 26169 29702 Info Unity System.Threading.ExecutionContext:RunInternal(ExecutionContext, ContextCallback, Object, Boolean)
2026/01/04 00:53:24.071 26169 29702 Info Unity System.Runtime.CompilerServices.MoveNextRunner:Run()
2026/01/04 00:53:24.071 26169 29702 Info Unity System.Threading.Tasks.AwaitTaskContinuation:RunCallback(ContextCallback, Object, Task&)
2026/01/04 00:53:24.071 26169 29702 Info Unity System.Threading.Tasks.Task:FinishContinuations()
2026/01/04 00:53:24.071 26169 29702 Info Unity System.Threading.Tasks.Task`1:TrySetResult(TResult)
2026/01/04 00:53:24.071 26169 29702 Info Unity System.Threading.Tasks.CompleteOnInvokePromise:Invoke(Task)
2026/01/04 00:53:24.071 26169 29702 Info Unity System.Threading.Tasks.Task:FinishContinuations()
2026/01/04 00:53:24.072 26169 29702 Info Unity [PhaseProtocol] Received: pong...
2026/01/04 00:53:24.072 26169 29702 Info Unity VRWorkspace.Streaming.<HandleTextMessageAsync>d__112:MoveNext()
2026/01/04 00:53:24.072 26169 29702 Info Unity System.Runtime.CompilerServices.AsyncTaskMethodBuilder:Start(TStateMachine&)
2026/01/04 00:53:24.072 26169 29702 Info Unity VRWorkspace.Streaming.PhaseProtocolClient:HandleTextMessageAsync(String)
2026/01/04 00:53:24.072 26169 29702 Info Unity VRWorkspace.Streaming.<ReceiveLoopAsync>d__111:MoveNext()
2026/01/04 00:53:24.072 26169 29702 Info Unity System.Threading.ExecutionContext:RunInternal(ExecutionContext, ContextCallback, Object, Boolean)
2026/01/04 00:53:24.072 26169 29702 Info Unity System.Runtime.CompilerServices.MoveNextRunner:Run()
2026/01/04 00:53:24.072 26169 29702 Info Unity UnityEngine.WorkRequest:Invoke()
2026/01/04 00:53:24.072 26169 29702 Info Unity UnityEngine.UnitySynchronizationContext:Exec()
2026/01/04 00:53:24.082 26169 29702 Info Unity [SpeedTest] Sent speedtest_result to server
2026/01/04 00:53:24.082 26169 29702 Info Unity VRWorkspace.Streaming.<RunSpeedTestAsync>d__36:MoveNext()
2026/01/04 00:53:24.082 26169 29702 Info Unity System.Threading.ExecutionContext:RunInternal(ExecutionContext, ContextCallback, Object, Boolean)
2026/01/04 00:53:24.082 26169 29702 Info Unity System.Runtime.CompilerServices.MoveNextRunner:Run()
2026/01/04 00:53:24.082 26169 29702 Info Unity System.Threading.Tasks.AwaitTaskContinuation:RunCallback(ContextCallback, Object, Task&)
2026/01/04 00:53:24.082 26169 29702 Info Unity System.Threading.Tasks.Task:FinishContinuations()
2026/01/04 00:53:24.082 26169 29702 Info Unity System.Threading.Tasks.Task`1:TrySetResult(TResult)
2026/01/04 00:53:24.082 26169 29702 Info Unity System.Runtime.CompilerServices.AsyncTaskMethodBuilder`1:SetResult(TResult)
2026/01/04 00:53:24.082 26169 29702 Info Unity VRWorkspace.Streaming.<SendTextAsync>d__51:MoveNext()
2026/01/04 00:53:24.082 26169 29702 Info Unity System.Threading.ExecutionContext:RunInternal(ExecutionContext, ContextCallback, Object, Boolean)
2026/01/04 00:53:24.082 26169 29702 Info Unity System.Runtime.CompilerServices.MoveNextRunner:Run()
2026/01/04 00:53:24.082 26169 29702 Info Unity UnityEngine.WorkRequest:Invoke()
2026/01/04 00:53:24.082 26169 29702 Info Unity UnityEngine.UnitySynchronizationContext:Exec()
2026/01/04 00:53:24.093 26169 29702 Info Unity [RTTRemoteMenu] HandleNetworkInfoReceived called, info null: False, panel null: False
2026/01/04 00:53:24.093 26169 29702 Info Unity RTTRemoteMenu:HandleNetworkInfoReceived(NetworkTestResult)
2026/01/04 00:53:24.093 26169 29702 Info Unity VRWorkspace.Core.MainThreadDispatcher:Enqueue(Action)
2026/01/04 00:53:24.093 26169 29702 Info Unity VRWorkspace.Core.ObservableProperty`1:set_Value(T)
2026/01/04 00:53:24.093 26169 29702 Info Unity VRWorkspace.ViewModels.<>c__DisplayClass94_0:<SubscribeToEvents>b__1(NetworkTestResult)
2026/01/04 00:53:24.093 26169 29702 Info Unity VRWorkspace.Streaming.<RunSpeedTestInBackgroundAsync>d__122:MoveNext()
2026/01/04 00:53:24.093 26169 29702 Info Unity System.Threading.ExecutionContext:RunInternal(ExecutionContext, ContextCallback, Object, Boolean)
2026/01/04 00:53:24.093 26169 29702 Info Unity System.Runtime.CompilerServices.MoveNextRunner:Run()
2026/01/04 00:53:24.093 26169 29702 Info Unity System.Threading.Tasks.AwaitTaskContinuation:RunCallback(ContextCallback, Object, Task&)
2026/01/04 00:53:24.093 26169 29702 Info Unity System.Threading.Tasks.Task:FinishContinuations()
2026/01/04 00:53:24.093 26169 29702 Info Unity System.Threading.Tasks.Task`1:TrySetResult(TResult)
2026/01/04 00:53:24.093 26169 29702 Info Unity System.Runtime.CompilerServices.AsyncTaskMethodBuilder`1:SetResult(TResult)
2026/01/04 00:53:24.093 26169 29702 Info Unity VRWorkspace.Streaming.<RunSpeedTestAsync>d__36:MoveNext()
2026/01/04 00:53:24.093 26169 29702 Info Unity System.Threading.ExecutionContext:RunInternal(ExecutionContext, ContextCallback, Object, Boolean)
2026/01/04 00:53:24.093 26169 29702 Info Unity System.Runtime.CompilerServices.MoveNext
2026/01/04 00:53:24.096 26169 29702 Info Unity [RTTInfoSidePanel] SetNetworkInfo: 28,8ms
2026/01/04 00:53:24.096 26169 29702 Info Unity RTTInfoSidePanel:SetNetworkInfo(NetworkTestResult)
2026/01/04 00:53:24.096 26169 29702 Info Unity RTTRemoteMenu:HandleNetworkInfoReceived(NetworkTestResult)
2026/01/04 00:53:24.096 26169 29702 Info Unity VRWorkspace.Core.MainThreadDispatcher:Enqueue(Action)
2026/01/04 00:53:24.096 26169 29702 Info Unity VRWorkspace.Core.ObservableProperty`1:set_Value(T)
2026/01/04 00:53:24.096 26169 29702 Info Unity VRWorkspace.ViewModels.<>c__DisplayClass94_0:<SubscribeToEvents>b__1(NetworkTestResult)
2026/01/04 00:53:24.096 26169 29702 Info Unity VRWorkspace.Streaming.<RunSpeedTestInBackgroundAsync>d__122:MoveNext()
2026/01/04 00:53:24.096 26169 29702 Info Unity System.Threading.ExecutionContext:RunInternal(ExecutionContext, ContextCallback, Object, Boolean)
2026/01/04 00:53:24.096 26169 29702 Info Unity System.Runtime.CompilerServices.MoveNextRunner:Run()
2026/01/04 00:53:24.096 26169 29702 Info Unity System.Threading.Tasks.AwaitTaskContinuation:RunCallback(ContextCallback, Object, Task&)
2026/01/04 00:53:24.096 26169 29702 Info Unity System.Threading.Tasks.Task:FinishContinuations()
2026/01/04 00:53:24.096 26169 29702 Info Unity System.Threading.Tasks.Task`1:TrySetResult(TResult)
2026/01/04 00:53:24.096 26169 29702 Info Unity System.Runtime.CompilerServices.AsyncTaskMethodBuilder`1:SetResult(TResult)
2026/01/04 00:53:24.096 26169 29702 Info Unity VRWorkspace.Streaming.<RunSpeedTestAsync>d__36:MoveNext()
2026/01/04 00:53:24.096 26169 29702 Info Unity System.Threading.ExecutionContext:RunInternal(ExecutionContext, ContextCallback, Object, Boolean)
2026/01/04 00:53:24.096 26169 29702 Info Unity System.Runtime.CompilerServices.M
2026/01/04 00:53:24.096 26169 29702 Info Unity [RTTRemoteMenu] Updated network info panel: 28,8ms, 138Mbps
2026/01/04 00:53:24.096 26169 29702 Info Unity RTTRemoteMenu:HandleNetworkInfoReceived(NetworkTestResult)
2026/01/04 00:53:24.096 26169 29702 Info Unity VRWorkspace.Core.MainThreadDispatcher:Enqueue(Action)
2026/01/04 00:53:24.096 26169 29702 Info Unity VRWorkspace.Core.ObservableProperty`1:set_Value(T)
2026/01/04 00:53:24.096 26169 29702 Info Unity VRWorkspace.ViewModels.<>c__DisplayClass94_0:<SubscribeToEvents>b__1(NetworkTestResult)
2026/01/04 00:53:24.096 26169 29702 Info Unity VRWorkspace.Streaming.<RunSpeedTestInBackgroundAsync>d__122:MoveNext()
2026/01/04 00:53:24.096 26169 29702 Info Unity System.Threading.ExecutionContext:RunInternal(ExecutionContext, ContextCallback, Object, Boolean)
2026/01/04 00:53:24.096 26169 29702 Info Unity System.Runtime.CompilerServices.MoveNextRunner:Run()
2026/01/04 00:53:24.096 26169 29702 Info Unity System.Threading.Tasks.AwaitTaskContinuation:RunCallback(ContextCallback, Object, Task&)
2026/01/04 00:53:24.096 26169 29702 Info Unity System.Threading.Tasks.Task:FinishContinuations()
2026/01/04 00:53:24.096 26169 29702 Info Unity System.Threading.Tasks.Task`1:TrySetResult(TResult)
2026/01/04 00:53:24.096 26169 29702 Info Unity System.Runtime.CompilerServices.AsyncTaskMethodBuilder`1:SetResult(TResult)
2026/01/04 00:53:24.096 26169 29702 Info Unity VRWorkspace.Streaming.<RunSpeedTestAsync>d__36:MoveNext()
2026/01/04 00:53:24.096 26169 29702 Info Unity System.Threading.ExecutionContext:RunInternal(ExecutionContext, ContextCallback, Object, Boolean)
2026/01/04 00:53:24.096 26169 29702 Info Unity System.Runtime.CompilerServices.MoveNextRunner:Run()
2026/01/04 00:53:24.096 26169 29702 Info Unity System.Thread
2026/01/04 00:53:24.097 26169 29702 Info Unity [PhaseProtocol] Speed test complete: 138,4Mbps, 28,8ms ping, type=Unknown
2026/01/04 00:53:24.097 26169 29702 Info Unity VRWorkspace.Streaming.<RunSpeedTestInBackgroundAsync>d__122:MoveNext()
2026/01/04 00:53:24.097 26169 29702 Info Unity System.Threading.ExecutionContext:RunInternal(ExecutionContext, ContextCallback, Object, Boolean)
2026/01/04 00:53:24.097 26169 29702 Info Unity System.Runtime.CompilerServices.MoveNextRunner:Run()
2026/01/04 00:53:24.097 26169 29702 Info Unity System.Threading.Tasks.AwaitTaskContinuation:RunCallback(ContextCallback, Object, Task&)
2026/01/04 00:53:24.097 26169 29702 Info Unity System.Threading.Tasks.Task:FinishContinuations()
2026/01/04 00:53:24.097 26169 29702 Info Unity System.Threading.Tasks.Task`1:TrySetResult(TResult)
2026/01/04 00:53:24.097 26169 29702 Info Unity System.Runtime.CompilerServices.AsyncTaskMethodBuilder`1:SetResult(TResult)
2026/01/04 00:53:24.097 26169 29702 Info Unity VRWorkspace.Streaming.<RunSpeedTestAsync>d__36:MoveNext()
2026/01/04 00:53:24.097 26169 29702 Info Unity System.Threading.ExecutionContext:RunInternal(ExecutionContext, ContextCallback, Object, Boolean)
2026/01/04 00:53:24.097 26169 29702 Info Unity System.Runtime.CompilerServices.MoveNextRunner:Run()
2026/01/04 00:53:24.097 26169 29702 Info Unity System.Threading.Tasks.AwaitTaskContinuation:RunCallback(ContextCallback, Object, Task&)
2026/01/04 00:53:24.097 26169 29702 Info Unity System.Threading.Tasks.Task:FinishContinuations()
2026/01/04 00:53:24.097 26169 29702 Info Unity System.Threading.Tasks.Task`1:TrySetResult(TResult)
2026/01/04 00:53:24.097 26169 29702 Info Unity System.Runtime.CompilerServices.AsyncTaskMethodBuilder`1:Set
2026/01/04 00:53:24.097 26169 29702 Warn Unity [StateMachine] Invalid transition: SpeedTesting -> AwaitingSuggestedConfig
2026/01/04 00:53:24.097 26169 29702 Warn Unity VRWorkspace.Streaming.ConnectionStateMachine:TryTransition(ConnectionPhase, String)
2026/01/04 00:53:24.097 26169 29702 Warn Unity VRWorkspace.Streaming.<RunSpeedTestInBackgroundAsync>d__122:MoveNext()
2026/01/04 00:53:24.097 26169 29702 Warn Unity System.Threading.ExecutionContext:RunInternal(ExecutionContext, ContextCallback, Object, Boolean)
2026/01/04 00:53:24.097 26169 29702 Warn Unity System.Runtime.CompilerServices.MoveNextRunner:Run()
2026/01/04 00:53:24.097 26169 29702 Warn Unity System.Threading.Tasks.AwaitTaskContinuation:RunCallback(ContextCallback, Object, Task&)
2026/01/04 00:53:24.097 26169 29702 Warn Unity System.Threading.Tasks.Task:FinishContinuations()
2026/01/04 00:53:24.097 26169 29702 Warn Unity System.Threading.Tasks.Task`1:TrySetResult(TResult)
2026/01/04 00:53:24.097 26169 29702 Warn Unity System.Runtime.CompilerServices.AsyncTaskMethodBuilder`1:SetResult(TResult)
2026/01/04 00:53:24.097 26169 29702 Warn Unity VRWorkspace.Streaming.<RunSpeedTestAsync>d__36:MoveNext()
2026/01/04 00:53:24.097 26169 29702 Warn Unity System.Threading.ExecutionContext:RunInternal(ExecutionContext, ContextCallback, Object, Boolean)
2026/01/04 00:53:24.097 26169 29702 Warn Unity System.Runtime.CompilerServices.MoveNextRunner:Run()
2026/01/04 00:53:24.097 26169 29702 Warn Unity System.Threading.Tasks.AwaitTaskContinuation:RunCallback(ContextCallback, Object, Task&)
2026/01/04 00:53:24.097 26169 29702 Warn Unity System.Threading.Tasks.Task:FinishContinuations()
2026/01/04 00:53:24.097 26169 29702 Warn Unity System.Threading.Tasks.Task
2026/01/04 00:53:24.119 26169 29702 Info Unity [PhaseProtocol] Received: {"type":"suggested_config","monitors":3,"resolution":{"w":1600,"h":900},"bitrateKbps":15000,"fps":45...
2026/01/04 00:53:24.119 26169 29702 Info Unity VRWorkspace.Streaming.<HandleTextMessageAsync>d__112:MoveNext()
2026/01/04 00:53:24.119 26169 29702 Info Unity System.Runtime.CompilerServices.AsyncTaskMethodBuilder:Start(TStateMachine&)
2026/01/04 00:53:24.119 26169 29702 Info Unity VRWorkspace.Streaming.PhaseProtocolClient:HandleTextMessageAsync(String)
2026/01/04 00:53:24.119 26169 29702 Info Unity VRWorkspace.Streaming.<ReceiveLoopAsync>d__111:MoveNext()
2026/01/04 00:53:24.119 26169 29702 Info Unity System.Threading.ExecutionContext:RunInternal(ExecutionContext, ContextCallback, Object, Boolean)
2026/01/04 00:53:24.119 26169 29702 Info Unity System.Runtime.CompilerServices.MoveNextRunner:Run()
2026/01/04 00:53:24.119 26169 29702 Info Unity UnityEngine.WorkRequest:Invoke()
2026/01/04 00:53:24.119 26169 29702 Info Unity UnityEngine.UnitySynchronizationContext:Exec()
2026/01/04 00:53:24.120 26169 29702 Info Unity [PhaseProtocol] Parsed type='suggested_config' from message len=218
2026/01/04 00:53:24.120 26169 29702 Info Unity VRWorkspace.Streaming.<HandleTextMessageAsync>d__112:MoveNext()
2026/01/04 00:53:24.120 26169 29702 Info Unity System.Runtime.CompilerServices.AsyncTaskMethodBuilder:Start(TStateMachine&)
2026/01/04 00:53:24.120 26169 29702 Info Unity VRWorkspace.Streaming.PhaseProtocolClient:HandleTextMessageAsync(String)
2026/01/04 00:53:24.120 26169 29702 Info Unity VRWorkspace.Streaming.<ReceiveLoopAsync>d__111:MoveNext()
2026/01/04 00:53:24.120 26169 29702 Info Unity System.Threading.ExecutionContext:RunInternal(ExecutionContext, ContextCallback, Object, Boolean)
2026/01/04 00:53:24.120 26169 29702 Info Unity System.Runtime.CompilerServices.MoveNextRunner:Run()
2026/01/04 00:53:24.120 26169 29702 Info Unity UnityEngine.WorkRequest:Invoke()
2026/01/04 00:53:24.120 26169 29702 Info Unity UnityEngine.UnitySynchronizationContext:Exec()
2026/01/04 00:53:24.120 26169 29702 Info Unity [PhaseProtocol] >>> Handling suggested_config
2026/01/04 00:53:24.120 26169 29702 Info Unity VRWorkspace.Streaming.<HandleTextMessageAsync>d__112:MoveNext()
2026/01/04 00:53:24.120 26169 29702 Info Unity System.Runtime.CompilerServices.AsyncTaskMethodBuilder:Start(TStateMachine&)
2026/01/04 00:53:24.120 26169 29702 Info Unity VRWorkspace.Streaming.PhaseProtocolClient:HandleTextMessageAsync(String)
2026/01/04 00:53:24.120 26169 29702 Info Unity VRWorkspace.Streaming.<ReceiveLoopAsync>d__111:MoveNext()
2026/01/04 00:53:24.120 26169 29702 Info Unity System.Threading.ExecutionContext:RunInternal(ExecutionContext, ContextCallback, Object, Boolean)
2026/01/04 00:53:24.120 26169 29702 Info Unity System.Runtime.CompilerServices.MoveNextRunner:Run()
2026/01/04 00:53:24.120 26169 29702 Info Unity UnityEngine.WorkRequest:Invoke()
2026/01/04 00:53:24.120 26169 29702 Info Unity UnityEngine.UnitySynchronizationContext:Exec()
2026/01/04 00:53:24.121 26169 29702 Info Unity [PhaseProtocol] Received suggested_config, current phase: SpeedTesting
2026/01/04 00:53:24.121 26169 29702 Info Unity VRWorkspace.Streaming.PhaseProtocolClient:HandleSuggestedConfig(SimpleJson)
2026/01/04 00:53:24.121 26169 29702 Info Unity VRWorkspace.Streaming.<HandleTextMessageAsync>d__112:MoveNext()
2026/01/04 00:53:24.121 26169 29702 Info Unity System.Runtime.CompilerServices.AsyncTaskMethodBuilder:Start(TStateMachine&)
2026/01/04 00:53:24.121 26169 29702 Info Unity VRWorkspace.Streaming.PhaseProtocolClient:HandleTextMessageAsync(String)
2026/01/04 00:53:24.121 26169 29702 Info Unity VRWorkspace.Streaming.<ReceiveLoopAsync>d__111:MoveNext()
2026/01/04 00:53:24.121 26169 29702 Info Unity System.Threading.ExecutionContext:RunInternal(ExecutionContext, ContextCallback, Object, Boolean)
2026/01/04 00:53:24.121 26169 29702 Info Unity System.Runtime.CompilerServices.MoveNextRunner:Run()
2026/01/04 00:53:24.121 26169 29702 Info Unity UnityEngine.WorkRequest:Invoke()
2026/01/04 00:53:24.121 26169 29702 Info Unity UnityEngine.UnitySynchronizationContext:Exec()
2026/01/04 00:53:24.121 26169 29702 Info Unity [PhaseProtocol] Suggested: 3mon @ 1600x900, 45fps, 15000kbps
2026/01/04 00:53:24.121 26169 29702 Info Unity VRWorkspace.Streaming.PhaseProtocolClient:HandleSuggestedConfig(SimpleJson)
2026/01/04 00:53:24.121 26169 29702 Info Unity VRWorkspace.Streaming.<HandleTextMessageAsync>d__112:MoveNext()
2026/01/04 00:53:24.121 26169 29702 Info Unity System.Runtime.CompilerServices.AsyncTaskMethodBuilder:Start(TStateMachine&)
2026/01/04 00:53:24.121 26169 29702 Info Unity VRWorkspace.Streaming.PhaseProtocolClient:HandleTextMessageAsync(String)
2026/01/04 00:53:24.121 26169 29702 Info Unity VRWorkspace.Streaming.<ReceiveLoopAsync>d__111:MoveNext()
2026/01/04 00:53:24.121 26169 29702 Info Unity System.Threading.ExecutionContext:RunInternal(ExecutionContext, ContextCallback, Object, Boolean)
2026/01/04 00:53:24.121 26169 29702 Info Unity System.Runtime.CompilerServices.MoveNextRunner:Run()
2026/01/04 00:53:24.121 26169 29702 Info Unity UnityEngine.WorkRequest:Invoke()
2026/01/04 00:53:24.121 26169 29702 Info Unity UnityEngine.UnitySynchronizationContext:Exec()
2026/01/04 00:53:24.121 26169 29702 Info Unity [PhaseProtocol] Selected codec: H264
2026/01/04 00:53:24.121 26169 29702 Info Unity VRWorkspace.Streaming.PhaseProtocolClient:HandleSuggestedConfig(SimpleJson)
2026/01/04 00:53:24.121 26169 29702 Info Unity VRWorkspace.Streaming.<HandleTextMessageAsync>d__112:MoveNext()
2026/01/04 00:53:24.121 26169 29702 Info Unity System.Runtime.CompilerServices.AsyncTaskMethodBuilder:Start(TStateMachine&)
2026/01/04 00:53:24.121 26169 29702 Info Unity VRWorkspace.Streaming.PhaseProtocolClient:HandleTextMessageAsync(String)
2026/01/04 00:53:24.121 26169 29702 Info Unity VRWorkspace.Streaming.<ReceiveLoopAsync>d__111:MoveNext()
2026/01/04 00:53:24.121 26169 29702 Info Unity System.Threading.ExecutionContext:RunInternal(ExecutionContext, ContextCallback, Object, Boolean)
2026/01/04 00:53:24.121 26169 29702 Info Unity System.Runtime.CompilerServices.MoveNextRunner:Run()
2026/01/04 00:53:24.121 26169 29702 Info Unity UnityEngine.WorkRequest:Invoke()
2026/01/04 00:53:24.121 26169 29702 Info Unity UnityEngine.UnitySynchronizationContext:Exec()
2026/01/04 00:53:24.122 26169 29702 Info Unity [PhaseProtocol] Reason: 900p (VRAM: 8GB) | 15Mbps (BW: 138Mbps) | 45fps (AMF, ping: 29ms)
2026/01/04 00:53:24.122 26169 29702 Info Unity VRWorkspace.Streaming.PhaseProtocolClient:HandleSuggestedConfig(SimpleJson)
2026/01/04 00:53:24.122 26169 29702 Info Unity VRWorkspace.Streaming.<HandleTextMessageAsync>d__112:MoveNext()
2026/01/04 00:53:24.122 26169 29702 Info Unity System.Runtime.CompilerServices.AsyncTaskMethodBuilder:Start(TStateMachine&)
2026/01/04 00:53:24.122 26169 29702 Info Unity VRWorkspace.Streaming.PhaseProtocolClient:HandleTextMessageAsync(String)
2026/01/04 00:53:24.122 26169 29702 Info Unity VRWorkspace.Streaming.<ReceiveLoopAsync>d__111:MoveNext()
2026/01/04 00:53:24.122 26169 29702 Info Unity System.Threading.ExecutionContext:RunInternal(ExecutionContext, ContextCallback, Object, Boolean)
2026/01/04 00:53:24.122 26169 29702 Info Unity System.Runtime.CompilerServices.MoveNextRunner:Run()
2026/01/04 00:53:24.122 26169 29702 Info Unity UnityEngine.WorkRequest:Invoke()
2026/01/04 00:53:24.122 26169 29702 Info Unity UnityEngine.UnitySynchronizationContext:Exec()
2026/01/04 00:53:24.122 26169 29702 Info Unity [PhaseProtocol] Forcing transition from SpeedTesting to ConfiguringSettings (race condition fix)
2026/01/04 00:53:24.122 26169 29702 Info Unity VRWorkspace.Streaming.PhaseProtocolClient:HandleSuggestedConfig(SimpleJson)
2026/01/04 00:53:24.122 26169 29702 Info Unity VRWorkspace.Streaming.<HandleTextMessageAsync>d__112:MoveNext()
2026/01/04 00:53:24.122 26169 29702 Info Unity System.Runtime.CompilerServices.AsyncTaskMethodBuilder:Start(TStateMachine&)
2026/01/04 00:53:24.122 26169 29702 Info Unity VRWorkspace.Streaming.PhaseProtocolClient:HandleTextMessageAsync(String)
2026/01/04 00:53:24.122 26169 29702 Info Unity VRWorkspace.Streaming.<ReceiveLoopAsync>d__111:MoveNext()
2026/01/04 00:53:24.122 26169 29702 Info Unity System.Threading.ExecutionContext:RunInternal(ExecutionContext, ContextCallback, Object, Boolean)
2026/01/04 00:53:24.122 26169 29702 Info Unity System.Runtime.CompilerServices.MoveNextRunner:Run()
2026/01/04 00:53:24.122 26169 29702 Info Unity UnityEngine.WorkRequest:Invoke()
2026/01/04 00:53:24.122 26169 29702 Info Unity UnityEngine.UnitySynchronizationContext:Exec()
2026/01/04 00:53:24.123 26169 29702 Info Unity [StateMachine] FORCE: SpeedTesting -> ConfiguringSettings: suggested_config received
2026/01/04 00:53:24.123 26169 29702 Info Unity VRWorkspace.Streaming.ConnectionStateMachine:ForceTransition(ConnectionPhase, String)
2026/01/04 00:53:24.123 26169 29702 Info Unity VRWorkspace.Streaming.PhaseProtocolClient:HandleSuggestedConfig(SimpleJson)
2026/01/04 00:53:24.123 26169 29702 Info Unity VRWorkspace.Streaming.<HandleTextMessageAsync>d__112:MoveNext()
2026/01/04 00:53:24.123 26169 29702 Info Unity System.Runtime.CompilerServices.AsyncTaskMethodBuilder:Start(TStateMachine&)
2026/01/04 00:53:24.123 26169 29702 Info Unity VRWorkspace.Streaming.PhaseProtocolClient:HandleTextMessageAsync(String)
2026/01/04 00:53:24.123 26169 29702 Info Unity VRWorkspace.Streaming.<ReceiveLoopAsync>d__111:MoveNext()
2026/01/04 00:53:24.123 26169 29702 Info Unity System.Threading.ExecutionContext:RunInternal(ExecutionContext, ContextCallback, Object, Boolean)
2026/01/04 00:53:24.123 26169 29702 Info Unity System.Runtime.CompilerServices.MoveNextRunner:Run()
2026/01/04 00:53:24.123 26169 29702 Info Unity UnityEngine.WorkRequest:Invoke()
2026/01/04 00:53:24.123 26169 29702 Info Unity UnityEngine.UnitySynchronizationContext:Exec()
2026/01/04 00:53:24.124 26169 29702 Info Unity [RTTRemoteMenu] Monitor selection changed: index=2, value=3 Monitors
2026/01/04 00:53:24.124 26169 29702 Info Unity RTTRemoteMenu:HandleMonitorSelectionChanged(Int32, String)
2026/01/04 00:53:24.124 26169 29702 Info Unity RTTRemoteMenu:ApplySuggestedConfig(SuggestedStreamConfig)
2026/01/04 00:53:24.124 26169 29702 Info Unity VRWorkspace.Core.MainThreadDispatcher:Enqueue(Action)
2026/01/04 00:53:24.124 26169 29702 Info Unity VRWorkspace.Core.ObservableProperty`1:set_Value(T)
2026/01/04 00:53:24.124 26169 29702 Info Unity VRWorkspace.ViewModels.<>c__DisplayClass94_0:<SubscribeToEvents>b__2(SuggestedStreamConfig)
2026/01/04 00:53:24.124 26169 29702 Info Unity VRWorkspace.Streaming.PhaseProtocolClient:HandleSuggestedConfig(SimpleJson)
2026/01/04 00:53:24.124 26169 29702 Info Unity VRWorkspace.Streaming.<HandleTextMessageAsync>d__112:MoveNext()
2026/01/04 00:53:24.124 26169 29702 Info Unity System.Runtime.CompilerServices.AsyncTaskMethodBuilder:Start(TStateMachine&)
2026/01/04 00:53:24.124 26169 29702 Info Unity VRWorkspace.Streaming.PhaseProtocolClient:HandleTextMessageAsync(String)
2026/01/04 00:53:24.124 26169 29702 Info Unity VRWorkspace.Streaming.<ReceiveLoopAsync>d__111:MoveNext()
2026/01/04 00:53:24.124 26169 29702 Info Unity System.Threading.ExecutionContext:RunInternal(ExecutionContext, ContextCallback, Object, Boolean)
2026/01/04 00:53:24.124 26169 29702 Info Unity System.Runtime.CompilerServices.MoveNextRunner:Run()
2026/01/04 00:53:24.124 26169 29702 Info Unity UnityEngine.WorkRequest:Invoke()
2026/01/04 00:53:24.124 26169 29702 Info Unity UnityEngine.UnitySynchronizationContext:Exec()
2026/01/04 00:53:24.125 26169 29702 Info Unity Resolution: 1600 x 900
2026/01/04 00:53:24.125 26169 29702 Info Unity RTTRemoteMenu:RecalculateSuggestionsForMonitorCount(Int32)
2026/01/04 00:53:24.125 26169 29702 Info Unity RTTRemoteMenu:HandleMonitorSelectionChanged(Int32, String)
2026/01/04 00:53:24.125 26169 29702 Info Unity RTTRemoteMenu:ApplySuggestedConfig(SuggestedStreamConfig)
2026/01/04 00:53:24.125 26169 29702 Info Unity VRWorkspace.Core.MainThreadDispatcher:Enqueue(Action)
2026/01/04 00:53:24.125 26169 29702 Info Unity VRWorkspace.Core.ObservableProperty`1:set_Value(T)
2026/01/04 00:53:24.125 26169 29702 Info Unity VRWorkspace.ViewModels.<>c__DisplayClass94_0:<SubscribeToEvents>b__2(SuggestedStreamConfig)
2026/01/04 00:53:24.125 26169 29702 Info Unity VRWorkspace.Streaming.PhaseProtocolClient:HandleSuggestedConfig(SimpleJson)
2026/01/04 00:53:24.125 26169 29702 Info Unity VRWorkspace.Streaming.<HandleTextMessageAsync>d__112:MoveNext()
2026/01/04 00:53:24.125 26169 29702 Info Unity System.Runtime.CompilerServices.AsyncTaskMethodBuilder:Start(TStateMachine&)
2026/01/04 00:53:24.125 26169 29702 Info Unity VRWorkspace.Streaming.PhaseProtocolClient:HandleTextMessageAsync(String)
2026/01/04 00:53:24.125 26169 29702 Info Unity VRWorkspace.Streaming.<ReceiveLoopAsync>d__111:MoveNext()
2026/01/04 00:53:24.125 26169 29702 Info Unity System.Threading.ExecutionContext:RunInternal(ExecutionContext, ContextCallback, Object, Boolean)
2026/01/04 00:53:24.125 26169 29702 Info Unity System.Runtime.CompilerServices.MoveNextRunner:Run()
2026/01/04 00:53:24.125 26169 29702 Info Unity UnityEngine.WorkRequest:Invoke()
2026/01/04 00:53:24.125 26169 29702 Info Unity UnityEngine.UnitySynchronizationContext:Exec()
2026/01/04 00:53:24.125 26169 29702 Info Unity Bitrate: 15 Mbps
2026/01/04 00:53:24.125 26169 29702 Info Unity RTTRemoteMenu:RecalculateSuggestionsForMonitorCount(Int32)
2026/01/04 00:53:24.125 26169 29702 Info Unity RTTRemoteMenu:HandleMonitorSelectionChanged(Int32, String)
2026/01/04 00:53:24.125 26169 29702 Info Unity RTTRemoteMenu:ApplySuggestedConfig(SuggestedStreamConfig)
2026/01/04 00:53:24.125 26169 29702 Info Unity VRWorkspace.Core.MainThreadDispatcher:Enqueue(Action)
2026/01/04 00:53:24.125 26169 29702 Info Unity VRWorkspace.Core.ObservableProperty`1:set_Value(T)
2026/01/04 00:53:24.125 26169 29702 Info Unity VRWorkspace.ViewModels.<>c__DisplayClass94_0:<SubscribeToEvents>b__2(SuggestedStreamConfig)
2026/01/04 00:53:24.125 26169 29702 Info Unity VRWorkspace.Streaming.PhaseProtocolClient:HandleSuggestedConfig(SimpleJson)
2026/01/04 00:53:24.125 26169 29702 Info Unity VRWorkspace.Streaming.<HandleTextMessageAsync>d__112:MoveNext()
2026/01/04 00:53:24.125 26169 29702 Info Unity System.Runtime.CompilerServices.AsyncTaskMethodBuilder:Start(TStateMachine&)
2026/01/04 00:53:24.125 26169 29702 Info Unity VRWorkspace.Streaming.PhaseProtocolClient:HandleTextMessageAsync(String)
2026/01/04 00:53:24.125 26169 29702 Info Unity VRWorkspace.Streaming.<ReceiveLoopAsync>d__111:MoveNext()
2026/01/04 00:53:24.125 26169 29702 Info Unity System.Threading.ExecutionContext:RunInternal(ExecutionContext, ContextCallback, Object, Boolean)
2026/01/04 00:53:24.125 26169 29702 Info Unity System.Runtime.CompilerServices.MoveNextRunner:Run()
2026/01/04 00:53:24.125 26169 29702 Info Unity UnityEngine.WorkRequest:Invoke()
2026/01/04 00:53:24.125 26169 29702 Info Unity UnityEngine.UnitySynchronizationContext:Exec()
2026/01/04 00:53:24.126 26169 29702 Info Unity FPS: 45 FPS
2026/01/04 00:53:24.126 26169 29702 Info Unity RTTRemoteMenu:RecalculateSuggestionsForMonitorCount(Int32)
2026/01/04 00:53:24.126 26169 29702 Info Unity RTTRemoteMenu:HandleMonitorSelectionChanged(Int32, String)
2026/01/04 00:53:24.126 26169 29702 Info Unity RTTRemoteMenu:ApplySuggestedConfig(SuggestedStreamConfig)
2026/01/04 00:53:24.126 26169 29702 Info Unity VRWorkspace.Core.MainThreadDispatcher:Enqueue(Action)
2026/01/04 00:53:24.126 26169 29702 Info Unity VRWorkspace.Core.ObservableProperty`1:set_Value(T)
2026/01/04 00:53:24.126 26169 29702 Info Unity VRWorkspace.ViewModels.<>c__DisplayClass94_0:<SubscribeToEvents>b__2(SuggestedStreamConfig)
2026/01/04 00:53:24.126 26169 29702 Info Unity VRWorkspace.Streaming.PhaseProtocolClient:HandleSuggestedConfig(SimpleJson)
2026/01/04 00:53:24.126 26169 29702 Info Unity VRWorkspace.Streaming.<HandleTextMessageAsync>d__112:MoveNext()
2026/01/04 00:53:24.126 26169 29702 Info Unity System.Runtime.CompilerServices.AsyncTaskMethodBuilder:Start(TStateMachine&)
2026/01/04 00:53:24.126 26169 29702 Info Unity VRWorkspace.Streaming.PhaseProtocolClient:HandleTextMessageAsync(String)
2026/01/04 00:53:24.126 26169 29702 Info Unity VRWorkspace.Streaming.<ReceiveLoopAsync>d__111:MoveNext()
2026/01/04 00:53:24.126 26169 29702 Info Unity System.Threading.ExecutionContext:RunInternal(ExecutionContext, ContextCallback, Object, Boolean)
2026/01/04 00:53:24.126 26169 29702 Info Unity System.Runtime.CompilerServices.MoveNextRunner:Run()
2026/01/04 00:53:24.126 26169 29702 Info Unity UnityEngine.WorkRequest:Invoke()
2026/01/04 00:53:24.126 26169 29702 Info Unity UnityEngine.UnitySynchronizationContext:Exec()
2026/01/04 00:53:24.126 26169 29702 Info Unity [RTTRemoteMenu] Auto-selected for 3 monitors: Res=1600 x 900, Bitrate=15 Mbps, FPS=45 FPS
2026/01/04 00:53:24.126 26169 29702 Info Unity RTTRemoteMenu:RecalculateSuggestionsForMonitorCount(Int32)
2026/01/04 00:53:24.126 26169 29702 Info Unity RTTRemoteMenu:HandleMonitorSelectionChanged(Int32, String)
2026/01/04 00:53:24.126 26169 29702 Info Unity RTTRemoteMenu:ApplySuggestedConfig(SuggestedStreamConfig)
2026/01/04 00:53:24.126 26169 29702 Info Unity VRWorkspace.Core.MainThreadDispatcher:Enqueue(Action)
2026/01/04 00:53:24.126 26169 29702 Info Unity VRWorkspace.Core.ObservableProperty`1:set_Value(T)
2026/01/04 00:53:24.126 26169 29702 Info Unity VRWorkspace.ViewModels.<>c__DisplayClass94_0:<SubscribeToEvents>b__2(SuggestedStreamConfig)
2026/01/04 00:53:24.126 26169 29702 Info Unity VRWorkspace.Streaming.PhaseProtocolClient:HandleSuggestedConfig(SimpleJson)
2026/01/04 00:53:24.126 26169 29702 Info Unity VRWorkspace.Streaming.<HandleTextMessageAsync>d__112:MoveNext()
2026/01/04 00:53:24.126 26169 29702 Info Unity System.Runtime.CompilerServices.AsyncTaskMethodBuilder:Start(TStateMachine&)
2026/01/04 00:53:24.126 26169 29702 Info Unity VRWorkspace.Streaming.PhaseProtocolClient:HandleTextMessageAsync(String)
2026/01/04 00:53:24.126 26169 29702 Info Unity VRWorkspace.Streaming.<ReceiveLoopAsync>d__111:MoveNext()
2026/01/04 00:53:24.126 26169 29702 Info Unity System.Threading.ExecutionContext:RunInternal(ExecutionContext, ContextCallback, Object, Boolean)
2026/01/04 00:53:24.126 26169 29702 Info Unity System.Runtime.CompilerServices.MoveNextRunner:Run()
2026/01/04 00:53:24.126 26169 29702 Info Unity UnityEngine.WorkRequest:Invoke()
2026/01/04 00:53:24.126 26169 29702 Info Unity UnityEngine.UnitySynchroniza
2026/01/04 00:53:24.127 26169 29702 Info Unity Resolution: 1600 x 900
2026/01/04 00:53:24.127 26169 29702 Info Unity RTTRemoteMenu:ApplySuggestedConfig(SuggestedStreamConfig)
2026/01/04 00:53:24.127 26169 29702 Info Unity VRWorkspace.Core.MainThreadDispatcher:Enqueue(Action)
2026/01/04 00:53:24.127 26169 29702 Info Unity VRWorkspace.Core.ObservableProperty`1:set_Value(T)
2026/01/04 00:53:24.127 26169 29702 Info Unity VRWorkspace.ViewModels.<>c__DisplayClass94_0:<SubscribeToEvents>b__2(SuggestedStreamConfig)
2026/01/04 00:53:24.127 26169 29702 Info Unity VRWorkspace.Streaming.PhaseProtocolClient:HandleSuggestedConfig(SimpleJson)
2026/01/04 00:53:24.127 26169 29702 Info Unity VRWorkspace.Streaming.<HandleTextMessageAsync>d__112:MoveNext()
2026/01/04 00:53:24.127 26169 29702 Info Unity System.Runtime.CompilerServices.AsyncTaskMethodBuilder:Start(TStateMachine&)
2026/01/04 00:53:24.127 26169 29702 Info Unity VRWorkspace.Streaming.PhaseProtocolClient:HandleTextMessageAsync(String)
2026/01/04 00:53:24.127 26169 29702 Info Unity VRWorkspace.Streaming.<ReceiveLoopAsync>d__111:MoveNext()
2026/01/04 00:53:24.127 26169 29702 Info Unity System.Threading.ExecutionContext:RunInternal(ExecutionContext, ContextCallback, Object, Boolean)
2026/01/04 00:53:24.127 26169 29702 Info Unity System.Runtime.CompilerServices.MoveNextRunner:Run()
2026/01/04 00:53:24.127 26169 29702 Info Unity UnityEngine.WorkRequest:Invoke()
2026/01/04 00:53:24.127 26169 29702 Info Unity UnityEngine.UnitySynchronizationContext:Exec()
2026/01/04 00:53:24.127 26169 29702 Info Unity Bitrate: 15 Mbps
2026/01/04 00:53:24.127 26169 29702 Info Unity RTTRemoteMenu:ApplySuggestedConfig(SuggestedStreamConfig)
2026/01/04 00:53:24.127 26169 29702 Info Unity VRWorkspace.Core.MainThreadDispatcher:Enqueue(Action)
2026/01/04 00:53:24.127 26169 29702 Info Unity VRWorkspace.Core.ObservableProperty`1:set_Value(T)
2026/01/04 00:53:24.127 26169 29702 Info Unity VRWorkspace.ViewModels.<>c__DisplayClass94_0:<SubscribeToEvents>b__2(SuggestedStreamConfig)
2026/01/04 00:53:24.127 26169 29702 Info Unity VRWorkspace.Streaming.PhaseProtocolClient:HandleSuggestedConfig(SimpleJson)
2026/01/04 00:53:24.127 26169 29702 Info Unity VRWorkspace.Streaming.<HandleTextMessageAsync>d__112:MoveNext()
2026/01/04 00:53:24.127 26169 29702 Info Unity System.Runtime.CompilerServices.AsyncTaskMethodBuilder:Start(TStateMachine&)
2026/01/04 00:53:24.127 26169 29702 Info Unity VRWorkspace.Streaming.PhaseProtocolClient:HandleTextMessageAsync(String)
2026/01/04 00:53:24.127 26169 29702 Info Unity VRWorkspace.Streaming.<ReceiveLoopAsync>d__111:MoveNext()
2026/01/04 00:53:24.127 26169 29702 Info Unity System.Threading.ExecutionContext:RunInternal(ExecutionContext, ContextCallback, Object, Boolean)
2026/01/04 00:53:24.127 26169 29702 Info Unity System.Runtime.CompilerServices.MoveNextRunner:Run()
2026/01/04 00:53:24.127 26169 29702 Info Unity UnityEngine.WorkRequest:Invoke()
2026/01/04 00:53:24.127 26169 29702 Info Unity UnityEngine.UnitySynchronizationContext:Exec()
2026/01/04 00:53:24.128 26169 29702 Info Unity FPS: 45 FPS
2026/01/04 00:53:24.128 26169 29702 Info Unity RTTRemoteMenu:ApplySuggestedConfig(SuggestedStreamConfig)
2026/01/04 00:53:24.128 26169 29702 Info Unity VRWorkspace.Core.MainThreadDispatcher:Enqueue(Action)
2026/01/04 00:53:24.128 26169 29702 Info Unity VRWorkspace.Core.ObservableProperty`1:set_Value(T)
2026/01/04 00:53:24.128 26169 29702 Info Unity VRWorkspace.ViewModels.<>c__DisplayClass94_0:<SubscribeToEvents>b__2(SuggestedStreamConfig)
2026/01/04 00:53:24.128 26169 29702 Info Unity VRWorkspace.Streaming.PhaseProtocolClient:HandleSuggestedConfig(SimpleJson)
2026/01/04 00:53:24.128 26169 29702 Info Unity VRWorkspace.Streaming.<HandleTextMessageAsync>d__112:MoveNext()
2026/01/04 00:53:24.128 26169 29702 Info Unity System.Runtime.CompilerServices.AsyncTaskMethodBuilder:Start(TStateMachine&)
2026/01/04 00:53:24.128 26169 29702 Info Unity VRWorkspace.Streaming.PhaseProtocolClient:HandleTextMessageAsync(String)
2026/01/04 00:53:24.128 26169 29702 Info Unity VRWorkspace.Streaming.<ReceiveLoopAsync>d__111:MoveNext()
2026/01/04 00:53:24.128 26169 29702 Info Unity System.Threading.ExecutionContext:RunInternal(ExecutionContext, ContextCallback, Object, Boolean)
2026/01/04 00:53:24.128 26169 29702 Info Unity System.Runtime.CompilerServices.MoveNextRunner:Run()
2026/01/04 00:53:24.128 26169 29702 Info Unity UnityEngine.WorkRequest:Invoke()
2026/01/04 00:53:24.128 26169 29702 Info Unity UnityEngine.UnitySynchronizationContext:Exec()
2026/01/04 00:53:24.128 26169 29702 Info Unity [RTTRemoteMenu] Applied suggested config: 3mon @ 1600x900, 45fps, 15000kbps
2026/01/04 00:53:24.128 26169 29702 Info Unity RTTRemoteMenu:ApplySuggestedConfig(SuggestedStreamConfig)
2026/01/04 00:53:24.128 26169 29702 Info Unity VRWorkspace.Core.MainThreadDispatcher:Enqueue(Action)
2026/01/04 00:53:24.128 26169 29702 Info Unity VRWorkspace.Core.ObservableProperty`1:set_Value(T)
2026/01/04 00:53:24.128 26169 29702 Info Unity VRWorkspace.ViewModels.<>c__DisplayClass94_0:<SubscribeToEvents>b__2(SuggestedStreamConfig)
2026/01/04 00:53:24.128 26169 29702 Info Unity VRWorkspace.Streaming.PhaseProtocolClient:HandleSuggestedConfig(SimpleJson)
2026/01/04 00:53:24.128 26169 29702 Info Unity VRWorkspace.Streaming.<HandleTextMessageAsync>d__112:MoveNext()
2026/01/04 00:53:24.128 26169 29702 Info Unity System.Runtime.CompilerServices.AsyncTaskMethodBuilder:Start(TStateMachine&)
2026/01/04 00:53:24.128 26169 29702 Info Unity VRWorkspace.Streaming.PhaseProtocolClient:HandleTextMessageAsync(String)
2026/01/04 00:53:24.128 26169 29702 Info Unity VRWorkspace.Streaming.<ReceiveLoopAsync>d__111:MoveNext()
2026/01/04 00:53:24.128 26169 29702 Info Unity System.Threading.ExecutionContext:RunInternal(ExecutionContext, ContextCallback, Object, Boolean)
2026/01/04 00:53:24.128 26169 29702 Info Unity System.Runtime.CompilerServices.MoveNextRunner:Run()
2026/01/04 00:53:24.128 26169 29702 Info Unity UnityEngine.WorkRequest:Invoke()
2026/01/04 00:53:24.128 26169 29702 Info Unity UnityEngine.UnitySynchronizationContext:Exec()
2026/01/04 00:53:24.129 26169 29702 Info Unity [RTTRemoteMenu] Selected indices: Mon=2, Res=2, Bitrate=2, FPS=1
2026/01/04 00:53:24.129 26169 29702 Info Unity RTTRemoteMenu:ApplySuggestedConfig(SuggestedStreamConfig)
2026/01/04 00:53:24.129 26169 29702 Info Unity VRWorkspace.Core.MainThreadDispatcher:Enqueue(Action)
2026/01/04 00:53:24.129 26169 29702 Info Unity VRWorkspace.Core.ObservableProperty`1:set_Value(T)
2026/01/04 00:53:24.129 26169 29702 Info Unity VRWorkspace.ViewModels.<>c__DisplayClass94_0:<SubscribeToEvents>b__2(SuggestedStreamConfig)
2026/01/04 00:53:24.129 26169 29702 Info Unity VRWorkspace.Streaming.PhaseProtocolClient:HandleSuggestedConfig(SimpleJson)
2026/01/04 00:53:24.129 26169 29702 Info Unity VRWorkspace.Streaming.<HandleTextMessageAsync>d__112:MoveNext()
2026/01/04 00:53:24.129 26169 29702 Info Unity System.Runtime.CompilerServices.AsyncTaskMethodBuilder:Start(TStateMachine&)
2026/01/04 00:53:24.129 26169 29702 Info Unity VRWorkspace.Streaming.PhaseProtocolClient:HandleTextMessageAsync(String)
2026/01/04 00:53:24.129 26169 29702 Info Unity VRWorkspace.Streaming.<ReceiveLoopAsync>d__111:MoveNext()
2026/01/04 00:53:24.129 26169 29702 Info Unity System.Threading.ExecutionContext:RunInternal(ExecutionContext, ContextCallback, Object, Boolean)
2026/01/04 00:53:24.129 26169 29702 Info Unity System.Runtime.CompilerServices.MoveNextRunner:Run()
2026/01/04 00:53:24.129 26169 29702 Info Unity UnityEngine.WorkRequest:Invoke()
2026/01/04 00:53:24.129 26169 29702 Info Unity UnityEngine.UnitySynchronizationContext:Exec()
2026/01/04 00:53:24.129 26169 29702 Info Unity [RTTRemoteMenu] HandlePhaseChanged: SpeedTesting -> ConfiguringSettings
2026/01/04 00:53:24.129 26169 29702 Info Unity RTTRemoteMenu:HandlePhaseChanged(ConnectionPhase)
2026/01/04 00:53:24.129 26169 29702 Info Unity VRWorkspace.Core.MainThreadDispatcher:Enqueue(Action)
2026/01/04 00:53:24.129 26169 29702 Info Unity VRWorkspace.Core.ObservableProperty`1:set_Value(T)
2026/01/04 00:53:24.129 26169 29702 Info Unity VRWorkspace.Streaming.PhaseProtocolClient:HandleSuggestedConfig(SimpleJson)
2026/01/04 00:53:24.129 26169 29702 Info Unity VRWorkspace.Streaming.<HandleTextMessageAsync>d__112:MoveNext()
2026/01/04 00:53:24.129 26169 29702 Info Unity System.Runtime.CompilerServices.AsyncTaskMethodBuilder:Start(TStateMachine&)
2026/01/04 00:53:24.129 26169 29702 Info Unity VRWorkspace.Streaming.PhaseProtocolClient:HandleTextMessageAsync(String)
2026/01/04 00:53:24.129 26169 29702 Info Unity VRWorkspace.Streaming.<ReceiveLoopAsync>d__111:MoveNext()
2026/01/04 00:53:24.129 26169 29702 Info Unity System.Threading.ExecutionContext:RunInternal(ExecutionContext, ContextCallback, Object, Boolean)
2026/01/04 00:53:24.129 26169 29702 Info Unity System.Runtime.CompilerServices.MoveNextRunner:Run()
2026/01/04 00:53:24.129 26169 29702 Info Unity UnityEngine.WorkRequest:Invoke()
2026/01/04 00:53:24.129 26169 29702 Info Unity UnityEngine.UnitySynchronizationContext:Exec()
2026/01/04 00:53:25.906 26169 29702 Info Unity [PhaseProtocol] Received: pong...
2026/01/04 00:53:25.906 26169 29702 Info Unity VRWorkspace.Streaming.<HandleTextMessageAsync>d__112:MoveNext()
2026/01/04 00:53:25.906 26169 29702 Info Unity System.Runtime.CompilerServices.AsyncTaskMethodBuilder:Start(TStateMachine&)
2026/01/04 00:53:25.906 26169 29702 Info Unity VRWorkspace.Streaming.PhaseProtocolClient:HandleTextMessageAsync(String)
2026/01/04 00:53:25.906 26169 29702 Info Unity VRWorkspace.Streaming.<ReceiveLoopAsync>d__111:MoveNext()
2026/01/04 00:53:25.906 26169 29702 Info Unity System.Threading.ExecutionContext:RunInternal(ExecutionContext, ContextCallback, Object, Boolean)
2026/01/04 00:53:25.906 26169 29702 Info Unity System.Runtime.CompilerServices.MoveNextRunner:Run()
2026/01/04 00:53:25.906 26169 29702 Info Unity UnityEngine.WorkRequest:Invoke()
2026/01/04 00:53:25.906 26169 29702 Info Unity UnityEngine.UnitySynchronizationContext:Exec()
2026/01/04 00:53:28.890 26169 29702 Info Unity [RTTRemoteMenu] Monitor selection changed: index=1, value=2 Monitors
2026/01/04 00:53:28.890 26169 29702 Info Unity RTTRemoteMenu:HandleMonitorSelectionChanged(Int32, String)
2026/01/04 00:53:28.890 26169 29702 Info Unity UnityEngine.Events.UnityEvent:Invoke()
2026/01/04 00:53:28.890 26169 29702 Info Unity UnityEngine.EventSystems.ExecuteEvents:Execute(GameObject, BaseEventData, EventFunction`1)
2026/01/04 00:53:28.890 26169 29702 Info Unity VRGazeReticle:HandlePointerClick(GameObject, Vector2)
2026/01/04 00:53:28.890 26169 29702 Info Unity VRGazeReticle:ProcessDwellClick(Vector3, GameObject, RaycastHit)
2026/01/04 00:53:28.890 26169 29702 Info Unity VRGazeReticle:CheckGaze()
2026/01/04 00:53:28.891 26169 29702 Info Unity Resolution: 1920 x 1080
2026/01/04 00:53:28.891 26169 29702 Info Unity RTTRemoteMenu:RecalculateSuggestionsForMonitorCount(Int32)
2026/01/04 00:53:28.891 26169 29702 Info Unity RTTRemoteMenu:HandleMonitorSelectionChanged(Int32, String)
2026/01/04 00:53:28.891 26169 29702 Info Unity UnityEngine.Events.UnityEvent:Invoke()
2026/01/04 00:53:28.891 26169 29702 Info Unity UnityEngine.EventSystems.ExecuteEvents:Execute(GameObject, BaseEventData, EventFunction`1)
2026/01/04 00:53:28.891 26169 29702 Info Unity VRGazeReticle:HandlePointerClick(GameObject, Vector2)
2026/01/04 00:53:28.891 26169 29702 Info Unity VRGazeReticle:ProcessDwellClick(Vector3, GameObject, RaycastHit)
2026/01/04 00:53:28.891 26169 29702 Info Unity VRGazeReticle:CheckGaze()
2026/01/04 00:53:28.892 26169 29702 Info Unity Bitrate: 15 Mbps
2026/01/04 00:53:28.892 26169 29702 Info Unity RTTRemoteMenu:RecalculateSuggestionsForMonitorCount(Int32)
2026/01/04 00:53:28.892 26169 29702 Info Unity RTTRemoteMenu:HandleMonitorSelectionChanged(Int32, String)
2026/01/04 00:53:28.892 26169 29702 Info Unity UnityEngine.Events.UnityEvent:Invoke()
2026/01/04 00:53:28.892 26169 29702 Info Unity UnityEngine.EventSystems.ExecuteEvents:Execute(GameObject, BaseEventData, EventFunction`1)
2026/01/04 00:53:28.892 26169 29702 Info Unity VRGazeReticle:HandlePointerClick(GameObject, Vector2)
2026/01/04 00:53:28.892 26169 29702 Info Unity VRGazeReticle:ProcessDwellClick(Vector3, GameObject, RaycastHit)
2026/01/04 00:53:28.892 26169 29702 Info Unity VRGazeReticle:CheckGaze()
2026/01/04 00:53:28.893 26169 29702 Info Unity FPS: 45 FPS
2026/01/04 00:53:28.893 26169 29702 Info Unity RTTRemoteMenu:RecalculateSuggestionsForMonitorCount(Int32)
2026/01/04 00:53:28.893 26169 29702 Info Unity RTTRemoteMenu:HandleMonitorSelectionChanged(Int32, String)
2026/01/04 00:53:28.893 26169 29702 Info Unity UnityEngine.Events.UnityEvent:Invoke()
2026/01/04 00:53:28.893 26169 29702 Info Unity UnityEngine.EventSystems.ExecuteEvents:Execute(GameObject, BaseEventData, EventFunction`1)
2026/01/04 00:53:28.893 26169 29702 Info Unity VRGazeReticle:HandlePointerClick(GameObject, Vector2)
2026/01/04 00:53:28.893 26169 29702 Info Unity VRGazeReticle:ProcessDwellClick(Vector3, GameObject, RaycastHit)
2026/01/04 00:53:28.893 26169 29702 Info Unity VRGazeReticle:CheckGaze()
2026/01/04 00:53:28.894 26169 29702 Info Unity [RTTRemoteMenu] Auto-selected for 2 monitors: Res=1920 x 1080, Bitrate=15 Mbps, FPS=45 FPS
2026/01/04 00:53:28.894 26169 29702 Info Unity RTTRemoteMenu:RecalculateSuggestionsForMonitorCount(Int32)
2026/01/04 00:53:28.894 26169 29702 Info Unity RTTRemoteMenu:HandleMonitorSelectionChanged(Int32, String)
2026/01/04 00:53:28.894 26169 29702 Info Unity UnityEngine.Events.UnityEvent:Invoke()
2026/01/04 00:53:28.894 26169 29702 Info Unity UnityEngine.EventSystems.ExecuteEvents:Execute(GameObject, BaseEventData, EventFunction`1)
2026/01/04 00:53:28.894 26169 29702 Info Unity VRGazeReticle:HandlePointerClick(GameObject, Vector2)
2026/01/04 00:53:28.894 26169 29702 Info Unity VRGazeReticle:ProcessDwellClick(Vector3, GameObject, RaycastHit)
2026/01/04 00:53:28.894 26169 29702 Info Unity VRGazeReticle:CheckGaze()
2026/01/04 00:53:28.907 26169 29702 Info Unity [PhaseProtocol] Received: pong...
2026/01/04 00:53:28.907 26169 29702 Info Unity VRWorkspace.Streaming.<HandleTextMessageAsync>d__112:MoveNext()
2026/01/04 00:53:28.907 26169 29702 Info Unity System.Runtime.CompilerServices.AsyncTaskMethodBuilder:Start(TStateMachine&)
2026/01/04 00:53:28.907 26169 29702 Info Unity VRWorkspace.Streaming.PhaseProtocolClient:HandleTextMessageAsync(String)
2026/01/04 00:53:28.907 26169 29702 Info Unity VRWorkspace.Streaming.<ReceiveLoopAsync>d__111:MoveNext()
2026/01/04 00:53:28.907 26169 29702 Info Unity System.Threading.ExecutionContext:RunInternal(ExecutionContext, ContextCallback, Object, Boolean)
2026/01/04 00:53:28.907 26169 29702 Info Unity System.Runtime.CompilerServices.MoveNextRunner:Run()
2026/01/04 00:53:28.907 26169 29702 Info Unity UnityEngine.WorkRequest:Invoke()
2026/01/04 00:53:28.907 26169 29702 Info Unity UnityEngine.UnitySynchronizationContext:Exec()
2026/01/04 00:53:31.945 26169 29702 Info Unity [PhaseProtocol] Received: pong...
2026/01/04 00:53:31.945 26169 29702 Info Unity VRWorkspace.Streaming.<HandleTextMessageAsync>d__112:MoveNext()
2026/01/04 00:53:31.945 26169 29702 Info Unity System.Runtime.CompilerServices.AsyncTaskMethodBuilder:Start(TStateMachine&)
2026/01/04 00:53:31.945 26169 29702 Info Unity VRWorkspace.Streaming.PhaseProtocolClient:HandleTextMessageAsync(String)
2026/01/04 00:53:31.945 26169 29702 Info Unity VRWorkspace.Streaming.<ReceiveLoopAsync>d__111:MoveNext()
2026/01/04 00:53:31.945 26169 29702 Info Unity System.Threading.ExecutionContext:RunInternal(ExecutionContext, ContextCallback, Object, Boolean)
2026/01/04 00:53:31.945 26169 29702 Info Unity System.Runtime.CompilerServices.MoveNextRunner:Run()
2026/01/04 00:53:31.945 26169 29702 Info Unity UnityEngine.WorkRequest:Invoke()
2026/01/04 00:53:31.945 26169 29702 Info Unity UnityEngine.UnitySynchronizationContext:Exec()
2026/01/04 00:53:33.940 26169 29702 Info Unity FPS: 60 FPS
2026/01/04 00:53:33.940 26169 29702 Info Unity UnityEngine.Events.UnityEvent:Invoke()
2026/01/04 00:53:33.940 26169 29702 Info Unity UnityEngine.EventSystems.ExecuteEvents:Execute(GameObject, BaseEventData, EventFunction`1)
2026/01/04 00:53:33.940 26169 29702 Info Unity VRGazeReticle:HandlePointerClick(GameObject, Vector2)
2026/01/04 00:53:33.940 26169 29702 Info Unity VRGazeReticle:ProcessDwellClick(Vector3, GameObject, RaycastHit)
2026/01/04 00:53:33.940 26169 29702 Info Unity VRGazeReticle:CheckGaze()
2026/01/04 00:53:34.965 26169 29702 Info Unity [PhaseProtocol] Received: pong...
2026/01/04 00:53:34.965 26169 29702 Info Unity VRWorkspace.Streaming.<HandleTextMessageAsync>d__112:MoveNext()
2026/01/04 00:53:34.965 26169 29702 Info Unity System.Runtime.CompilerServices.AsyncTaskMethodBuilder:Start(TStateMachine&)
2026/01/04 00:53:34.965 26169 29702 Info Unity VRWorkspace.Streaming.PhaseProtocolClient:HandleTextMessageAsync(String)
2026/01/04 00:53:34.965 26169 29702 Info Unity VRWorkspace.Streaming.<ReceiveLoopAsync>d__111:MoveNext()
2026/01/04 00:53:34.965 26169 29702 Info Unity System.Threading.ExecutionContext:RunInternal(ExecutionContext, ContextCallback, Object, Boolean)
2026/01/04 00:53:34.965 26169 29702 Info Unity System.Runtime.CompilerServices.MoveNextRunner:Run()
2026/01/04 00:53:34.965 26169 29702 Info Unity UnityEngine.WorkRequest:Invoke()
2026/01/04 00:53:34.965 26169 29702 Info Unity UnityEngine.UnitySynchronizationContext:Exec()
2026/01/04 00:53:37.991 26169 29702 Info Unity [PhaseProtocol] Received: pong...
2026/01/04 00:53:37.991 26169 29702 Info Unity VRWorkspace.Streaming.<HandleTextMessageAsync>d__112:MoveNext()
2026/01/04 00:53:37.991 26169 29702 Info Unity System.Runtime.CompilerServices.AsyncTaskMethodBuilder:Start(TStateMachine&)
2026/01/04 00:53:37.991 26169 29702 Info Unity VRWorkspace.Streaming.PhaseProtocolClient:HandleTextMessageAsync(String)
2026/01/04 00:53:37.991 26169 29702 Info Unity VRWorkspace.Streaming.<ReceiveLoopAsync>d__111:MoveNext()
2026/01/04 00:53:37.991 26169 29702 Info Unity System.Threading.ExecutionContext:RunInternal(ExecutionContext, ContextCallback, Object, Boolean)
2026/01/04 00:53:37.991 26169 29702 Info Unity System.Runtime.CompilerServices.MoveNextRunner:Run()
2026/01/04 00:53:37.991 26169 29702 Info Unity UnityEngine.WorkRequest:Invoke()
2026/01/04 00:53:37.991 26169 29702 Info Unity UnityEngine.UnitySynchronizationContext:Exec()
2026/01/04 00:53:39.527 26169 29702 Info Unity [RTTRemoteMenu] Button clicked! viewModel=True, currentPhase=ConfiguringSettings
2026/01/04 00:53:39.527 26169 29702 Info Unity <OnConnectButtonClicked>d__71:MoveNext()
2026/01/04 00:53:39.527 26169 29702 Info Unity System.Runtime.CompilerServices.AsyncVoidMethodBuilder:Start(TStateMachine&)
2026/01/04 00:53:39.527 26169 29702 Info Unity RTTRemoteMenu:OnConnectButtonClicked()
2026/01/04 00:53:39.527 26169 29702 Info Unity UnityEngine.Events.UnityEvent:Invoke()
2026/01/04 00:53:39.527 26169 29702 Info Unity UnityEngine.EventSystems.ExecuteEvents:Execute(GameObject, BaseEventData, EventFunction`1)
2026/01/04 00:53:39.527 26169 29702 Info Unity RTTRaycastManager:SendClick()
2026/01/04 00:53:39.527 26169 29702 Info Unity VRGazeReticle:CheckGaze()
2026/01/04 00:53:39.528 26169 29702 Info Unity [RTTRemoteMenu] Starting with progress UI...
2026/01/04 00:53:39.528 26169 29702 Info Unity <OnConnectButtonClicked>d__71:MoveNext()
2026/01/04 00:53:39.528 26169 29702 Info Unity System.Runtime.CompilerServices.AsyncVoidMethodBuilder:Start(TStateMachine&)
2026/01/04 00:53:39.528 26169 29702 Info Unity RTTRemoteMenu:OnConnectButtonClicked()
2026/01/04 00:53:39.528 26169 29702 Info Unity UnityEngine.Events.UnityEvent:Invoke()
2026/01/04 00:53:39.528 26169 29702 Info Unity UnityEngine.EventSystems.ExecuteEvents:Execute(GameObject, BaseEventData, EventFunction`1)
2026/01/04 00:53:39.528 26169 29702 Info Unity RTTRaycastManager:SendClick()
2026/01/04 00:53:39.528 26169 29702 Info Unity VRGazeReticle:CheckGaze()
2026/01/04 00:53:39.529 26169 29702 Info Unity [RemotePreferences] Saved to /storage/emulated/0/Android/data/com.Reka.VRWorkSpace/files/remote_preferences.json
2026/01/04 00:53:39.529 26169 29702 Info Unity VRWorkspace.Streaming.RemotePreferences:Save()
2026/01/04 00:53:39.529 26169 29702 Info Unity RTTRemoteMenu:SaveCurrentSelections()
2026/01/04 00:53:39.529 26169 29702 Info Unity <OnConnectButtonClicked>d__71:MoveNext()
2026/01/04 00:53:39.529 26169 29702 Info Unity System.Runtime.CompilerServices.AsyncVoidMethodBuilder:Start(TStateMachine&)
2026/01/04 00:53:39.529 26169 29702 Info Unity RTTRemoteMenu:OnConnectButtonClicked()
2026/01/04 00:53:39.529 26169 29702 Info Unity UnityEngine.Events.UnityEvent:Invoke()
2026/01/04 00:53:39.529 26169 29702 Info Unity UnityEngine.EventSystems.ExecuteEvents:Execute(GameObject, BaseEventData, EventFunction`1)
2026/01/04 00:53:39.529 26169 29702 Info Unity RTTRaycastManager:SendClick()
2026/01/04 00:53:39.529 26169 29702 Info Unity VRGazeReticle:CheckGaze()
2026/01/04 00:53:39.531 26169 29702 Info Unity [RTTRemoteMenu] Saved preferences: 1mon, 1920 x 1080, 15 Mbps, 60 FPS
2026/01/04 00:53:39.531 26169 29702 Info Unity RTTRemoteMenu:SaveCurrentSelections()
2026/01/04 00:53:39.531 26169 29702 Info Unity <OnConnectButtonClicked>d__71:MoveNext()
2026/01/04 00:53:39.531 26169 29702 Info Unity System.Runtime.CompilerServices.AsyncVoidMethodBuilder:Start(TStateMachine&)
2026/01/04 00:53:39.531 26169 29702 Info Unity RTTRemoteMenu:OnConnectButtonClicked()
2026/01/04 00:53:39.531 26169 29702 Info Unity UnityEngine.Events.UnityEvent:Invoke()
2026/01/04 00:53:39.531 26169 29702 Info Unity UnityEngine.EventSystems.ExecuteEvents:Execute(GameObject, BaseEventData, EventFunction`1)
2026/01/04 00:53:39.531 26169 29702 Info Unity RTTRaycastManager:SendClick()
2026/01/04 00:53:39.531 26169 29702 Info Unity VRGazeReticle:CheckGaze()
2026/01/04 00:53:39.535 26169 29702 Info Unity [RTTRemoteMenu] Hardware frame hidden
2026/01/04 00:53:39.535 26169 29702 Info Unity RTTRemoteMenu:HideSidePanels()
2026/01/04 00:53:39.535 26169 29702 Info Unity RTTRemoteMenu:HideMenu()
2026/01/04 00:53:39.535 26169 29702 Info Unity <OnConnectButtonClicked>d__71:MoveNext()
2026/01/04 00:53:39.535 26169 29702 Info Unity System.Runtime.CompilerServices.AsyncVoidMethodBuilder:Start(TStateMachine&)
2026/01/04 00:53:39.535 26169 29702 Info Unity RTTRemoteMenu:OnConnectButtonClicked()
2026/01/04 00:53:39.535 26169 29702 Info Unity UnityEngine.Events.UnityEvent:Invoke()
2026/01/04 00:53:39.535 26169 29702 Info Unity UnityEngine.EventSystems.ExecuteEvents:Execute(GameObject, BaseEventData, EventFunction`1)
2026/01/04 00:53:39.535 26169 29702 Info Unity RTTRaycastManager:SendClick()
2026/01/04 00:53:39.535 26169 29702 Info Unity VRGazeReticle:CheckGaze()
2026/01/04 00:53:39.536 26169 29702 Info Unity [RTTRemoteMenu] Network frame hidden
2026/01/04 00:53:39.536 26169 29702 Info Unity RTTRemoteMenu:HideSidePanels()
2026/01/04 00:53:39.536 26169 29702 Info Unity RTTRemoteMenu:HideMenu()
2026/01/04 00:53:39.536 26169 29702 Info Unity <OnConnectButtonClicked>d__71:MoveNext()
2026/01/04 00:53:39.536 26169 29702 Info Unity System.Runtime.CompilerServices.AsyncVoidMethodBuilder:Start(TStateMachine&)
2026/01/04 00:53:39.536 26169 29702 Info Unity RTTRemoteMenu:OnConnectButtonClicked()
2026/01/04 00:53:39.536 26169 29702 Info Unity UnityEngine.Events.UnityEvent:Invoke()
2026/01/04 00:53:39.536 26169 29702 Info Unity UnityEngine.EventSystems.ExecuteEvents:Execute(GameObject, BaseEventData, EventFunction`1)
2026/01/04 00:53:39.536 26169 29702 Info Unity RTTRaycastManager:SendClick()
2026/01/04 00:53:39.536 26169 29702 Info Unity VRGazeReticle:CheckGaze()
2026/01/04 00:53:39.536 26169 29702 Info Unity [RTTRemoteMenu] HideSidePanels completed
2026/01/04 00:53:39.536 26169 29702 Info Unity RTTRemoteMenu:HideMenu()
2026/01/04 00:53:39.536 26169 29702 Info Unity <OnConnectButtonClicked>d__71:MoveNext()
2026/01/04 00:53:39.536 26169 29702 Info Unity System.Runtime.CompilerServices.AsyncVoidMethodBuilder:Start(TStateMachine&)
2026/01/04 00:53:39.536 26169 29702 Info Unity RTTRemoteMenu:OnConnectButtonClicked()
2026/01/04 00:53:39.536 26169 29702 Info Unity UnityEngine.Events.UnityEvent:Invoke()
2026/01/04 00:53:39.536 26169 29702 Info Unity UnityEngine.EventSystems.ExecuteEvents:Execute(GameObject, BaseEventData, EventFunction`1)
2026/01/04 00:53:39.536 26169 29702 Info Unity RTTRaycastManager:SendClick()
2026/01/04 00:53:39.536 26169 29702 Info Unity VRGazeReticle:CheckGaze()
2026/01/04 00:53:39.537 26169 29702 Info Unity [RTTRemoteMenu] Menu hidden
2026/01/04 00:53:39.537 26169 29702 Info Unity <OnConnectButtonClicked>d__71:MoveNext()
2026/01/04 00:53:39.537 26169 29702 Info Unity System.Runtime.CompilerServices.AsyncVoidMethodBuilder:Start(TStateMachine&)
2026/01/04 00:53:39.537 26169 29702 Info Unity RTTRemoteMenu:OnConnectButtonClicked()
2026/01/04 00:53:39.537 26169 29702 Info Unity UnityEngine.Events.UnityEvent:Invoke()
2026/01/04 00:53:39.537 26169 29702 Info Unity UnityEngine.EventSystems.ExecuteEvents:Execute(GameObject, BaseEventData, EventFunction`1)
2026/01/04 00:53:39.537 26169 29702 Info Unity RTTRaycastManager:SendClick()
2026/01/04 00:53:39.537 26169 29702 Info Unity VRGazeReticle:CheckGaze()
2026/01/04 00:53:39.538 26169 29702 Info Unity [RTTRemoteMenu] BuildConfigFromForm: 2mon @ 1920x1080, 60fps, 15000kbps
2026/01/04 00:53:39.538 26169 29702 Info Unity RTTRemoteMenu:BuildConfigFromForm()
2026/01/04 00:53:39.538 26169 29702 Info Unity <OnConnectButtonClicked>d__71:MoveNext()
2026/01/04 00:53:39.538 26169 29702 Info Unity System.Runtime.CompilerServices.AsyncVoidMethodBuilder:Start(TStateMachine&)
2026/01/04 00:53:39.538 26169 29702 Info Unity RTTRemoteMenu:OnConnectButtonClicked()
2026/01/04 00:53:39.538 26169 29702 Info Unity UnityEngine.Events.UnityEvent:Invoke()
2026/01/04 00:53:39.538 26169 29702 Info Unity UnityEngine.EventSystems.ExecuteEvents:Execute(GameObject, BaseEventData, EventFunction`1)
2026/01/04 00:53:39.538 26169 29702 Info Unity RTTRaycastManager:SendClick()
2026/01/04 00:53:39.538 26169 29702 Info Unity VRGazeReticle:CheckGaze()
2026/01/04 00:53:39.539 26169 29702 Info Unity [ConnectionViewModel] StartWithProgressAsync: 2 monitors
2026/01/04 00:53:39.539 26169 29702 Info Unity VRWorkspace.ViewModels.<StartWithProgressAsync>d__88:MoveNext()
2026/01/04 00:53:39.539 26169 29702 Info Unity System.Runtime.CompilerServices.AsyncTaskMethodBuilder:Start(TStateMachine&)
2026/01/04 00:53:39.539 26169 29702 Info Unity VRWorkspace.ViewModels.ConnectionViewModel:StartWithProgressAsync(StreamingConfig)
2026/01/04 00:53:39.539 26169 29702 Info Unity <OnConnectButtonClicked>d__71:MoveNext()
2026/01/04 00:53:39.539 26169 29702 Info Unity System.Runtime.CompilerServices.AsyncVoidMethodBuilder:Start(TStateMachine&)
2026/01/04 00:53:39.539 26169 29702 Info Unity RTTRemoteMenu:OnConnectButtonClicked()
2026/01/04 00:53:39.539 26169 29702 Info Unity UnityEngine.Events.UnityEvent:Invoke()
2026/01/04 00:53:39.539 26169 29702 Info Unity UnityEngine.EventSystems.ExecuteEvents:Execute(GameObject, BaseEventData, EventFunction`1)
2026/01/04 00:53:39.539 26169 29702 Info Unity RTTRaycastManager:SendClick()
2026/01/04 00:53:39.539 26169 29702 Info Unity VRGazeReticle:CheckGaze()
2026/01/04 00:53:39.547 26169 29702 Info Unity [WorldPanelClusterRig] Loaded 2 sample textures for testing
2026/01/04 00:53:39.547 26169 29702 Info Unity WorldPanelClusterRig:LoadSampleTextures()
2026/01/04 00:53:39.547 26169 29702 Info Unity WorldPanelClusterRig:CreatePanels(Int32)
2026/01/04 00:53:39.547 26169 29702 Info Unity WorldPanelClusterRig:BuildWithPanelCount(Int32)
2026/01/04 00:53:39.547 26169 29702 Info Unity RTTRemoteMenuController:HandleStartWithProgress(StreamingConfig)
2026/01/04 00:53:39.547 26169 29702 Info Unity VRWorkspace.ViewModels.<StartWithProgressAsync>d__88:MoveNext()
2026/01/04 00:53:39.547 26169 29702 Info Unity System.Runtime.CompilerServices.AsyncTaskMethodBuilder:Start(TStateMachine&)
2026/01/04 00:53:39.547 26169 29702 Info Unity VRWorkspace.ViewModels.ConnectionViewModel:StartWithProgressAsync(StreamingConfig)
2026/01/04 00:53:39.547 26169 29702 Info Unity <OnConnectButtonClicked>d__71:MoveNext()
2026/01/04 00:53:39.547 26169 29702 Info Unity System.Runtime.CompilerServices.AsyncVoidMethodBuilder:Start(TStateMachine&)
2026/01/04 00:53:39.547 26169 29702 Info Unity RTTRemoteMenu:OnConnectButtonClicked()
2026/01/04 00:53:39.547 26169 29702 Info Unity UnityEngine.Events.UnityEvent:Invoke()
2026/01/04 00:53:39.547 26169 29702 Info Unity UnityEngine.EventSystems.ExecuteEvents:Execute(GameObject, BaseEventData, EventFunction`1)
2026/01/04 00:53:39.547 26169 29702 Info Unity RTTRaycastManager:SendClick()
2026/01/04 00:53:39.547 26169 29702 Info Unity VRGazeReticle:CheckGaze()
2026/01/04 00:53:39.552 26169 29702 Info Unity [WorldPanelClusterRig] Built 2 panels with cluster visuals
2026/01/04 00:53:39.552 26169 29702 Info Unity WorldPanelClusterRig:BuildWithPanelCount(Int32)
2026/01/04 00:53:39.552 26169 29702 Info Unity RTTRemoteMenuController:HandleStartWithProgress(StreamingConfig)
2026/01/04 00:53:39.552 26169 29702 Info Unity VRWorkspace.ViewModels.<StartWithProgressAsync>d__88:MoveNext()
2026/01/04 00:53:39.552 26169 29702 Info Unity System.Runtime.CompilerServices.AsyncTaskMethodBuilder:Start(TStateMachine&)
2026/01/04 00:53:39.552 26169 29702 Info Unity VRWorkspace.ViewModels.ConnectionViewModel:StartWithProgressAsync(StreamingConfig)
2026/01/04 00:53:39.552 26169 29702 Info Unity <OnConnectButtonClicked>d__71:MoveNext()
2026/01/04 00:53:39.552 26169 29702 Info Unity System.Runtime.CompilerServices.AsyncVoidMethodBuilder:Start(TStateMachine&)
2026/01/04 00:53:39.552 26169 29702 Info Unity RTTRemoteMenu:OnConnectButtonClicked()
2026/01/04 00:53:39.552 26169 29702 Info Unity UnityEngine.Events.UnityEvent:Invoke()
2026/01/04 00:53:39.552 26169 29702 Info Unity UnityEngine.EventSystems.ExecuteEvents:Execute(GameObject, BaseEventData, EventFunction`1)
2026/01/04 00:53:39.552 26169 29702 Info Unity RTTRaycastManager:SendClick()
2026/01/04 00:53:39.552 26169 29702 Info Unity VRGazeReticle:CheckGaze()
2026/01/04 00:53:39.554 26169 29702 Info Unity [PhaseProtocol] ProceedToPhase2Async called, current phase: ConfiguringSettings
2026/01/04 00:53:39.554 26169 29702 Info Unity VRWorkspace.Streaming.<ProceedToPhase2Async>d__91:MoveNext()
2026/01/04 00:53:39.554 26169 29702 Info Unity System.Runtime.CompilerServices.AsyncTaskMethodBuilder:Start(TStateMachine&)
2026/01/04 00:53:39.554 26169 29702 Info Unity VRWorkspace.Streaming.PhaseProtocolClient:ProceedToPhase2Async(StreamingConfig)
2026/01/04 00:53:39.554 26169 29702 Info Unity VRWorkspace.ViewModels.<StartWithProgressAsync>d__88:MoveNext()
2026/01/04 00:53:39.554 26169 29702 Info Unity System.Runtime.CompilerServices.AsyncTaskMethodBuilder:Start(TStateMachine&)
2026/01/04 00:53:39.554 26169 29702 Info Unity VRWorkspace.ViewModels.ConnectionViewModel:StartWithProgressAsync(StreamingConfig)
2026/01/04 00:53:39.554 26169 29702 Info Unity <OnConnectButtonClicked>d__71:MoveNext()
2026/01/04 00:53:39.554 26169 29702 Info Unity System.Runtime.CompilerServices.AsyncVoidMethodBuilder:Start(TStateMachine&)
2026/01/04 00:53:39.554 26169 29702 Info Unity RTTRemoteMenu:OnConnectButtonClicked()
2026/01/04 00:53:39.554 26169 29702 Info Unity UnityEngine.Events.UnityEvent:Invoke()
2026/01/04 00:53:39.554 26169 29702 Info Unity UnityEngine.EventSystems.ExecuteEvents:Execute(GameObject, BaseEventData, EventFunction`1)
2026/01/04 00:53:39.554 26169 29702 Info Unity RTTRaycastManager:SendClick()
2026/01/04 00:53:39.554 26169 29702 Info Unity VRGazeReticle:CheckGaze()
2026/01/04 00:53:39.555 26169 29702 Info Unity [PhaseProtocol] Proceeding to Phase 2 with config: 2 monitors @ 1920x1080, 60fps, 15Mbps
2026/01/04 00:53:39.555 26169 29702 Info Unity VRWorkspace.Streaming.<ProceedToPhase2Async>d__91:MoveNext()
2026/01/04 00:53:39.555 26169 29702 Info Unity System.Runtime.CompilerServices.AsyncTaskMethodBuilder:Start(TStateMachine&)
2026/01/04 00:53:39.555 26169 29702 Info Unity VRWorkspace.Streaming.PhaseProtocolClient:ProceedToPhase2Async(StreamingConfig)
2026/01/04 00:53:39.555 26169 29702 Info Unity VRWorkspace.ViewModels.<StartWithProgressAsync>d__88:MoveNext()
2026/01/04 00:53:39.555 26169 29702 Info Unity System.Runtime.CompilerServices.AsyncTaskMethodBuilder:Start(TStateMachine&)
2026/01/04 00:53:39.555 26169 29702 Info Unity VRWorkspace.ViewModels.ConnectionViewModel:StartWithProgressAsync(StreamingConfig)
2026/01/04 00:53:39.555 26169 29702 Info Unity <OnConnectButtonClicked>d__71:MoveNext()
2026/01/04 00:53:39.555 26169 29702 Info Unity System.Runtime.CompilerServices.AsyncVoidMethodBuilder:Start(TStateMachine&)
2026/01/04 00:53:39.555 26169 29702 Info Unity RTTRemoteMenu:OnConnectButtonClicked()
2026/01/04 00:53:39.555 26169 29702 Info Unity UnityEngine.Events.UnityEvent:Invoke()
2026/01/04 00:53:39.555 26169 29702 Info Unity UnityEngine.EventSystems.ExecuteEvents:Execute(GameObject, BaseEventData, EventFunction`1)
2026/01/04 00:53:39.555 26169 29702 Info Unity RTTRaycastManager:SendClick()
2026/01/04 00:53:39.555 26169 29702 Info Unity VRGazeReticle:CheckGaze()
2026/01/04 00:53:39.555 26169 29702 Info Unity [StateMachine] ConfiguringSettings -> SendingDisplayConfig
2026/01/04 00:53:39.555 26169 29702 Info Unity VRWorkspace.Streaming.ConnectionStateMachine:TryTransition(ConnectionPhase, String)
2026/01/04 00:53:39.555 26169 29702 Info Unity VRWorkspace.Streaming.<ProceedToPhase2Async>d__91:MoveNext()
2026/01/04 00:53:39.555 26169 29702 Info Unity System.Runtime.CompilerServices.AsyncTaskMethodBuilder:Start(TStateMachine&)
2026/01/04 00:53:39.555 26169 29702 Info Unity VRWorkspace.Streaming.PhaseProtocolClient:ProceedToPhase2Async(StreamingConfig)
2026/01/04 00:53:39.555 26169 29702 Info Unity VRWorkspace.ViewModels.<StartWithProgressAsync>d__88:MoveNext()
2026/01/04 00:53:39.555 26169 29702 Info Unity System.Runtime.CompilerServices.AsyncTaskMethodBuilder:Start(TStateMachine&)
2026/01/04 00:53:39.555 26169 29702 Info Unity VRWorkspace.ViewModels.ConnectionViewModel:StartWithProgressAsync(StreamingConfig)
2026/01/04 00:53:39.555 26169 29702 Info Unity <OnConnectButtonClicked>d__71:MoveNext()
2026/01/04 00:53:39.555 26169 29702 Info Unity System.Runtime.CompilerServices.AsyncVoidMethodBuilder:Start(TStateMachine&)
2026/01/04 00:53:39.555 26169 29702 Info Unity RTTRemoteMenu:OnConnectButtonClicked()
2026/01/04 00:53:39.555 26169 29702 Info Unity UnityEngine.Events.UnityEvent:Invoke()
2026/01/04 00:53:39.555 26169 29702 Info Unity UnityEngine.EventSystems.ExecuteEvents:Execute(GameObject, BaseEventData, EventFunction`1)
2026/01/04 00:53:39.555 26169 29702 Info Unity RTTRaycastManager:SendClick()
2026/01/04 00:53:39.555 26169 29702 Info Unity VRGazeReticle:CheckGaze()
2026/01/04 00:53:39.556 26169 29702 Info Unity [PhaseProtocol] Sending proceed message (phase 2)
2026/01/04 00:53:39.556 26169 29702 Info Unity VRWorkspace.Streaming.<ProceedToPhase2Async>d__91:MoveNext()
2026/01/04 00:53:39.556 26169 29702 Info Unity System.Runtime.CompilerServices.AsyncTaskMethodBuilder:Start(TStateMachine&)
2026/01/04 00:53:39.556 26169 29702 Info Unity VRWorkspace.Streaming.PhaseProtocolClient:ProceedToPhase2Async(StreamingConfig)
2026/01/04 00:53:39.556 26169 29702 Info Unity VRWorkspace.ViewModels.<StartWithProgressAsync>d__88:MoveNext()
2026/01/04 00:53:39.556 26169 29702 Info Unity System.Runtime.CompilerServices.AsyncTaskMethodBuilder:Start(TStateMachine&)
2026/01/04 00:53:39.556 26169 29702 Info Unity VRWorkspace.ViewModels.ConnectionViewModel:StartWithProgressAsync(StreamingConfig)
2026/01/04 00:53:39.556 26169 29702 Info Unity <OnConnectButtonClicked>d__71:MoveNext()
2026/01/04 00:53:39.556 26169 29702 Info Unity System.Runtime.CompilerServices.AsyncVoidMethodBuilder:Start(TStateMachine&)
2026/01/04 00:53:39.556 26169 29702 Info Unity RTTRemoteMenu:OnConnectButtonClicked()
2026/01/04 00:53:39.556 26169 29702 Info Unity UnityEngine.Events.UnityEvent:Invoke()
2026/01/04 00:53:39.556 26169 29702 Info Unity UnityEngine.EventSystems.ExecuteEvents:Execute(GameObject, BaseEventData, EventFunction`1)
2026/01/04 00:53:39.556 26169 29702 Info Unity RTTRaycastManager:SendClick()
2026/01/04 00:53:39.556 26169 29702 Info Unity VRGazeReticle:CheckGaze()
2026/01/04 00:53:39.556 26169 29702 Info Unity [ClusterAutoBinder] ViewModel initialized
2026/01/04 00:53:39.556 26169 29702 Info Unity ClusterAutoBinder:Start()
2026/01/04 00:53:39.567 26169 29702 Info Unity [PhaseProtocol] Proceed message sent
2026/01/04 00:53:39.567 26169 29702 Info Unity VRWorkspace.Streaming.<ProceedToPhase2Async>d__91:MoveNext()
2026/01/04 00:53:39.567 26169 29702 Info Unity System.Threading.ExecutionContext:RunInternal(ExecutionContext, ContextCallback, Object, Boolean)
2026/01/04 00:53:39.567 26169 29702 Info Unity System.Runtime.CompilerServices.MoveNextRunner:Run()
2026/01/04 00:53:39.567 26169 29702 Info Unity System.Threading.Tasks.AwaitTaskContinuation:RunCallback(ContextCallback, Object, Task&)
2026/01/04 00:53:39.567 26169 29702 Info Unity System.Threading.Tasks.Task:FinishContinuations()
2026/01/04 00:53:39.567 26169 29702 Info Unity System.Threading.Tasks.Task`1:TrySetResult(TResult)
2026/01/04 00:53:39.567 26169 29702 Info Unity System.Runtime.CompilerServices.AsyncTaskMethodBuilder`1:SetResult(TResult)
2026/01/04 00:53:39.567 26169 29702 Info Unity VRWorkspace.Streaming.<SendTextAsync>d__159:MoveNext()
2026/01/04 00:53:39.567 26169 29702 Info Unity System.Threading.ExecutionContext:RunInternal(ExecutionContext, ContextCallback, Object, Boolean)
2026/01/04 00:53:39.567 26169 29702 Info Unity System.Runtime.CompilerServices.MoveNextRunner:Run()
2026/01/04 00:53:39.567 26169 29702 Info Unity UnityEngine.WorkRequest:Invoke()
2026/01/04 00:53:39.567 26169 29702 Info Unity UnityEngine.UnitySynchronizationContext:Exec()
2026/01/04 00:53:39.567 26169 29702 Info Unity [PhaseProtocol] Sending display_config message
2026/01/04 00:53:39.567 26169 29702 Info Unity VRWorkspace.Streaming.<ProceedToPhase2Async>d__91:MoveNext()
2026/01/04 00:53:39.567 26169 29702 Info Unity System.Threading.ExecutionContext:RunInternal(ExecutionContext, ContextCallback, Object, Boolean)
2026/01/04 00:53:39.567 26169 29702 Info Unity System.Runtime.CompilerServices.MoveNextRunner:Run()
2026/01/04 00:53:39.567 26169 29702 Info Unity System.Threading.Tasks.AwaitTaskContinuation:RunCallback(ContextCallback, Object, Task&)
2026/01/04 00:53:39.567 26169 29702 Info Unity System.Threading.Tasks.Task:FinishContinuations()
2026/01/04 00:53:39.567 26169 29702 Info Unity System.Threading.Tasks.Task`1:TrySetResult(TResult)
2026/01/04 00:53:39.567 26169 29702 Info Unity System.Runtime.CompilerServices.AsyncTaskMethodBuilder`1:SetResult(TResult)
2026/01/04 00:53:39.567 26169 29702 Info Unity VRWorkspace.Streaming.<SendTextAsync>d__159:MoveNext()
2026/01/04 00:53:39.567 26169 29702 Info Unity System.Threading.ExecutionContext:RunInternal(ExecutionContext, ContextCallback, Object, Boolean)
2026/01/04 00:53:39.567 26169 29702 Info Unity System.Runtime.CompilerServices.MoveNextRunner:Run()
2026/01/04 00:53:39.567 26169 29702 Info Unity UnityEngine.WorkRequest:Invoke()
2026/01/04 00:53:39.567 26169 29702 Info Unity UnityEngine.UnitySynchronizationContext:Exec()
2026/01/04 00:53:39.583 26169 29702 Info Unity [PhaseProtocol] Display config sent
2026/01/04 00:53:39.583 26169 29702 Info Unity VRWorkspace.Streaming.<ProceedToPhase2Async>d__91:MoveNext()
2026/01/04 00:53:39.583 26169 29702 Info Unity System.Threading.ExecutionContext:RunInternal(ExecutionContext, ContextCallback, Object, Boolean)
2026/01/04 00:53:39.583 26169 29702 Info Unity System.Runtime.CompilerServices.MoveNextRunner:Run()
2026/01/04 00:53:39.583 26169 29702 Info Unity System.Threading.Tasks.AwaitTaskContinuation:RunCallback(ContextCallback, Object, Task&)
2026/01/04 00:53:39.583 26169 29702 Info Unity System.Threading.Tasks.Task:FinishContinuations()
2026/01/04 00:53:39.583 26169 29702 Info Unity System.Threading.Tasks.Task`1:TrySetResult(TResult)
2026/01/04 00:53:39.583 26169 29702 Info Unity System.Runtime.CompilerServices.AsyncTaskMethodBuilder`1:SetResult(TResult)
2026/01/04 00:53:39.583 26169 29702 Info Unity VRWorkspace.Streaming.<SendTextAsync>d__159:MoveNext()
2026/01/04 00:53:39.583 26169 29702 Info Unity System.Threading.ExecutionContext:RunInternal(ExecutionContext, ContextCallback, Object, Boolean)
2026/01/04 00:53:39.583 26169 29702 Info Unity System.Runtime.CompilerServices.MoveNextRunner:Run()
2026/01/04 00:53:39.583 26169 29702 Info Unity UnityEngine.WorkRequest:Invoke()
2026/01/04 00:53:39.583 26169 29702 Info Unity UnityEngine.UnitySynchronizationContext:Exec()
2026/01/04 00:53:39.583 26169 29702 Info Unity [StateMachine] SendingDisplayConfig -> AwaitingSetupComplete
2026/01/04 00:53:39.583 26169 29702 Info Unity VRWorkspace.Streaming.ConnectionStateMachine:TryTransition(ConnectionPhase, String)
2026/01/04 00:53:39.583 26169 29702 Info Unity VRWorkspace.Streaming.<ProceedToPhase2Async>d__91:MoveNext()
2026/01/04 00:53:39.583 26169 29702 Info Unity System.Threading.ExecutionContext:RunInternal(ExecutionContext, ContextCallback, Object, Boolean)
2026/01/04 00:53:39.583 26169 29702 Info Unity System.Runtime.CompilerServices.MoveNextRunner:Run()
2026/01/04 00:53:39.583 26169 29702 Info Unity System.Threading.Tasks.AwaitTaskContinuation:RunCallback(ContextCallback, Object, Task&)
2026/01/04 00:53:39.583 26169 29702 Info Unity System.Threading.Tasks.Task:FinishContinuations()
2026/01/04 00:53:39.583 26169 29702 Info Unity System.Threading.Tasks.Task`1:TrySetResult(TResult)
2026/01/04 00:53:39.583 26169 29702 Info Unity System.Runtime.CompilerServices.AsyncTaskMethodBuilder`1:SetResult(TResult)
2026/01/04 00:53:39.583 26169 29702 Info Unity VRWorkspace.Streaming.<SendTextAsync>d__159:MoveNext()
2026/01/04 00:53:39.583 26169 29702 Info Unity System.Threading.ExecutionContext:RunInternal(ExecutionContext, ContextCallback, Object, Boolean)
2026/01/04 00:53:39.583 26169 29702 Info Unity System.Runtime.CompilerServices.MoveNextRunner:Run()
2026/01/04 00:53:39.583 26169 29702 Info Unity UnityEngine.WorkRequest:Invoke()
2026/01/04 00:53:39.583 26169 29702 Info Unity UnityEngine.UnitySynchronizationContext:Exec()
2026/01/04 00:53:39.651 26169 29702 Info Unity [PhaseProtocol] Received: {"type":"config_progress","step":"vdd_setup","progress":0,"message":"Checking display configuration....
2026/01/04 00:53:39.651 26169 29702 Info Unity VRWorkspace.Streaming.<HandleTextMessageAsync>d__112:MoveNext()
2026/01/04 00:53:39.651 26169 29702 Info Unity System.Runtime.CompilerServices.AsyncTaskMethodBuilder:Start(TStateMachine&)
2026/01/04 00:53:39.651 26169 29702 Info Unity VRWorkspace.Streaming.PhaseProtocolClient:HandleTextMessageAsync(String)
2026/01/04 00:53:39.651 26169 29702 Info Unity VRWorkspace.Streaming.<ReceiveLoopAsync>d__111:MoveNext()
2026/01/04 00:53:39.651 26169 29702 Info Unity System.Threading.ExecutionContext:RunInternal(ExecutionContext, ContextCallback, Object, Boolean)
2026/01/04 00:53:39.651 26169 29702 Info Unity System.Runtime.CompilerServices.MoveNextRunner:Run()
2026/01/04 00:53:39.651 26169 29702 Info Unity UnityEngine.WorkRequest:Invoke()
2026/01/04 00:53:39.651 26169 29702 Info Unity UnityEngine.UnitySynchronizationContext:Exec()
2026/01/04 00:53:39.652 26169 29702 Info Unity [PhaseProtocol] Parsed type='config_progress' from message len=104
2026/01/04 00:53:39.652 26169 29702 Info Unity VRWorkspace.Streaming.<HandleTextMessageAsync>d__112:MoveNext()
2026/01/04 00:53:39.652 26169 29702 Info Unity System.Runtime.CompilerServices.AsyncTaskMethodBuilder:Start(TStateMachine&)
2026/01/04 00:53:39.652 26169 29702 Info Unity VRWorkspace.Streaming.PhaseProtocolClient:HandleTextMessageAsync(String)
2026/01/04 00:53:39.652 26169 29702 Info Unity VRWorkspace.Streaming.<ReceiveLoopAsync>d__111:MoveNext()
2026/01/04 00:53:39.652 26169 29702 Info Unity System.Threading.ExecutionContext:RunInternal(ExecutionContext, ContextCallback, Object, Boolean)
2026/01/04 00:53:39.652 26169 29702 Info Unity System.Runtime.CompilerServices.MoveNextRunner:Run()
2026/01/04 00:53:39.652 26169 29702 Info Unity UnityEngine.WorkRequest:Invoke()
2026/01/04 00:53:39.652 26169 29702 Info Unity UnityEngine.UnitySynchronizationContext:Exec()
2026/01/04 00:53:39.653 26169 29702 Info Unity [PhaseProtocol] >>> Handling config_progress
2026/01/04 00:53:39.653 26169 29702 Info Unity VRWorkspace.Streaming.<HandleTextMessageAsync>d__112:MoveNext()
2026/01/04 00:53:39.653 26169 29702 Info Unity System.Runtime.CompilerServices.AsyncTaskMethodBuilder:Start(TStateMachine&)
2026/01/04 00:53:39.653 26169 29702 Info Unity VRWorkspace.Streaming.PhaseProtocolClient:HandleTextMessageAsync(String)
2026/01/04 00:53:39.653 26169 29702 Info Unity VRWorkspace.Streaming.<ReceiveLoopAsync>d__111:MoveNext()
2026/01/04 00:53:39.653 26169 29702 Info Unity System.Threading.ExecutionContext:RunInternal(ExecutionContext, ContextCallback, Object, Boolean)
2026/01/04 00:53:39.653 26169 29702 Info Unity System.Runtime.CompilerServices.MoveNextRunner:Run()
2026/01/04 00:53:39.653 26169 29702 Info Unity UnityEngine.WorkRequest:Invoke()
2026/01/04 00:53:39.653 26169 29702 Info Unity UnityEngine.UnitySynchronizationContext:Exec()
2026/01/04 00:53:39.654 26169 29702 Info Unity [PhaseProtocol] Config progress: vdd_setup 0% - Checking display configuration...
2026/01/04 00:53:39.654 26169 29702 Info Unity VRWorkspace.Streaming.PhaseProtocolClient:HandleConfigProgress(SimpleJson)
2026/01/04 00:53:39.654 26169 29702 Info Unity VRWorkspace.Streaming.<HandleTextMessageAsync>d__112:MoveNext()
2026/01/04 00:53:39.654 26169 29702 Info Unity System.Runtime.CompilerServices.AsyncTaskMethodBuilder:Start(TStateMachine&)
2026/01/04 00:53:39.654 26169 29702 Info Unity VRWorkspace.Streaming.PhaseProtocolClient:HandleTextMessageAsync(String)
2026/01/04 00:53:39.654 26169 29702 Info Unity VRWorkspace.Streaming.<ReceiveLoopAsync>d__111:MoveNext()
2026/01/04 00:53:39.654 26169 29702 Info Unity System.Threading.ExecutionContext:RunInternal(ExecutionContext, ContextCallback, Object, Boolean)
2026/01/04 00:53:39.654 26169 29702 Info Unity System.Runtime.CompilerServices.MoveNextRunner:Run()
2026/01/04 00:53:39.654 26169 29702 Info Unity UnityEngine.WorkRequest:Invoke()
2026/01/04 00:53:39.654 26169 29702 Info Unity UnityEngine.UnitySynchronizationContext:Exec()
2026/01/04 00:53:39.668 26169 29702 Info Unity [PhaseProtocol] Received: {"type":"config_progress","step":"vdd_setup","progress":30,"message":"Configuring virtual displays.....
2026/01/04 00:53:39.668 26169 29702 Info Unity VRWorkspace.Streaming.<HandleTextMessageAsync>d__112:MoveNext()
2026/01/04 00:53:39.668 26169 29702 Info Unity System.Runtime.CompilerServices.AsyncTaskMethodBuilder:Start(TStateMachine&)
2026/01/04 00:53:39.668 26169 29702 Info Unity VRWorkspace.Streaming.PhaseProtocolClient:HandleTextMessageAsync(String)
2026/01/04 00:53:39.668 26169 29702 Info Unity VRWorkspace.Streaming.<ReceiveLoopAsync>d__111:MoveNext()
2026/01/04 00:53:39.668 26169 29702 Info Unity System.Threading.ExecutionContext:RunInternal(ExecutionContext, ContextCallback, Object, Boolean)
2026/01/04 00:53:39.668 26169 29702 Info Unity System.Runtime.CompilerServices.MoveNextRunner:Run()
2026/01/04 00:53:39.668 26169 29702 Info Unity UnityEngine.WorkRequest:Invoke()
2026/01/04 00:53:39.668 26169 29702 Info Unity UnityEngine.UnitySynchronizationContext:Exec()
2026/01/04 00:53:39.668 26169 29702 Info Unity [PhaseProtocol] Parsed type='config_progress' from message len=103
2026/01/04 00:53:39.668 26169 29702 Info Unity VRWorkspace.Streaming.<HandleTextMessageAsync>d__112:MoveNext()
2026/01/04 00:53:39.668 26169 29702 Info Unity System.Runtime.CompilerServices.AsyncTaskMethodBuilder:Start(TStateMachine&)
2026/01/04 00:53:39.668 26169 29702 Info Unity VRWorkspace.Streaming.PhaseProtocolClient:HandleTextMessageAsync(String)
2026/01/04 00:53:39.668 26169 29702 Info Unity VRWorkspace.Streaming.<ReceiveLoopAsync>d__111:MoveNext()
2026/01/04 00:53:39.668 26169 29702 Info Unity System.Threading.ExecutionContext:RunInternal(ExecutionContext, ContextCallback, Object, Boolean)
2026/01/04 00:53:39.668 26169 29702 Info Unity System.Runtime.CompilerServices.MoveNextRunner:Run()
2026/01/04 00:53:39.668 26169 29702 Info Unity UnityEngine.WorkRequest:Invoke()
2026/01/04 00:53:39.668 26169 29702 Info Unity UnityEngine.UnitySynchronizationContext:Exec()
2026/01/04 00:53:39.669 26169 29702 Info Unity [PhaseProtocol] >>> Handling config_progress
2026/01/04 00:53:39.669 26169 29702 Info Unity VRWorkspace.Streaming.<HandleTextMessageAsync>d__112:MoveNext()
2026/01/04 00:53:39.669 26169 29702 Info Unity System.Runtime.CompilerServices.AsyncTaskMethodBuilder:Start(TStateMachine&)
2026/01/04 00:53:39.669 26169 29702 Info Unity VRWorkspace.Streaming.PhaseProtocolClient:HandleTextMessageAsync(String)
2026/01/04 00:53:39.669 26169 29702 Info Unity VRWorkspace.Streaming.<ReceiveLoopAsync>d__111:MoveNext()
2026/01/04 00:53:39.669 26169 29702 Info Unity System.Threading.ExecutionContext:RunInternal(ExecutionContext, ContextCallback, Object, Boolean)
2026/01/04 00:53:39.669 26169 29702 Info Unity System.Runtime.CompilerServices.MoveNextRunner:Run()
2026/01/04 00:53:39.669 26169 29702 Info Unity UnityEngine.WorkRequest:Invoke()
2026/01/04 00:53:39.669 26169 29702 Info Unity UnityEngine.UnitySynchronizationContext:Exec()
2026/01/04 00:53:39.669 26169 29702 Info Unity [PhaseProtocol] Config progress: vdd_setup 30% - Configuring virtual displays...
2026/01/04 00:53:39.669 26169 29702 Info Unity VRWorkspace.Streaming.PhaseProtocolClient:HandleConfigProgress(SimpleJson)
2026/01/04 00:53:39.669 26169 29702 Info Unity VRWorkspace.Streaming.<HandleTextMessageAsync>d__112:MoveNext()
2026/01/04 00:53:39.669 26169 29702 Info Unity System.Runtime.CompilerServices.AsyncTaskMethodBuilder:Start(TStateMachine&)
2026/01/04 00:53:39.669 26169 29702 Info Unity VRWorkspace.Streaming.PhaseProtocolClient:HandleTextMessageAsync(String)
2026/01/04 00:53:39.669 26169 29702 Info Unity VRWorkspace.Streaming.<ReceiveLoopAsync>d__111:MoveNext()
2026/01/04 00:53:39.669 26169 29702 Info Unity System.Threading.ExecutionContext:RunInternal(ExecutionContext, ContextCallback, Object, Boolean)
2026/01/04 00:53:39.669 26169 29702 Info Unity System.Runtime.CompilerServices.MoveNextRunner:Run()
2026/01/04 00:53:39.669 26169 29702 Info Unity UnityEngine.WorkRequest:Invoke()
2026/01/04 00:53:39.669 26169 29702 Info Unity UnityEngine.UnitySynchronizationContext:Exec()
2026/01/04 00:53:42.035 26169 29702 Info Unity [PhaseProtocol] Received: {"type":"config_progress","step":"topology","progress":60,"message":"Setting up display topology..."...
2026/01/04 00:53:42.035 26169 29702 Info Unity VRWorkspace.Streaming.<HandleTextMessageAsync>d__112:MoveNext()
2026/01/04 00:53:42.035 26169 29702 Info Unity System.Runtime.CompilerServices.AsyncTaskMethodBuilder:Start(TStateMachine&)
2026/01/04 00:53:42.035 26169 29702 Info Unity VRWorkspace.Streaming.PhaseProtocolClient:HandleTextMessageAsync(String)
2026/01/04 00:53:42.035 26169 29702 Info Unity VRWorkspace.Streaming.<ReceiveLoopAsync>d__111:MoveNext()
2026/01/04 00:53:42.035 26169 29702 Info Unity System.Threading.ExecutionContext:RunInternal(ExecutionContext, ContextCallback, Object, Boolean)
2026/01/04 00:53:42.035 26169 29702 Info Unity System.Runtime.CompilerServices.MoveNextRunner:Run()
2026/01/04 00:53:42.035 26169 29702 Info Unity UnityEngine.WorkRequest:Invoke()
2026/01/04 00:53:42.035 26169 29702 Info Unity UnityEngine.UnitySynchronizationContext:Exec()
2026/01/04 00:53:42.036 26169 29702 Info Unity [PhaseProtocol] Parsed type='config_progress' from message len=101
2026/01/04 00:53:42.036 26169 29702 Info Unity VRWorkspace.Streaming.<HandleTextMessageAsync>d__112:MoveNext()
2026/01/04 00:53:42.036 26169 29702 Info Unity System.Runtime.CompilerServices.AsyncTaskMethodBuilder:Start(TStateMachine&)
2026/01/04 00:53:42.036 26169 29702 Info Unity VRWorkspace.Streaming.PhaseProtocolClient:HandleTextMessageAsync(String)
2026/01/04 00:53:42.036 26169 29702 Info Unity VRWorkspace.Streaming.<ReceiveLoopAsync>d__111:MoveNext()
2026/01/04 00:53:42.036 26169 29702 Info Unity System.Threading.ExecutionContext:RunInternal(ExecutionContext, ContextCallback, Object, Boolean)
2026/01/04 00:53:42.036 26169 29702 Info Unity System.Runtime.CompilerServices.MoveNextRunner:Run()
2026/01/04 00:53:42.036 26169 29702 Info Unity UnityEngine.WorkRequest:Invoke()
2026/01/04 00:53:42.036 26169 29702 Info Unity UnityEngine.UnitySynchronizationContext:Exec()
2026/01/04 00:53:42.037 26169 29702 Info Unity [PhaseProtocol] >>> Handling config_progress
2026/01/04 00:53:42.037 26169 29702 Info Unity VRWorkspace.Streaming.<HandleTextMessageAsync>d__112:MoveNext()
2026/01/04 00:53:42.037 26169 29702 Info Unity System.Runtime.CompilerServices.AsyncTaskMethodBuilder:Start(TStateMachine&)
2026/01/04 00:53:42.037 26169 29702 Info Unity VRWorkspace.Streaming.PhaseProtocolClient:HandleTextMessageAsync(String)
2026/01/04 00:53:42.037 26169 29702 Info Unity VRWorkspace.Streaming.<ReceiveLoopAsync>d__111:MoveNext()
2026/01/04 00:53:42.037 26169 29702 Info Unity System.Threading.ExecutionContext:RunInternal(ExecutionContext, ContextCallback, Object, Boolean)
2026/01/04 00:53:42.037 26169 29702 Info Unity System.Runtime.CompilerServices.MoveNextRunner:Run()
2026/01/04 00:53:42.037 26169 29702 Info Unity UnityEngine.WorkRequest:Invoke()
2026/01/04 00:53:42.037 26169 29702 Info Unity UnityEngine.UnitySynchronizationContext:Exec()
2026/01/04 00:53:42.037 26169 29702 Info Unity [PhaseProtocol] Config progress: topology 60% - Setting up display topology...
2026/01/04 00:53:42.037 26169 29702 Info Unity VRWorkspace.Streaming.PhaseProtocolClient:HandleConfigProgress(SimpleJson)
2026/01/04 00:53:42.037 26169 29702 Info Unity VRWorkspace.Streaming.<HandleTextMessageAsync>d__112:MoveNext()
2026/01/04 00:53:42.037 26169 29702 Info Unity System.Runtime.CompilerServices.AsyncTaskMethodBuilder:Start(TStateMachine&)
2026/01/04 00:53:42.037 26169 29702 Info Unity VRWorkspace.Streaming.PhaseProtocolClient:HandleTextMessageAsync(String)
2026/01/04 00:53:42.037 26169 29702 Info Unity VRWorkspace.Streaming.<ReceiveLoopAsync>d__111:MoveNext()
2026/01/04 00:53:42.037 26169 29702 Info Unity System.Threading.ExecutionContext:RunInternal(ExecutionContext, ContextCallback, Object, Boolean)
2026/01/04 00:53:42.037 26169 29702 Info Unity System.Runtime.CompilerServices.MoveNextRunner:Run()
2026/01/04 00:53:42.037 26169 29702 Info Unity UnityEngine.WorkRequest:Invoke()
2026/01/04 00:53:42.037 26169 29702 Info Unity UnityEngine.UnitySynchronizationContext:Exec()
2026/01/04 00:53:45.510 26169 29702 Info Unity [PhaseProtocol] Received: {"type":"config_progress","step":"capture_init","progress":90,"message":"Initializing capture..."}...
2026/01/04 00:53:45.510 26169 29702 Info Unity VRWorkspace.Streaming.<HandleTextMessageAsync>d__112:MoveNext()
2026/01/04 00:53:45.510 26169 29702 Info Unity System.Runtime.CompilerServices.AsyncTaskMethodBuilder:Start(TStateMachine&)
2026/01/04 00:53:45.510 26169 29702 Info Unity VRWorkspace.Streaming.PhaseProtocolClient:HandleTextMessageAsync(String)
2026/01/04 00:53:45.510 26169 29702 Info Unity VRWorkspace.Streaming.<ReceiveLoopAsync>d__111:MoveNext()
2026/01/04 00:53:45.510 26169 29702 Info Unity System.Threading.ExecutionContext:RunInternal(ExecutionContext, ContextCallback, Object, Boolean)
2026/01/04 00:53:45.510 26169 29702 Info Unity System.Runtime.CompilerServices.MoveNextRunner:Run()
2026/01/04 00:53:45.510 26169 29702 Info Unity UnityEngine.WorkRequest:Invoke()
2026/01/04 00:53:45.510 26169 29702 Info Unity UnityEngine.UnitySynchronizationContext:Exec()
2026/01/04 00:53:45.511 26169 29702 Info Unity [PhaseProtocol] Parsed type='config_progress' from message len=98
2026/01/04 00:53:45.511 26169 29702 Info Unity VRWorkspace.Streaming.<HandleTextMessageAsync>d__112:MoveNext()
2026/01/04 00:53:45.511 26169 29702 Info Unity System.Runtime.CompilerServices.AsyncTaskMethodBuilder:Start(TStateMachine&)
2026/01/04 00:53:45.511 26169 29702 Info Unity VRWorkspace.Streaming.PhaseProtocolClient:HandleTextMessageAsync(String)
2026/01/04 00:53:45.511 26169 29702 Info Unity VRWorkspace.Streaming.<ReceiveLoopAsync>d__111:MoveNext()
2026/01/04 00:53:45.511 26169 29702 Info Unity System.Threading.ExecutionContext:RunInternal(ExecutionContext, ContextCallback, Object, Boolean)
2026/01/04 00:53:45.511 26169 29702 Info Unity System.Runtime.CompilerServices.MoveNextRunner:Run()
2026/01/04 00:53:45.511 26169 29702 Info Unity UnityEngine.WorkRequest:Invoke()
2026/01/04 00:53:45.511 26169 29702 Info Unity UnityEngine.UnitySynchronizationContext:Exec()
2026/01/04 00:53:45.512 26169 29702 Info Unity [PhaseProtocol] >>> Handling config_progress
2026/01/04 00:53:45.512 26169 29702 Info Unity VRWorkspace.Streaming.<HandleTextMessageAsync>d__112:MoveNext()
2026/01/04 00:53:45.512 26169 29702 Info Unity System.Runtime.CompilerServices.AsyncTaskMethodBuilder:Start(TStateMachine&)
2026/01/04 00:53:45.512 26169 29702 Info Unity VRWorkspace.Streaming.PhaseProtocolClient:HandleTextMessageAsync(String)
2026/01/04 00:53:45.512 26169 29702 Info Unity VRWorkspace.Streaming.<ReceiveLoopAsync>d__111:MoveNext()
2026/01/04 00:53:45.512 26169 29702 Info Unity System.Threading.ExecutionContext:RunInternal(ExecutionContext, ContextCallback, Object, Boolean)
2026/01/04 00:53:45.512 26169 29702 Info Unity System.Runtime.CompilerServices.MoveNextRunner:Run()
2026/01/04 00:53:45.512 26169 29702 Info Unity UnityEngine.WorkRequest:Invoke()
2026/01/04 00:53:45.512 26169 29702 Info Unity UnityEngine.UnitySynchronizationContext:Exec()
2026/01/04 00:53:45.513 26169 29702 Info Unity [PhaseProtocol] Config progress: capture_init 90% - Initializing capture...
2026/01/04 00:53:45.513 26169 29702 Info Unity VRWorkspace.Streaming.PhaseProtocolClient:HandleConfigProgress(SimpleJson)
2026/01/04 00:53:45.513 26169 29702 Info Unity VRWorkspace.Streaming.<HandleTextMessageAsync>d__112:MoveNext()
2026/01/04 00:53:45.513 26169 29702 Info Unity System.Runtime.CompilerServices.AsyncTaskMethodBuilder:Start(TStateMachine&)
2026/01/04 00:53:45.513 26169 29702 Info Unity VRWorkspace.Streaming.PhaseProtocolClient:HandleTextMessageAsync(String)
2026/01/04 00:53:45.513 26169 29702 Info Unity VRWorkspace.Streaming.<ReceiveLoopAsync>d__111:MoveNext()
2026/01/04 00:53:45.513 26169 29702 Info Unity System.Threading.ExecutionContext:RunInternal(ExecutionContext, ContextCallback, Object, Boolean)
2026/01/04 00:53:45.513 26169 29702 Info Unity System.Runtime.CompilerServices.MoveNextRunner:Run()
2026/01/04 00:53:45.513 26169 29702 Info Unity UnityEngine.WorkRequest:Invoke()
2026/01/04 00:53:45.513 26169 29702 Info Unity UnityEngine.UnitySynchronizationContext:Exec()
2026/01/04 00:53:45.526 26169 29702 Info Unity [PhaseProtocol] Received: {"type":"config_progress","step":"capture_init","progress":100,"message":"Ready"}...
2026/01/04 00:53:45.526 26169 29702 Info Unity VRWorkspace.Streaming.<HandleTextMessageAsync>d__112:MoveNext()
2026/01/04 00:53:45.526 26169 29702 Info Unity System.Runtime.CompilerServices.AsyncTaskMethodBuilder:Start(TStateMachine&)
2026/01/04 00:53:45.526 26169 29702 Info Unity VRWorkspace.Streaming.PhaseProtocolClient:HandleTextMessageAsync(String)
2026/01/04 00:53:45.526 26169 29702 Info Unity VRWorkspace.Streaming.<ReceiveLoopAsync>d__111:MoveNext()
2026/01/04 00:53:45.526 26169 29702 Info Unity System.Threading.ExecutionContext:RunInternal(ExecutionContext, ContextCallback, Object, Boolean)
2026/01/04 00:53:45.526 26169 29702 Info Unity System.Runtime.CompilerServices.MoveNextRunner:Run()
2026/01/04 00:53:45.526 26169 29702 Info Unity UnityEngine.WorkRequest:Invoke()
2026/01/04 00:53:45.526 26169 29702 Info Unity UnityEngine.UnitySynchronizationContext:Exec()
2026/01/04 00:53:45.527 26169 29702 Info Unity [PhaseProtocol] Parsed type='config_progress' from message len=81
2026/01/04 00:53:45.527 26169 29702 Info Unity VRWorkspace.Streaming.<HandleTextMessageAsync>d__112:MoveNext()
2026/01/04 00:53:45.527 26169 29702 Info Unity System.Runtime.CompilerServices.AsyncTaskMethodBuilder:Start(TStateMachine&)
2026/01/04 00:53:45.527 26169 29702 Info Unity VRWorkspace.Streaming.PhaseProtocolClient:HandleTextMessageAsync(String)
2026/01/04 00:53:45.527 26169 29702 Info Unity VRWorkspace.Streaming.<ReceiveLoopAsync>d__111:MoveNext()
2026/01/04 00:53:45.527 26169 29702 Info Unity System.Threading.ExecutionContext:RunInternal(ExecutionContext, ContextCallback, Object, Boolean)
2026/01/04 00:53:45.527 26169 29702 Info Unity System.Runtime.CompilerServices.MoveNextRunner:Run()
2026/01/04 00:53:45.527 26169 29702 Info Unity UnityEngine.WorkRequest:Invoke()
2026/01/04 00:53:45.527 26169 29702 Info Unity UnityEngine.UnitySynchronizationContext:Exec()
2026/01/04 00:53:45.528 26169 29702 Info Unity [PhaseProtocol] >>> Handling config_progress
2026/01/04 00:53:45.528 26169 29702 Info Unity VRWorkspace.Streaming.<HandleTextMessageAsync>d__112:MoveNext()
2026/01/04 00:53:45.528 26169 29702 Info Unity System.Runtime.CompilerServices.AsyncTaskMethodBuilder:Start(TStateMachine&)
2026/01/04 00:53:45.528 26169 29702 Info Unity VRWorkspace.Streaming.PhaseProtocolClient:HandleTextMessageAsync(String)
2026/01/04 00:53:45.528 26169 29702 Info Unity VRWorkspace.Streaming.<ReceiveLoopAsync>d__111:MoveNext()
2026/01/04 00:53:45.528 26169 29702 Info Unity System.Threading.ExecutionContext:RunInternal(ExecutionContext, ContextCallback, Object, Boolean)
2026/01/04 00:53:45.528 26169 29702 Info Unity System.Runtime.CompilerServices.MoveNextRunner:Run()
2026/01/04 00:53:45.528 26169 29702 Info Unity UnityEngine.WorkRequest:Invoke()
2026/01/04 00:53:45.528 26169 29702 Info Unity UnityEngine.UnitySynchronizationContext:Exec()
2026/01/04 00:53:45.529 26169 29702 Info Unity [PhaseProtocol] Config progress: capture_init 100% - Ready
2026/01/04 00:53:45.529 26169 29702 Info Unity VRWorkspace.Streaming.PhaseProtocolClient:HandleConfigProgress(SimpleJson)
2026/01/04 00:53:45.529 26169 29702 Info Unity VRWorkspace.Streaming.<HandleTextMessageAsync>d__112:MoveNext()
2026/01/04 00:53:45.529 26169 29702 Info Unity System.Runtime.CompilerServices.AsyncTaskMethodBuilder:Start(TStateMachine&)
2026/01/04 00:53:45.529 26169 29702 Info Unity VRWorkspace.Streaming.PhaseProtocolClient:HandleTextMessageAsync(String)
2026/01/04 00:53:45.529 26169 29702 Info Unity VRWorkspace.Streaming.<ReceiveLoopAsync>d__111:MoveNext()
2026/01/04 00:53:45.529 26169 29702 Info Unity System.Threading.ExecutionContext:RunInternal(ExecutionContext, ContextCallback, Object, Boolean)
2026/01/04 00:53:45.529 26169 29702 Info Unity System.Runtime.CompilerServices.MoveNextRunner:Run()
2026/01/04 00:53:45.529 26169 29702 Info Unity UnityEngine.WorkRequest:Invoke()
2026/01/04 00:53:45.529 26169 29702 Info Unity UnityEngine.UnitySynchronizationContext:Exec()
2026/01/04 00:53:45.542 26169 29702 Info Unity [PhaseProtocol] Received: {"type":"config_complete","monitors":[{"id":0,"name":"\\\\.\\DISPLAY2","width":1920,"height":1080,"r...
2026/01/04 00:53:45.542 26169 29702 Info Unity VRWorkspace.Streaming.<HandleTextMessageAsync>d__112:MoveNext()
2026/01/04 00:53:45.542 26169 29702 Info Unity System.Runtime.CompilerServices.AsyncTaskMethodBuilder:Start(TStateMachine&)
2026/01/04 00:53:45.542 26169 29702 Info Unity VRWorkspace.Streaming.PhaseProtocolClient:HandleTextMessageAsync(String)
2026/01/04 00:53:45.542 26169 29702 Info Unity VRWorkspace.Streaming.<ReceiveLoopAsync>d__111:MoveNext()
2026/01/04 00:53:45.542 26169 29702 Info Unity System.Threading.ExecutionContext:RunInternal(ExecutionContext, ContextCallback, Object, Boolean)
2026/01/04 00:53:45.542 26169 29702 Info Unity System.Runtime.CompilerServices.MoveNextRunner:Run()
2026/01/04 00:53:45.542 26169 29702 Info Unity UnityEngine.WorkRequest:Invoke()
2026/01/04 00:53:45.542 26169 29702 Info Unity UnityEngine.UnitySynchronizationContext:Exec()
2026/01/04 00:53:45.543 26169 29702 Info Unity [PhaseProtocol] Parsed type='config_complete' from message len=249
2026/01/04 00:53:45.543 26169 29702 Info Unity VRWorkspace.Streaming.<HandleTextMessageAsync>d__112:MoveNext()
2026/01/04 00:53:45.543 26169 29702 Info Unity System.Runtime.CompilerServices.AsyncTaskMethodBuilder:Start(TStateMachine&)
2026/01/04 00:53:45.543 26169 29702 Info Unity VRWorkspace.Streaming.PhaseProtocolClient:HandleTextMessageAsync(String)
2026/01/04 00:53:45.543 26169 29702 Info Unity VRWorkspace.Streaming.<ReceiveLoopAsync>d__111:MoveNext()
2026/01/04 00:53:45.543 26169 29702 Info Unity System.Threading.ExecutionContext:RunInternal(ExecutionContext, ContextCallback, Object, Boolean)
2026/01/04 00:53:45.543 26169 29702 Info Unity System.Runtime.CompilerServices.MoveNextRunner:Run()
2026/01/04 00:53:45.543 26169 29702 Info Unity UnityEngine.WorkRequest:Invoke()
2026/01/04 00:53:45.543 26169 29702 Info Unity UnityEngine.UnitySynchronizationContext:Exec()
2026/01/04 00:53:45.544 26169 29702 Info Unity [PhaseProtocol] >>> Handling config_complete
2026/01/04 00:53:45.544 26169 29702 Info Unity VRWorkspace.Streaming.<HandleTextMessageAsync>d__112:MoveNext()
2026/01/04 00:53:45.544 26169 29702 Info Unity System.Runtime.CompilerServices.AsyncTaskMethodBuilder:Start(TStateMachine&)
2026/01/04 00:53:45.544 26169 29702 Info Unity VRWorkspace.Streaming.PhaseProtocolClient:HandleTextMessageAsync(String)
2026/01/04 00:53:45.544 26169 29702 Info Unity VRWorkspace.Streaming.<ReceiveLoopAsync>d__111:MoveNext()
2026/01/04 00:53:45.544 26169 29702 Info Unity System.Threading.ExecutionContext:RunInternal(ExecutionContext, ContextCallback, Object, Boolean)
2026/01/04 00:53:45.544 26169 29702 Info Unity System.Runtime.CompilerServices.MoveNextRunner:Run()
2026/01/04 00:53:45.544 26169 29702 Info Unity UnityEngine.WorkRequest:Invoke()
2026/01/04 00:53:45.544 26169 29702 Info Unity UnityEngine.UnitySynchronizationContext:Exec()
2026/01/04 00:53:45.544 26169 29702 Info Unity [PhaseProtocol] Config complete, starting ICE negotiation
2026/01/04 00:53:45.544 26169 29702 Info Unity VRWorkspace.Streaming.PhaseProtocolClient:HandleConfigCompleteAsync(SimpleJson)
2026/01/04 00:53:45.544 26169 29702 Info Unity VRWorkspace.Streaming.<HandleTextMessageAsync>d__112:MoveNext()
2026/01/04 00:53:45.544 26169 29702 Info Unity System.Runtime.CompilerServices.AsyncTaskMethodBuilder:Start(TStateMachine&)
2026/01/04 00:53:45.544 26169 29702 Info Unity VRWorkspace.Streaming.PhaseProtocolClient:HandleTextMessageAsync(String)
2026/01/04 00:53:45.544 26169 29702 Info Unity VRWorkspace.Streaming.<ReceiveLoopAsync>d__111:MoveNext()
2026/01/04 00:53:45.544 26169 29702 Info Unity System.Threading.ExecutionContext:RunInternal(ExecutionContext, ContextCallback, Object, Boolean)
2026/01/04 00:53:45.544 26169 29702 Info Unity System.Runtime.CompilerServices.MoveNextRunner:Run()
2026/01/04 00:53:45.544 26169 29702 Info Unity UnityEngine.WorkRequest:Invoke()
2026/01/04 00:53:45.544 26169 29702 Info Unity UnityEngine.UnitySynchronizationContext:Exec()
2026/01/04 00:53:45.545 26169 29702 Info Unity [RTTRemoteMenu] HandlePhaseChanged: ConfiguringSettings -> ICENegotiating
2026/01/04 00:53:45.545 26169 29702 Info Unity RTTRemoteMenu:HandlePhaseChanged(ConnectionPhase)
2026/01/04 00:53:45.545 26169 29702 Info Unity VRWorkspace.Core.MainThreadDispatcher:Enqueue(Action)
2026/01/04 00:53:45.545 26169 29702 Info Unity VRWorkspace.Core.ObservableProperty`1:set_Value(T)
2026/01/04 00:53:45.545 26169 29702 Info Unity VRWorkspace.ViewModels.<>c__DisplayClass94_0:<SubscribeToEvents>b__4(List`1)
2026/01/04 00:53:45.545 26169 29702 Info Unity VRWorkspace.Streaming.PhaseProtocolClient:HandleConfigCompleteAsync(SimpleJson)
2026/01/04 00:53:45.545 26169 29702 Info Unity VRWorkspace.Streaming.<HandleTextMessageAsync>d__112:MoveNext()
2026/01/04 00:53:45.545 26169 29702 Info Unity System.Runtime.CompilerServices.AsyncTaskMethodBuilder:Start(TStateMachine&)
2026/01/04 00:53:45.545 26169 29702 Info Unity VRWorkspace.Streaming.PhaseProtocolClient:HandleTextMessageAsync(String)
2026/01/04 00:53:45.545 26169 29702 Info Unity VRWorkspace.Streaming.<ReceiveLoopAsync>d__111:MoveNext()
2026/01/04 00:53:45.545 26169 29702 Info Unity System.Threading.ExecutionContext:RunInternal(ExecutionContext, ContextCallback, Object, Boolean)
2026/01/04 00:53:45.545 26169 29702 Info Unity System.Runtime.CompilerServices.MoveNextRunner:Run()
2026/01/04 00:53:45.545 26169 29702 Info Unity UnityEngine.WorkRequest:Invoke()
2026/01/04 00:53:45.545 26169 29702 Info Unity UnityEngine.UnitySynchronizationContext:Exec()
2026/01/04 00:53:45.546 26169 29702 Info Unity [StateMachine] AwaitingSetupComplete -> ICENegotiating
2026/01/04 00:53:45.546 26169 29702 Info Unity VRWorkspace.Streaming.ConnectionStateMachine:TryTransition(ConnectionPhase, String)
2026/01/04 00:53:45.546 26169 29702 Info Unity VRWorkspace.Streaming.PhaseProtocolClient:HandleConfigCompleteAsync(SimpleJson)
2026/01/04 00:53:45.546 26169 29702 Info Unity VRWorkspace.Streaming.<HandleTextMessageAsync>d__112:MoveNext()
2026/01/04 00:53:45.546 26169 29702 Info Unity System.Runtime.CompilerServices.AsyncTaskMethodBuilder:Start(TStateMachine&)
2026/01/04 00:53:45.546 26169 29702 Info Unity VRWorkspace.Streaming.PhaseProtocolClient:HandleTextMessageAsync(String)
2026/01/04 00:53:45.546 26169 29702 Info Unity VRWorkspace.Streaming.<ReceiveLoopAsync>d__111:MoveNext()
2026/01/04 00:53:45.546 26169 29702 Info Unity System.Threading.ExecutionContext:RunInternal(ExecutionContext, ContextCallback, Object, Boolean)
2026/01/04 00:53:45.546 26169 29702 Info Unity System.Runtime.CompilerServices.MoveNextRunner:Run()
2026/01/04 00:53:45.546 26169 29702 Info Unity UnityEngine.WorkRequest:Invoke()
2026/01/04 00:53:45.546 26169 29702 Info Unity UnityEngine.UnitySynchronizationContext:Exec()
2026/01/04 00:53:45.547 26169 29702 Info Unity [PhaseProtocol] Starting CreatePeerConnectionsAsync in background...
2026/01/04 00:53:45.547 26169 29702 Info Unity VRWorkspace.Streaming.PhaseProtocolClient:HandleConfigCompleteAsync(SimpleJson)
2026/01/04 00:53:45.547 26169 29702 Info Unity VRWorkspace.Streaming.<HandleTextMessageAsync>d__112:MoveNext()
2026/01/04 00:53:45.547 26169 29702 Info Unity System.Runtime.CompilerServices.AsyncTaskMethodBuilder:Start(TStateMachine&)
2026/01/04 00:53:45.547 26169 29702 Info Unity VRWorkspace.Streaming.PhaseProtocolClient:HandleTextMessageAsync(String)
2026/01/04 00:53:45.547 26169 29702 Info Unity VRWorkspace.Streaming.<ReceiveLoopAsync>d__111:MoveNext()
2026/01/04 00:53:45.547 26169 29702 Info Unity System.Threading.ExecutionContext:RunInternal(ExecutionContext, ContextCallback, Object, Boolean)
2026/01/04 00:53:45.547 26169 29702 Info Unity System.Runtime.CompilerServices.MoveNextRunner:Run()
2026/01/04 00:53:45.547 26169 29702 Info Unity UnityEngine.WorkRequest:Invoke()
2026/01/04 00:53:45.547 26169 29702 Info Unity UnityEngine.UnitySynchronizationContext:Exec()
2026/01/04 00:53:45.547 26169 29702 Info Unity [PhaseProtocol] Creating SINGLE PeerConnection with 2 video transceivers (Single-PC Multi-Track mode)
2026/01/04 00:53:45.547 26169 29702 Info Unity VRWorkspace.Streaming.<CreatePeerConnectionsAsync>d__132:MoveNext()
2026/01/04 00:53:45.547 26169 29702 Info Unity System.Runtime.CompilerServices.AsyncTaskMethodBuilder:Start(TStateMachine&)
2026/01/04 00:53:45.547 26169 29702 Info Unity VRWorkspace.Streaming.PhaseProtocolClient:CreatePeerConnectionsAsync(Int32)
2026/01/04 00:53:45.547 26169 29702 Info Unity VRWorkspace.Streaming.<CreatePeerConnectionsInBackgroundAsync>d__131:MoveNext()
2026/01/04 00:53:45.547 26169 29702 Info Unity System.Runtime.CompilerServices.AsyncTaskMethodBuilder:Start(TStateMachine&)
2026/01/04 00:53:45.547 26169 29702 Info Unity VRWorkspace.Streaming.PhaseProtocolClient:CreatePeerConnectionsInBackgroundAsync(Int32)
2026/01/04 00:53:45.547 26169 29702 Info Unity VRWorkspace.Streaming.PhaseProtocolClient:HandleConfigCompleteAsync(SimpleJson)
2026/01/04 00:53:45.547 26169 29702 Info Unity VRWorkspace.Streaming.<HandleTextMessageAsync>d__112:MoveNext()
2026/01/04 00:53:45.547 26169 29702 Info Unity System.Runtime.CompilerServices.AsyncTaskMethodBuilder:Start(TStateMachine&)
2026/01/04 00:53:45.547 26169 29702 Info Unity VRWorkspace.Streaming.PhaseProtocolClient:HandleTextMessageAsync(String)
2026/01/04 00:53:45.547 26169 29702 Info Unity VRWorkspace.Streaming.<ReceiveLoopAsync>d__111:MoveNext()
2026/01/04 00:53:45.547 26169 29702 Info Unity System.Threading.ExecutionContext:RunInternal(ExecutionContext, ContextCallback, Object, Boolean)
2026/01/04 00:53:45.547 26169 29702 Info Unity Syste
2026/01/04 00:53:45.549 26169 29702 Info Unity [PhaseProtocol] CreateSinglePCMultiTrackAsync: Creating PeerConnection for 2 monitors...
2026/01/04 00:53:45.549 26169 29702 Info Unity VRWorkspace.Streaming.<CreateSinglePCMultiTrackAsync>d__133:MoveNext()
2026/01/04 00:53:45.549 26169 29702 Info Unity System.Runtime.CompilerServices.AsyncTaskMethodBuilder:Start(TStateMachine&)
2026/01/04 00:53:45.549 26169 29702 Info Unity VRWorkspace.Streaming.PhaseProtocolClient:CreateSinglePCMultiTrackAsync(Int32)
2026/01/04 00:53:45.549 26169 29702 Info Unity VRWorkspace.Streaming.<CreatePeerConnectionsAsync>d__132:MoveNext()
2026/01/04 00:53:45.549 26169 29702 Info Unity System.Runtime.CompilerServices.AsyncTaskMethodBuilder:Start(TStateMachine&)
2026/01/04 00:53:45.549 26169 29702 Info Unity VRWorkspace.Streaming.PhaseProtocolClient:CreatePeerConnectionsAsync(Int32)
2026/01/04 00:53:45.549 26169 29702 Info Unity VRWorkspace.Streaming.<CreatePeerConnectionsInBackgroundAsync>d__131:MoveNext()
2026/01/04 00:53:45.549 26169 29702 Info Unity System.Runtime.CompilerServices.AsyncTaskMethodBuilder:Start(TStateMachine&)
2026/01/04 00:53:45.549 26169 29702 Info Unity VRWorkspace.Streaming.PhaseProtocolClient:CreatePeerConnectionsInBackgroundAsync(Int32)
2026/01/04 00:53:45.549 26169 29702 Info Unity VRWorkspace.Streaming.PhaseProtocolClient:HandleConfigCompleteAsync(SimpleJson)
2026/01/04 00:53:45.549 26169 29702 Info Unity VRWorkspace.Streaming.<HandleTextMessageAsync>d__112:MoveNext()
2026/01/04 00:53:45.549 26169 29702 Info Unity System.Runtime.CompilerServices.AsyncTaskMethodBuilder:Start(TStateMachine&)
2026/01/04 00:53:45.549 26169 29702 Info Unity VRWorkspace.Streamin
2026/01/04 00:53:45.561 26169 29702 Info Unity [PhaseProtocol] PeerConnection created: True, SignalingState=Stable
2026/01/04 00:53:45.561 26169 29702 Info Unity VRWorkspace.Streaming.<CreateSinglePCMultiTrackAsync>d__133:MoveNext()
2026/01/04 00:53:45.561 26169 29702 Info Unity System.Runtime.CompilerServices.AsyncTaskMethodBuilder:Start(TStateMachine&)
2026/01/04 00:53:45.561 26169 29702 Info Unity VRWorkspace.Streaming.PhaseProtocolClient:CreateSinglePCMultiTrackAsync(Int32)
2026/01/04 00:53:45.561 26169 29702 Info Unity VRWorkspace.Streaming.<CreatePeerConnectionsAsync>d__132:MoveNext()
2026/01/04 00:53:45.561 26169 29702 Info Unity System.Runtime.CompilerServices.AsyncTaskMethodBuilder:Start(TStateMachine&)
2026/01/04 00:53:45.561 26169 29702 Info Unity VRWorkspace.Streaming.PhaseProtocolClient:CreatePeerConnectionsAsync(Int32)
2026/01/04 00:53:45.561 26169 29702 Info Unity VRWorkspace.Streaming.<CreatePeerConnectionsInBackgroundAsync>d__131:MoveNext()
2026/01/04 00:53:45.561 26169 29702 Info Unity System.Runtime.CompilerServices.AsyncTaskMethodBuilder:Start(TStateMachine&)
2026/01/04 00:53:45.561 26169 29702 Info Unity VRWorkspace.Streaming.PhaseProtocolClient:CreatePeerConnectionsInBackgroundAsync(Int32)
2026/01/04 00:53:45.561 26169 29702 Info Unity VRWorkspace.Streaming.PhaseProtocolClient:HandleConfigCompleteAsync(SimpleJson)
2026/01/04 00:53:45.561 26169 29702 Info Unity VRWorkspace.Streaming.<HandleTextMessageAsync>d__112:MoveNext()
2026/01/04 00:53:45.561 26169 29702 Info Unity System.Runtime.CompilerServices.AsyncTaskMethodBuilder:Start(TStateMachine&)
2026/01/04 00:53:45.561 26169 29702 Info Unity VRWorkspace.Streaming.PhaseProtocolClient
2026/01/04 00:53:45.566 26169 29702 Info Unity [PhaseProtocol] PC0 codec preferences: H264 first, total 13 codecs
2026/01/04 00:53:45.566 26169 29702 Info Unity VRWorkspace.Streaming.PhaseProtocolClient:SetCodecPreferences(RTCRtpTransceiver, Int32)
2026/01/04 00:53:45.566 26169 29702 Info Unity VRWorkspace.Streaming.<CreateSinglePCMultiTrackAsync>d__133:MoveNext()
2026/01/04 00:53:45.566 26169 29702 Info Unity System.Runtime.CompilerServices.AsyncTaskMethodBuilder:Start(TStateMachine&)
2026/01/04 00:53:45.566 26169 29702 Info Unity VRWorkspace.Streaming.PhaseProtocolClient:CreateSinglePCMultiTrackAsync(Int32)
2026/01/04 00:53:45.566 26169 29702 Info Unity VRWorkspace.Streaming.<CreatePeerConnectionsAsync>d__132:MoveNext()
2026/01/04 00:53:45.566 26169 29702 Info Unity System.Runtime.CompilerServices.AsyncTaskMethodBuilder:Start(TStateMachine&)
2026/01/04 00:53:45.566 26169 29702 Info Unity VRWorkspace.Streaming.PhaseProtocolClient:CreatePeerConnectionsAsync(Int32)
2026/01/04 00:53:45.566 26169 29702 Info Unity VRWorkspace.Streaming.<CreatePeerConnectionsInBackgroundAsync>d__131:MoveNext()
2026/01/04 00:53:45.566 26169 29702 Info Unity System.Runtime.CompilerServices.AsyncTaskMethodBuilder:Start(TStateMachine&)
2026/01/04 00:53:45.566 26169 29702 Info Unity VRWorkspace.Streaming.PhaseProtocolClient:CreatePeerConnectionsInBackgroundAsync(Int32)
2026/01/04 00:53:45.566 26169 29702 Info Unity VRWorkspace.Streaming.PhaseProtocolClient:HandleConfigCompleteAsync(SimpleJson)
2026/01/04 00:53:45.566 26169 29702 Info Unity VRWorkspace.Streaming.<HandleTextMessageAsync>d__112:MoveNext()
2026/01/04 00:53:45.566 26169 29702 Info Unity System.Runtime.CompilerServices
2026/01/04 00:53:45.567 26169 29702 Info Unity [PhaseProtocol] Added transceiver 0 for monitor 0
2026/01/04 00:53:45.567 26169 29702 Info Unity VRWorkspace.Streaming.<CreateSinglePCMultiTrackAsync>d__133:MoveNext()
2026/01/04 00:53:45.567 26169 29702 Info Unity System.Runtime.CompilerServices.AsyncTaskMethodBuilder:Start(TStateMachine&)
2026/01/04 00:53:45.567 26169 29702 Info Unity VRWorkspace.Streaming.PhaseProtocolClient:CreateSinglePCMultiTrackAsync(Int32)
2026/01/04 00:53:45.567 26169 29702 Info Unity VRWorkspace.Streaming.<CreatePeerConnectionsAsync>d__132:MoveNext()
2026/01/04 00:53:45.567 26169 29702 Info Unity System.Runtime.CompilerServices.AsyncTaskMethodBuilder:Start(TStateMachine&)
2026/01/04 00:53:45.567 26169 29702 Info Unity VRWorkspace.Streaming.PhaseProtocolClient:CreatePeerConnectionsAsync(Int32)
2026/01/04 00:53:45.567 26169 29702 Info Unity VRWorkspace.Streaming.<CreatePeerConnectionsInBackgroundAsync>d__131:MoveNext()
2026/01/04 00:53:45.567 26169 29702 Info Unity System.Runtime.CompilerServices.AsyncTaskMethodBuilder:Start(TStateMachine&)
2026/01/04 00:53:45.567 26169 29702 Info Unity VRWorkspace.Streaming.PhaseProtocolClient:CreatePeerConnectionsInBackgroundAsync(Int32)
2026/01/04 00:53:45.567 26169 29702 Info Unity VRWorkspace.Streaming.PhaseProtocolClient:HandleConfigCompleteAsync(SimpleJson)
2026/01/04 00:53:45.567 26169 29702 Info Unity VRWorkspace.Streaming.<HandleTextMessageAsync>d__112:MoveNext()
2026/01/04 00:53:45.567 26169 29702 Info Unity System.Runtime.CompilerServices.AsyncTaskMethodBuilder:Start(TStateMachine&)
2026/01/04 00:53:45.567 26169 29702 Info Unity VRWorkspace.Streaming.PhaseProtocolClient:HandleTextMessage
2026/01/04 00:53:45.569 26169 29702 Info Unity [PhaseProtocol] PC1 codec preferences: H264 first, total 13 codecs
2026/01/04 00:53:45.569 26169 29702 Info Unity VRWorkspace.Streaming.PhaseProtocolClient:SetCodecPreferences(RTCRtpTransceiver, Int32)
2026/01/04 00:53:45.569 26169 29702 Info Unity VRWorkspace.Streaming.<CreateSinglePCMultiTrackAsync>d__133:MoveNext()
2026/01/04 00:53:45.569 26169 29702 Info Unity System.Runtime.CompilerServices.AsyncTaskMethodBuilder:Start(TStateMachine&)
2026/01/04 00:53:45.569 26169 29702 Info Unity VRWorkspace.Streaming.PhaseProtocolClient:CreateSinglePCMultiTrackAsync(Int32)
2026/01/04 00:53:45.569 26169 29702 Info Unity VRWorkspace.Streaming.<CreatePeerConnectionsAsync>d__132:MoveNext()
2026/01/04 00:53:45.569 26169 29702 Info Unity System.Runtime.CompilerServices.AsyncTaskMethodBuilder:Start(TStateMachine&)
2026/01/04 00:53:45.569 26169 29702 Info Unity VRWorkspace.Streaming.PhaseProtocolClient:CreatePeerConnectionsAsync(Int32)
2026/01/04 00:53:45.569 26169 29702 Info Unity VRWorkspace.Streaming.<CreatePeerConnectionsInBackgroundAsync>d__131:MoveNext()
2026/01/04 00:53:45.569 26169 29702 Info Unity System.Runtime.CompilerServices.AsyncTaskMethodBuilder:Start(TStateMachine&)
2026/01/04 00:53:45.569 26169 29702 Info Unity VRWorkspace.Streaming.PhaseProtocolClient:CreatePeerConnectionsInBackgroundAsync(Int32)
2026/01/04 00:53:45.569 26169 29702 Info Unity VRWorkspace.Streaming.PhaseProtocolClient:HandleConfigCompleteAsync(SimpleJson)
2026/01/04 00:53:45.569 26169 29702 Info Unity VRWorkspace.Streaming.<HandleTextMessageAsync>d__112:MoveNext()
2026/01/04 00:53:45.569 26169 29702 Info Unity System.Runtime.CompilerServices
2026/01/04 00:53:45.570 26169 29702 Info Unity [PhaseProtocol] Added transceiver 1 for monitor 1
2026/01/04 00:53:45.570 26169 29702 Info Unity VRWorkspace.Streaming.<CreateSinglePCMultiTrackAsync>d__133:MoveNext()
2026/01/04 00:53:45.570 26169 29702 Info Unity System.Runtime.CompilerServices.AsyncTaskMethodBuilder:Start(TStateMachine&)
2026/01/04 00:53:45.570 26169 29702 Info Unity VRWorkspace.Streaming.PhaseProtocolClient:CreateSinglePCMultiTrackAsync(Int32)
2026/01/04 00:53:45.570 26169 29702 Info Unity VRWorkspace.Streaming.<CreatePeerConnectionsAsync>d__132:MoveNext()
2026/01/04 00:53:45.570 26169 29702 Info Unity System.Runtime.CompilerServices.AsyncTaskMethodBuilder:Start(TStateMachine&)
2026/01/04 00:53:45.570 26169 29702 Info Unity VRWorkspace.Streaming.PhaseProtocolClient:CreatePeerConnectionsAsync(Int32)
2026/01/04 00:53:45.570 26169 29702 Info Unity VRWorkspace.Streaming.<CreatePeerConnectionsInBackgroundAsync>d__131:MoveNext()
2026/01/04 00:53:45.570 26169 29702 Info Unity System.Runtime.CompilerServices.AsyncTaskMethodBuilder:Start(TStateMachine&)
2026/01/04 00:53:45.570 26169 29702 Info Unity VRWorkspace.Streaming.PhaseProtocolClient:CreatePeerConnectionsInBackgroundAsync(Int32)
2026/01/04 00:53:45.570 26169 29702 Info Unity VRWorkspace.Streaming.PhaseProtocolClient:HandleConfigCompleteAsync(SimpleJson)
2026/01/04 00:53:45.570 26169 29702 Info Unity VRWorkspace.Streaming.<HandleTextMessageAsync>d__112:MoveNext()
2026/01/04 00:53:45.570 26169 29702 Info Unity System.Runtime.CompilerServices.AsyncTaskMethodBuilder:Start(TStateMachine&)
2026/01/04 00:53:45.570 26169 29702 Info Unity VRWorkspace.Streaming.PhaseProtocolClient:HandleTextMessage
2026/01/04 00:53:45.570 26169 29702 Info Unity [PhaseProtocol] Setting up Single-PC event handlers for 2 tracks
2026/01/04 00:53:45.570 26169 29702 Info Unity VRWorkspace.Streaming.PhaseProtocolClient:SetupSinglePCEventHandlers(RTCPeerConnection, List`1, List`1)
2026/01/04 00:53:45.570 26169 29702 Info Unity VRWorkspace.Streaming.<CreateSinglePCMultiTrackAsync>d__133:MoveNext()
2026/01/04 00:53:45.570 26169 29702 Info Unity System.Runtime.CompilerServices.AsyncTaskMethodBuilder:Start(TStateMachine&)
2026/01/04 00:53:45.570 26169 29702 Info Unity VRWorkspace.Streaming.PhaseProtocolClient:CreateSinglePCMultiTrackAsync(Int32)
2026/01/04 00:53:45.570 26169 29702 Info Unity VRWorkspace.Streaming.<CreatePeerConnectionsAsync>d__132:MoveNext()
2026/01/04 00:53:45.570 26169 29702 Info Unity System.Runtime.CompilerServices.AsyncTaskMethodBuilder:Start(TStateMachine&)
2026/01/04 00:53:45.570 26169 29702 Info Unity VRWorkspace.Streaming.PhaseProtocolClient:CreatePeerConnectionsAsync(Int32)
2026/01/04 00:53:45.570 26169 29702 Info Unity VRWorkspace.Streaming.<CreatePeerConnectionsInBackgroundAsync>d__131:MoveNext()
2026/01/04 00:53:45.570 26169 29702 Info Unity System.Runtime.CompilerServices.AsyncTaskMethodBuilder:Start(TStateMachine&)
2026/01/04 00:53:45.570 26169 29702 Info Unity VRWorkspace.Streaming.PhaseProtocolClient:CreatePeerConnectionsInBackgroundAsync(Int32)
2026/01/04 00:53:45.570 26169 29702 Info Unity VRWorkspace.Streaming.PhaseProtocolClient:HandleConfigCompleteAsync(SimpleJson)
2026/01/04 00:53:45.570 26169 29702 Info Unity VRWorkspace.Streaming.<HandleTextMessageAsync>d__112:MoveNext()
2026/01/04 00:53:45.570 26169 29702 Info Unity System.Runtime.Co
2026/01/04 00:53:45.572 26169 29702 Info Unity [PhaseProtocol] <<< Finished config_complete
2026/01/04 00:53:45.572 26169 29702 Info Unity VRWorkspace.Streaming.<HandleTextMessageAsync>d__112:MoveNext()
2026/01/04 00:53:45.572 26169 29702 Info Unity System.Runtime.CompilerServices.AsyncTaskMethodBuilder:Start(TStateMachine&)
2026/01/04 00:53:45.572 26169 29702 Info Unity VRWorkspace.Streaming.PhaseProtocolClient:HandleTextMessageAsync(String)
2026/01/04 00:53:45.572 26169 29702 Info Unity VRWorkspace.Streaming.<ReceiveLoopAsync>d__111:MoveNext()
2026/01/04 00:53:45.572 26169 29702 Info Unity System.Threading.ExecutionContext:RunInternal(ExecutionContext, ContextCallback, Object, Boolean)
2026/01/04 00:53:45.572 26169 29702 Info Unity System.Runtime.CompilerServices.MoveNextRunner:Run()
2026/01/04 00:53:45.572 26169 29702 Info Unity UnityEngine.WorkRequest:Invoke()
2026/01/04 00:53:45.572 26169 29702 Info Unity UnityEngine.UnitySynchronizationContext:Exec()
2026/01/04 00:53:45.576 26169 29702 Info Unity [PhaseProtocol] PollTextures PC0: track=null, tex=null, cached=null, frames=0, lastFrame=-1ms ago
2026/01/04 00:53:45.576 26169 29702 Info Unity VRWorkspace.Streaming.PhaseProtocolClient:PollTextures()
2026/01/04 00:53:45.576 26169 29702 Info Unity RTTRemoteMenuController:Update()
2026/01/04 00:53:45.582 26169 29702 Info Unity [PhaseProtocol] Received: pong...
2026/01/04 00:53:45.582 26169 29702 Info Unity VRWorkspace.Streaming.<HandleTextMessageAsync>d__112:MoveNext()
2026/01/04 00:53:45.582 26169 29702 Info Unity System.Runtime.CompilerServices.AsyncTaskMethodBuilder:Start(TStateMachine&)
2026/01/04 00:53:45.582 26169 29702 Info Unity VRWorkspace.Streaming.PhaseProtocolClient:HandleTextMessageAsync(String)
2026/01/04 00:53:45.582 26169 29702 Info Unity VRWorkspace.Streaming.<ReceiveLoopAsync>d__111:MoveNext()
2026/01/04 00:53:45.582 26169 29702 Info Unity System.Threading.ExecutionContext:RunInternal(ExecutionContext, ContextCallback, Object, Boolean)
2026/01/04 00:53:45.582 26169 29702 Info Unity System.Runtime.CompilerServices.MoveNextRunner:Run()
2026/01/04 00:53:45.582 26169 29702 Info Unity UnityEngine.WorkRequest:Invoke()
2026/01/04 00:53:45.582 26169 29702 Info Unity UnityEngine.UnitySynchronizationContext:Exec()
2026/01/04 00:53:45.583 26169 29702 Info Unity [PhaseProtocol] Received: pong...
2026/01/04 00:53:45.583 26169 29702 Info Unity VRWorkspace.Streaming.<HandleTextMessageAsync>d__112:MoveNext()
2026/01/04 00:53:45.583 26169 29702 Info Unity System.Runtime.CompilerServices.AsyncTaskMethodBuilder:Start(TStateMachine&)
2026/01/04 00:53:45.583 26169 29702 Info Unity VRWorkspace.Streaming.PhaseProtocolClient:HandleTextMessageAsync(String)
2026/01/04 00:53:45.583 26169 29702 Info Unity VRWorkspace.Streaming.<ReceiveLoopAsync>d__111:MoveNext()
2026/01/04 00:53:45.583 26169 29702 Info Unity System.Threading.ExecutionContext:RunInternal(ExecutionContext, ContextCallback, Object, Boolean)
2026/01/04 00:53:45.583 26169 29702 Info Unity System.Runtime.CompilerServices.MoveNextRunner:Run()
2026/01/04 00:53:45.583 26169 29702 Info Unity UnityEngine.WorkRequest:Invoke()
2026/01/04 00:53:45.583 26169 29702 Info Unity UnityEngine.UnitySynchronizationContext:Exec()
2026/01/04 00:53:45.595 26169 29702 Info Unity [PhaseProtocol] Single-PC local ICE candidate: candidate:2186701057 1 udp 2122194687 192.168.1.7 34557 typ ...
2026/01/04 00:53:45.595 26169 29702 Info Unity VRWorkspace.Streaming.<>c__DisplayClass134_0:<SetupSinglePCEventHandlers>b__2(RTCIceCandidate)
2026/01/04 00:53:45.595 26169 29702 Info Unity Unity.WebRTC.<>c__DisplayClass49_0:<PCOnIceCandidate>b__0()
2026/01/04 00:53:45.595 26169 29702 Info Unity Unity.WebRTC.WebRTC:SendOrPostCallback(Object)
2026/01/04 00:53:45.595 26169 29702 Info Unity Unity.WebRTC.WorkRequest:Invoke()
2026/01/04 00:53:45.595 26169 29702 Info Unity Unity.WebRTC.ExecutableUnitySynchronizationContext:Execute()
2026/01/04 00:53:45.595 26169 29702 Info Unity Unity.WebRTC.ExecutableUnitySynchronizationContext:ExecuteAndAppendNextExecute()
2026/01/04 00:53:45.595 26169 29702 Info Unity UnityEngine.WorkRequest:Invoke()
2026/01/04 00:53:45.595 26169 29702 Info Unity UnityEngine.UnitySynchronizationContext:Exec()
2026/01/04 00:53:45.595 26169 29702 Info Unity [PhaseProtocol] Single-PC local ICE candidate: candidate:2417964660 1 udp 2122129151 166.205.142.36 60984 t...
2026/01/04 00:53:45.595 26169 29702 Info Unity VRWorkspace.Streaming.<>c__DisplayClass134_0:<SetupSinglePCEventHandlers>b__2(RTCIceCandidate)
2026/01/04 00:53:45.595 26169 29702 Info Unity Unity.WebRTC.<>c__DisplayClass49_0:<PCOnIceCandidate>b__0()
2026/01/04 00:53:45.595 26169 29702 Info Unity Unity.WebRTC.WebRTC:SendOrPostCallback(Object)
2026/01/04 00:53:45.595 26169 29702 Info Unity Unity.WebRTC.WorkRequest:Invoke()
2026/01/04 00:53:45.595 26169 29702 Info Unity Unity.WebRTC.ExecutableUnitySynchronizationContext:Execute()
2026/01/04 00:53:45.595 26169 29702 Info Unity Unity.WebRTC.ExecutableUnitySynchronizationContext:ExecuteAndAppendNextExecute()
2026/01/04 00:53:45.595 26169 29702 Info Unity UnityEngine.WorkRequest:Invoke()
2026/01/04 00:53:45.595 26169 29702 Info Unity UnityEngine.UnitySynchronizationContext:Exec()
2026/01/04 00:53:45.596 26169 29702 Info Unity [PhaseProtocol] Single-PC local ICE candidate: candidate:3383064531 1 udp 2122262783 2402:800:610d:cef6:e81...
2026/01/04 00:53:45.596 26169 29702 Info Unity VRWorkspace.Streaming.<>c__DisplayClass134_0:<SetupSinglePCEventHandlers>b__2(RTCIceCandidate)
2026/01/04 00:53:45.596 26169 29702 Info Unity Unity.WebRTC.<>c__DisplayClass49_0:<PCOnIceCandidate>b__0()
2026/01/04 00:53:45.596 26169 29702 Info Unity Unity.WebRTC.WebRTC:SendOrPostCallback(Object)
2026/01/04 00:53:45.596 26169 29702 Info Unity Unity.WebRTC.WorkRequest:Invoke()
2026/01/04 00:53:45.596 26169 29702 Info Unity Unity.WebRTC.ExecutableUnitySynchronizationContext:Execute()
2026/01/04 00:53:45.596 26169 29702 Info Unity Unity.WebRTC.ExecutableUnitySynchronizationContext:ExecuteAndAppendNextExecute()
2026/01/04 00:53:45.596 26169 29702 Info Unity UnityEngine.WorkRequest:Invoke()
2026/01/04 00:53:45.596 26169 29702 Info Unity UnityEngine.UnitySynchronizationContext:Exec()
2026/01/04 00:53:45.596 26169 29702 Info Unity [PhaseProtocol] Single-PC local ICE candidate: candidate:2186701057 1 udp 2122194687 192.168.1.7 43392 typ ...
2026/01/04 00:53:45.596 26169 29702 Info Unity VRWorkspace.Streaming.<>c__DisplayClass134_0:<SetupSinglePCEventHandlers>b__2(RTCIceCandidate)
2026/01/04 00:53:45.596 26169 29702 Info Unity Unity.WebRTC.<>c__DisplayClass49_0:<PCOnIceCandidate>b__0()
2026/01/04 00:53:45.596 26169 29702 Info Unity Unity.WebRTC.WebRTC:SendOrPostCallback(Object)
2026/01/04 00:53:45.596 26169 29702 Info Unity Unity.WebRTC.WorkRequest:Invoke()
2026/01/04 00:53:45.596 26169 29702 Info Unity Unity.WebRTC.ExecutableUnitySynchronizationContext:Execute()
2026/01/04 00:53:45.596 26169 29702 Info Unity Unity.WebRTC.ExecutableUnitySynchronizationContext:ExecuteAndAppendNextExecute()
2026/01/04 00:53:45.596 26169 29702 Info Unity UnityEngine.WorkRequest:Invoke()
2026/01/04 00:53:45.596 26169 29702 Info Unity UnityEngine.UnitySynchronizationContext:Exec()
2026/01/04 00:53:45.597 26169 29702 Info Unity [PhaseProtocol] Single-PC local ICE candidate: candidate:2417964660 1 udp 2122129151 166.205.142.36 56845 t...
2026/01/04 00:53:45.597 26169 29702 Info Unity VRWorkspace.Streaming.<>c__DisplayClass134_0:<SetupSinglePCEventHandlers>b__2(RTCIceCandidate)
2026/01/04 00:53:45.597 26169 29702 Info Unity Unity.WebRTC.<>c__DisplayClass49_0:<PCOnIceCandidate>b__0()
2026/01/04 00:53:45.597 26169 29702 Info Unity Unity.WebRTC.WebRTC:SendOrPostCallback(Object)
2026/01/04 00:53:45.597 26169 29702 Info Unity Unity.WebRTC.WorkRequest:Invoke()
2026/01/04 00:53:45.597 26169 29702 Info Unity Unity.WebRTC.ExecutableUnitySynchronizationContext:Execute()
2026/01/04 00:53:45.597 26169 29702 Info Unity Unity.WebRTC.ExecutableUnitySynchronizationContext:ExecuteAndAppendNextExecute()
2026/01/04 00:53:45.597 26169 29702 Info Unity UnityEngine.WorkRequest:Invoke()
2026/01/04 00:53:45.597 26169 29702 Info Unity UnityEngine.UnitySynchronizationContext:Exec()
2026/01/04 00:53:45.597 26169 29702 Info Unity [PhaseProtocol] Single-PC local ICE candidate: candidate:3383064531 1 udp 2122262783 2402:800:610d:cef6:e81...
2026/01/04 00:53:45.597 26169 29702 Info Unity VRWorkspace.Streaming.<>c__DisplayClass134_0:<SetupSinglePCEventHandlers>b__2(RTCIceCandidate)
2026/01/04 00:53:45.597 26169 29702 Info Unity Unity.WebRTC.<>c__DisplayClass49_0:<PCOnIceCandidate>b__0()
2026/01/04 00:53:45.597 26169 29702 Info Unity Unity.WebRTC.WebRTC:SendOrPostCallback(Object)
2026/01/04 00:53:45.597 26169 29702 Info Unity Unity.WebRTC.WorkRequest:Invoke()
2026/01/04 00:53:45.597 26169 29702 Info Unity Unity.WebRTC.ExecutableUnitySynchronizationContext:Execute()
2026/01/04 00:53:45.597 26169 29702 Info Unity Unity.WebRTC.ExecutableUnitySynchronizationContext:ExecuteAndAppendNextExecute()
2026/01/04 00:53:45.597 26169 29702 Info Unity UnityEngine.WorkRequest:Invoke()
2026/01/04 00:53:45.597 26169 29702 Info Unity UnityEngine.UnitySynchronizationContext:Exec()
2026/01/04 00:53:45.610 26169 29702 Info Unity [PhaseProtocol] Single-PC offer sent with 2 m= sections (60ms)
2026/01/04 00:53:45.610 26169 29702 Info Unity VRWorkspace.Streaming.<CreateSinglePCMultiTrackAsync>d__133:MoveNext()
2026/01/04 00:53:45.610 26169 29702 Info Unity System.Threading.ExecutionContext:RunInternal(ExecutionContext, ContextCallback, Object, Boolean)
2026/01/04 00:53:45.610 26169 29702 Info Unity System.Runtime.CompilerServices.MoveNextRunner:Run()
2026/01/04 00:53:45.610 26169 29702 Info Unity System.Threading.Tasks.AwaitTaskContinuation:RunCallback(ContextCallback, Object, Task&)
2026/01/04 00:53:45.610 26169 29702 Info Unity System.Threading.Tasks.Task:FinishContinuations()
2026/01/04 00:53:45.610 26169 29702 Info Unity System.Threading.Tasks.Task`1:TrySetResult(TResult)
2026/01/04 00:53:45.610 26169 29702 Info Unity System.Runtime.CompilerServices.AsyncTaskMethodBuilder`1:SetResult(TResult)
2026/01/04 00:53:45.610 26169 29702 Info Unity VRWorkspace.Streaming.<SendTextAsync>d__159:MoveNext()
2026/01/04 00:53:45.610 26169 29702 Info Unity System.Threading.ExecutionContext:RunInternal(ExecutionContext, ContextCallback, Object, Boolean)
2026/01/04 00:53:45.610 26169 29702 Info Unity System.Runtime.CompilerServices.MoveNextRunner:Run()
2026/01/04 00:53:45.610 26169 29702 Info Unity UnityEngine.WorkRequest:Invoke()
2026/01/04 00:53:45.610 26169 29702 Info Unity UnityEngine.UnitySynchronizationContext:Exec()
2026/01/04 00:53:45.695 26169 29702 Info Unity [PhaseProtocol] Single-PC local ICE candidate: candidate:4237921177 1 tcp 1518214911 192.168.1.7 44737 typ ...
2026/01/04 00:53:45.695 26169 29702 Info Unity VRWorkspace.Streaming.<>c__DisplayClass134_0:<SetupSinglePCEventHandlers>b__2(RTCIceCandidate)
2026/01/04 00:53:45.695 26169 29702 Info Unity Unity.WebRTC.<>c__DisplayClass49_0:<PCOnIceCandidate>b__0()
2026/01/04 00:53:45.695 26169 29702 Info Unity Unity.WebRTC.WebRTC:SendOrPostCallback(Object)
2026/01/04 00:53:45.695 26169 29702 Info Unity Unity.WebRTC.WorkRequest:Invoke()
2026/01/04 00:53:45.695 26169 29702 Info Unity Unity.WebRTC.ExecutableUnitySynchronizationContext:Execute()
2026/01/04 00:53:45.695 26169 29702 Info Unity Unity.WebRTC.ExecutableUnitySynchronizationContext:ExecuteAndAppendNextExecute()
2026/01/04 00:53:45.695 26169 29702 Info Unity UnityEngine.WorkRequest:Invoke()
2026/01/04 00:53:45.695 26169 29702 Info Unity UnityEngine.UnitySynchronizationContext:Exec()
2026/01/04 00:53:45.696 26169 29702 Info Unity [PhaseProtocol] Skipping TCP candidate
2026/01/04 00:53:45.696 26169 29702 Info Unity Unity.WebRTC.<>c__DisplayClass49_0:<PCOnIceCandidate>b__0()
2026/01/04 00:53:45.696 26169 29702 Info Unity Unity.WebRTC.WebRTC:SendOrPostCallback(Object)
2026/01/04 00:53:45.696 26169 29702 Info Unity Unity.WebRTC.WorkRequest:Invoke()
2026/01/04 00:53:45.696 26169 29702 Info Unity Unity.WebRTC.ExecutableUnitySynchronizationContext:Execute()
2026/01/04 00:53:45.696 26169 29702 Info Unity Unity.WebRTC.ExecutableUnitySynchronizationContext:ExecuteAndAppendNextExecute()
2026/01/04 00:53:45.696 26169 29702 Info Unity UnityEngine.WorkRequest:Invoke()
2026/01/04 00:53:45.696 26169 29702 Info Unity UnityEngine.UnitySynchronizationContext:Exec()
2026/01/04 00:53:45.697 26169 29702 Info Unity [PhaseProtocol] Single-PC local ICE candidate: candidate:4006663404 1 tcp 1518149375 166.205.142.36 41497 t...
2026/01/04 00:53:45.697 26169 29702 Info Unity VRWorkspace.Streaming.<>c__DisplayClass134_0:<SetupSinglePCEventHandlers>b__2(RTCIceCandidate)
2026/01/04 00:53:45.697 26169 29702 Info Unity Unity.WebRTC.<>c__DisplayClass49_0:<PCOnIceCandidate>b__0()
2026/01/04 00:53:45.697 26169 29702 Info Unity Unity.WebRTC.WebRTC:SendOrPostCallback(Object)
2026/01/04 00:53:45.697 26169 29702 Info Unity Unity.WebRTC.WorkRequest:Invoke()
2026/01/04 00:53:45.697 26169 29702 Info Unity Unity.WebRTC.ExecutableUnitySynchronizationContext:Execute()
2026/01/04 00:53:45.697 26169 29702 Info Unity Unity.WebRTC.ExecutableUnitySynchronizationContext:ExecuteAndAppendNextExecute()
2026/01/04 00:53:45.697 26169 29702 Info Unity UnityEngine.WorkRequest:Invoke()
2026/01/04 00:53:45.697 26169 29702 Info Unity UnityEngine.UnitySynchronizationContext:Exec()
2026/01/04 00:53:45.698 26169 29702 Info Unity [PhaseProtocol] Skipping TCP candidate
2026/01/04 00:53:45.698 26169 29702 Info Unity Unity.WebRTC.<>c__DisplayClass49_0:<PCOnIceCandidate>b__0()
2026/01/04 00:53:45.698 26169 29702 Info Unity Unity.WebRTC.WebRTC:SendOrPostCallback(Object)
2026/01/04 00:53:45.698 26169 29702 Info Unity Unity.WebRTC.WorkRequest:Invoke()
2026/01/04 00:53:45.698 26169 29702 Info Unity Unity.WebRTC.ExecutableUnitySynchronizationContext:Execute()
2026/01/04 00:53:45.698 26169 29702 Info Unity Unity.WebRTC.ExecutableUnitySynchronizationContext:ExecuteAndAppendNextExecute()
2026/01/04 00:53:45.698 26169 29702 Info Unity UnityEngine.WorkRequest:Invoke()
2026/01/04 00:53:45.698 26169 29702 Info Unity UnityEngine.UnitySynchronizationContext:Exec()
2026/01/04 00:53:45.700 26169 29702 Info Unity [PhaseProtocol] Single-PC local ICE candidate: candidate:3077215563 1 tcp 1518283007 2402:800:610d:cef6:e81...
2026/01/04 00:53:45.700 26169 29702 Info Unity VRWorkspace.Streaming.<>c__DisplayClass134_0:<SetupSinglePCEventHandlers>b__2(RTCIceCandidate)
2026/01/04 00:53:45.700 26169 29702 Info Unity Unity.WebRTC.<>c__DisplayClass49_0:<PCOnIceCandidate>b__0()
2026/01/04 00:53:45.700 26169 29702 Info Unity Unity.WebRTC.WebRTC:SendOrPostCallback(Object)
2026/01/04 00:53:45.700 26169 29702 Info Unity Unity.WebRTC.WorkRequest:Invoke()
2026/01/04 00:53:45.700 26169 29702 Info Unity Unity.WebRTC.ExecutableUnitySynchronizationContext:Execute()
2026/01/04 00:53:45.700 26169 29702 Info Unity Unity.WebRTC.ExecutableUnitySynchronizationContext:ExecuteAndAppendNextExecute()
2026/01/04 00:53:45.700 26169 29702 Info Unity UnityEngine.WorkRequest:Invoke()
2026/01/04 00:53:45.700 26169 29702 Info Unity UnityEngine.UnitySynchronizationContext:Exec()
2026/01/04 00:53:45.700 26169 29702 Info Unity [PhaseProtocol] Skipping TCP candidate
2026/01/04 00:53:45.700 26169 29702 Info Unity Unity.WebRTC.<>c__DisplayClass49_0:<PCOnIceCandidate>b__0()
2026/01/04 00:53:45.700 26169 29702 Info Unity Unity.WebRTC.WebRTC:SendOrPostCallback(Object)
2026/01/04 00:53:45.700 26169 29702 Info Unity Unity.WebRTC.WorkRequest:Invoke()
2026/01/04 00:53:45.700 26169 29702 Info Unity Unity.WebRTC.ExecutableUnitySynchronizationContext:Execute()
2026/01/04 00:53:45.700 26169 29702 Info Unity Unity.WebRTC.ExecutableUnitySynchronizationContext:ExecuteAndAppendNextExecute()
2026/01/04 00:53:45.700 26169 29702 Info Unity UnityEngine.WorkRequest:Invoke()
2026/01/04 00:53:45.700 26169 29702 Info Unity UnityEngine.UnitySynchronizationContext:Exec()
2026/01/04 00:53:45.702 26169 29702 Info Unity [PhaseProtocol] Single-PC local ICE candidate: candidate:4237921177 1 tcp 1518214911 192.168.1.7 36451 typ ...
2026/01/04 00:53:45.702 26169 29702 Info Unity VRWorkspace.Streaming.<>c__DisplayClass134_0:<SetupSinglePCEventHandlers>b__2(RTCIceCandidate)
2026/01/04 00:53:45.702 26169 29702 Info Unity Unity.WebRTC.<>c__DisplayClass49_0:<PCOnIceCandidate>b__0()
2026/01/04 00:53:45.702 26169 29702 Info Unity Unity.WebRTC.WebRTC:SendOrPostCallback(Object)
2026/01/04 00:53:45.702 26169 29702 Info Unity Unity.WebRTC.WorkRequest:Invoke()
2026/01/04 00:53:45.702 26169 29702 Info Unity Unity.WebRTC.ExecutableUnitySynchronizationContext:Execute()
2026/01/04 00:53:45.702 26169 29702 Info Unity Unity.WebRTC.ExecutableUnitySynchronizationContext:ExecuteAndAppendNextExecute()
2026/01/04 00:53:45.702 26169 29702 Info Unity UnityEngine.WorkRequest:Invoke()
2026/01/04 00:53:45.702 26169 29702 Info Unity UnityEngine.UnitySynchronizationContext:Exec()
2026/01/04 00:53:45.703 26169 29702 Info Unity [PhaseProtocol] Skipping TCP candidate
2026/01/04 00:53:45.703 26169 29702 Info Unity Unity.WebRTC.<>c__DisplayClass49_0:<PCOnIceCandidate>b__0()
2026/01/04 00:53:45.703 26169 29702 Info Unity Unity.WebRTC.WebRTC:SendOrPostCallback(Object)
2026/01/04 00:53:45.703 26169 29702 Info Unity Unity.WebRTC.WorkRequest:Invoke()
2026/01/04 00:53:45.703 26169 29702 Info Unity Unity.WebRTC.ExecutableUnitySynchronizationContext:Execute()
2026/01/04 00:53:45.703 26169 29702 Info Unity Unity.WebRTC.ExecutableUnitySynchronizationContext:ExecuteAndAppendNextExecute()
2026/01/04 00:53:45.703 26169 29702 Info Unity UnityEngine.WorkRequest:Invoke()
2026/01/04 00:53:45.703 26169 29702 Info Unity UnityEngine.UnitySynchronizationContext:Exec()
2026/01/04 00:53:45.704 26169 29702 Info Unity [PhaseProtocol] Single-PC local ICE candidate: candidate:4006663404 1 tcp 1518149375 166.205.142.36 50451 t...
2026/01/04 00:53:45.704 26169 29702 Info Unity VRWorkspace.Streaming.<>c__DisplayClass134_0:<SetupSinglePCEventHandlers>b__2(RTCIceCandidate)
2026/01/04 00:53:45.704 26169 29702 Info Unity Unity.WebRTC.<>c__DisplayClass49_0:<PCOnIceCandidate>b__0()
2026/01/04 00:53:45.704 26169 29702 Info Unity Unity.WebRTC.WebRTC:SendOrPostCallback(Object)
2026/01/04 00:53:45.704 26169 29702 Info Unity Unity.WebRTC.WorkRequest:Invoke()
2026/01/04 00:53:45.704 26169 29702 Info Unity Unity.WebRTC.ExecutableUnitySynchronizationContext:Execute()
2026/01/04 00:53:45.704 26169 29702 Info Unity Unity.WebRTC.ExecutableUnitySynchronizationContext:ExecuteAndAppendNextExecute()
2026/01/04 00:53:45.704 26169 29702 Info Unity UnityEngine.WorkRequest:Invoke()
2026/01/04 00:53:45.704 26169 29702 Info Unity UnityEngine.UnitySynchronizationContext:Exec()
2026/01/04 00:53:45.705 26169 29702 Info Unity [PhaseProtocol] Skipping TCP candidate
2026/01/04 00:53:45.705 26169 29702 Info Unity Unity.WebRTC.<>c__DisplayClass49_0:<PCOnIceCandidate>b__0()
2026/01/04 00:53:45.705 26169 29702 Info Unity Unity.WebRTC.WebRTC:SendOrPostCallback(Object)
2026/01/04 00:53:45.705 26169 29702 Info Unity Unity.WebRTC.WorkRequest:Invoke()
2026/01/04 00:53:45.705 26169 29702 Info Unity Unity.WebRTC.ExecutableUnitySynchronizationContext:Execute()
2026/01/04 00:53:45.705 26169 29702 Info Unity Unity.WebRTC.ExecutableUnitySynchronizationContext:ExecuteAndAppendNextExecute()
2026/01/04 00:53:45.705 26169 29702 Info Unity UnityEngine.WorkRequest:Invoke()
2026/01/04 00:53:45.705 26169 29702 Info Unity UnityEngine.UnitySynchronizationContext:Exec()
2026/01/04 00:53:45.706 26169 29702 Info Unity [PhaseProtocol] Single-PC local ICE candidate: candidate:3077215563 1 tcp 1518283007 2402:800:610d:cef6:e81...
2026/01/04 00:53:45.706 26169 29702 Info Unity VRWorkspace.Streaming.<>c__DisplayClass134_0:<SetupSinglePCEventHandlers>b__2(RTCIceCandidate)
2026/01/04 00:53:45.706 26169 29702 Info Unity Unity.WebRTC.<>c__DisplayClass49_0:<PCOnIceCandidate>b__0()
2026/01/04 00:53:45.706 26169 29702 Info Unity Unity.WebRTC.WebRTC:SendOrPostCallback(Object)
2026/01/04 00:53:45.706 26169 29702 Info Unity Unity.WebRTC.WorkRequest:Invoke()
2026/01/04 00:53:45.706 26169 29702 Info Unity Unity.WebRTC.ExecutableUnitySynchronizationContext:Execute()
2026/01/04 00:53:45.706 26169 29702 Info Unity Unity.WebRTC.ExecutableUnitySynchronizationContext:ExecuteAndAppendNextExecute()
2026/01/04 00:53:45.706 26169 29702 Info Unity UnityEngine.WorkRequest:Invoke()
2026/01/04 00:53:45.706 26169 29702 Info Unity UnityEngine.UnitySynchronizationContext:Exec()
2026/01/04 00:53:45.707 26169 29702 Info Unity [PhaseProtocol] Skipping TCP candidate
2026/01/04 00:53:45.707 26169 29702 Info Unity Unity.WebRTC.<>c__DisplayClass49_0:<PCOnIceCandidate>b__0()
2026/01/04 00:53:45.707 26169 29702 Info Unity Unity.WebRTC.WebRTC:SendOrPostCallback(Object)
2026/01/04 00:53:45.707 26169 29702 Info Unity Unity.WebRTC.WorkRequest:Invoke()
2026/01/04 00:53:45.707 26169 29702 Info Unity Unity.WebRTC.ExecutableUnitySynchronizationContext:Execute()
2026/01/04 00:53:45.707 26169 29702 Info Unity Unity.WebRTC.ExecutableUnitySynchronizationContext:ExecuteAndAppendNextExecute()
2026/01/04 00:53:45.707 26169 29702 Info Unity UnityEngine.WorkRequest:Invoke()
2026/01/04 00:53:45.707 26169 29702 Info Unity UnityEngine.UnitySynchronizationContext:Exec()
2026/01/04 00:53:45.814 26169 29702 Info Unity [PhaseProtocol] Received: {"type":"candidate","monitorIndex":0,"candidate":"1173202931 1 udp 2113940223 2402:800:610d:cef6:25e...
2026/01/04 00:53:45.814 26169 29702 Info Unity VRWorkspace.Streaming.<HandleTextMessageAsync>d__112:MoveNext()
2026/01/04 00:53:45.814 26169 29702 Info Unity System.Runtime.CompilerServices.AsyncTaskMethodBuilder:Start(TStateMachine&)
2026/01/04 00:53:45.814 26169 29702 Info Unity VRWorkspace.Streaming.PhaseProtocolClient:HandleTextMessageAsync(String)
2026/01/04 00:53:45.814 26169 29702 Info Unity VRWorkspace.Streaming.<ReceiveLoopAsync>d__111:MoveNext()
2026/01/04 00:53:45.814 26169 29702 Info Unity System.Threading.ExecutionContext:RunInternal(ExecutionContext, ContextCallback, Object, Boolean)
2026/01/04 00:53:45.814 26169 29702 Info Unity System.Runtime.CompilerServices.MoveNextRunner:Run()
2026/01/04 00:53:45.814 26169 29702 Info Unity UnityEngine.WorkRequest:Invoke()
2026/01/04 00:53:45.814 26169 29702 Info Unity UnityEngine.UnitySynchronizationContext:Exec()
2026/01/04 00:53:45.815 26169 29702 Info Unity [PhaseProtocol] Parsed type='candidate' from message len=146
2026/01/04 00:53:45.815 26169 29702 Info Unity VRWorkspace.Streaming.<HandleTextMessageAsync>d__112:MoveNext()
2026/01/04 00:53:45.815 26169 29702 Info Unity System.Runtime.CompilerServices.AsyncTaskMethodBuilder:Start(TStateMachine&)
2026/01/04 00:53:45.815 26169 29702 Info Unity VRWorkspace.Streaming.PhaseProtocolClient:HandleTextMessageAsync(String)
2026/01/04 00:53:45.815 26169 29702 Info Unity VRWorkspace.Streaming.<ReceiveLoopAsync>d__111:MoveNext()
2026/01/04 00:53:45.815 26169 29702 Info Unity System.Threading.ExecutionContext:RunInternal(ExecutionContext, ContextCallback, Object, Boolean)
2026/01/04 00:53:45.815 26169 29702 Info Unity System.Runtime.CompilerServices.MoveNextRunner:Run()
2026/01/04 00:53:45.815 26169 29702 Info Unity UnityEngine.WorkRequest:Invoke()
2026/01/04 00:53:45.815 26169 29702 Info Unity UnityEngine.UnitySynchronizationContext:Exec()
2026/01/04 00:53:45.816 26169 29702 Info Unity [PhaseProtocol] PC0 received ICE candidate
2026/01/04 00:53:45.816 26169 29702 Info Unity VRWorkspace.Streaming.PhaseProtocolClient:HandleCandidate(SimpleJson)
2026/01/04 00:53:45.816 26169 29702 Info Unity VRWorkspace.Streaming.<HandleTextMessageAsync>d__112:MoveNext()
2026/01/04 00:53:45.816 26169 29702 Info Unity System.Runtime.CompilerServices.AsyncTaskMethodBuilder:Start(TStateMachine&)
2026/01/04 00:53:45.816 26169 29702 Info Unity VRWorkspace.Streaming.PhaseProtocolClient:HandleTextMessageAsync(String)
2026/01/04 00:53:45.816 26169 29702 Info Unity VRWorkspace.Streaming.<ReceiveLoopAsync>d__111:MoveNext()
2026/01/04 00:53:45.816 26169 29702 Info Unity System.Threading.ExecutionContext:RunInternal(ExecutionContext, ContextCallback, Object, Boolean)
2026/01/04 00:53:45.816 26169 29702 Info Unity System.Runtime.CompilerServices.MoveNextRunner:Run()
2026/01/04 00:53:45.816 26169 29702 Info Unity UnityEngine.WorkRequest:Invoke()
2026/01/04 00:53:45.816 26169 29702 Info Unity UnityEngine.UnitySynchronizationContext:Exec()
2026/01/04 00:53:45.817 26169 29702 Info Unity [PhaseProtocol] PC0 queuing remote ICE candidate (AnswerSet=false, pending=1)
2026/01/04 00:53:45.817 26169 29702 Info Unity VRWorkspace.Streaming.PhaseProtocolClient:HandleCandidate(SimpleJson)
2026/01/04 00:53:45.817 26169 29702 Info Unity VRWorkspace.Streaming.<HandleTextMessageAsync>d__112:MoveNext()
2026/01/04 00:53:45.817 26169 29702 Info Unity System.Runtime.CompilerServices.AsyncTaskMethodBuilder:Start(TStateMachine&)
2026/01/04 00:53:45.817 26169 29702 Info Unity VRWorkspace.Streaming.PhaseProtocolClient:HandleTextMessageAsync(String)
2026/01/04 00:53:45.817 26169 29702 Info Unity VRWorkspace.Streaming.<ReceiveLoopAsync>d__111:MoveNext()
2026/01/04 00:53:45.817 26169 29702 Info Unity System.Threading.ExecutionContext:RunInternal(ExecutionContext, ContextCallback, Object, Boolean)
2026/01/04 00:53:45.817 26169 29702 Info Unity System.Runtime.CompilerServices.MoveNextRunner:Run()
2026/01/04 00:53:45.817 26169 29702 Info Unity UnityEngine.WorkRequest:Invoke()
2026/01/04 00:53:45.817 26169 29702 Info Unity UnityEngine.UnitySynchronizationContext:Exec()
2026/01/04 00:53:45.831 26169 29702 Info Unity [PhaseProtocol] Received: {"type":"candidate","monitorIndex":0,"candidate":"892836704 1 udp 2113940223 2402:800:610d:cef6:7848...
2026/01/04 00:53:45.831 26169 29702 Info Unity VRWorkspace.Streaming.<HandleTextMessageAsync>d__112:MoveNext()
2026/01/04 00:53:45.831 26169 29702 Info Unity System.Runtime.CompilerServices.AsyncTaskMethodBuilder:Start(TStateMachine&)
2026/01/04 00:53:45.831 26169 29702 Info Unity VRWorkspace.Streaming.PhaseProtocolClient:HandleTextMessageAsync(String)
2026/01/04 00:53:45.831 26169 29702 Info Unity VRWorkspace.Streaming.<ReceiveLoopAsync>d__111:MoveNext()
2026/01/04 00:53:45.831 26169 29702 Info Unity System.Threading.ExecutionContext:RunInternal(ExecutionContext, ContextCallback, Object, Boolean)
2026/01/04 00:53:45.831 26169 29702 Info Unity System.Runtime.CompilerServices.MoveNextRunner:Run()
2026/01/04 00:53:45.831 26169 29702 Info Unity UnityEngine.WorkRequest:Invoke()
2026/01/04 00:53:45.831 26169 29702 Info Unity UnityEngine.UnitySynchronizationContext:Exec()
2026/01/04 00:53:45.833 26169 29702 Info Unity [PhaseProtocol] Parsed type='candidate' from message len=145
2026/01/04 00:53:45.833 26169 29702 Info Unity VRWorkspace.Streaming.<HandleTextMessageAsync>d__112:MoveNext()
2026/01/04 00:53:45.833 26169 29702 Info Unity System.Runtime.CompilerServices.AsyncTaskMethodBuilder:Start(TStateMachine&)
2026/01/04 00:53:45.833 26169 29702 Info Unity VRWorkspace.Streaming.PhaseProtocolClient:HandleTextMessageAsync(String)
2026/01/04 00:53:45.833 26169 29702 Info Unity VRWorkspace.Streaming.<ReceiveLoopAsync>d__111:MoveNext()
2026/01/04 00:53:45.833 26169 29702 Info Unity System.Threading.ExecutionContext:RunInternal(ExecutionContext, ContextCallback, Object, Boolean)
2026/01/04 00:53:45.833 26169 29702 Info Unity System.Runtime.CompilerServices.MoveNextRunner:Run()
2026/01/04 00:53:45.833 26169 29702 Info Unity UnityEngine.WorkRequest:Invoke()
2026/01/04 00:53:45.833 26169 29702 Info Unity UnityEngine.UnitySynchronizationContext:Exec()
2026/01/04 00:53:45.834 26169 29702 Info Unity [PhaseProtocol] PC0 received ICE candidate
2026/01/04 00:53:45.834 26169 29702 Info Unity VRWorkspace.Streaming.PhaseProtocolClient:HandleCandidate(SimpleJson)
2026/01/04 00:53:45.834 26169 29702 Info Unity VRWorkspace.Streaming.<HandleTextMessageAsync>d__112:MoveNext()
2026/01/04 00:53:45.834 26169 29702 Info Unity System.Runtime.CompilerServices.AsyncTaskMethodBuilder:Start(TStateMachine&)
2026/01/04 00:53:45.834 26169 29702 Info Unity VRWorkspace.Streaming.PhaseProtocolClient:HandleTextMessageAsync(String)
2026/01/04 00:53:45.834 26169 29702 Info Unity VRWorkspace.Streaming.<ReceiveLoopAsync>d__111:MoveNext()
2026/01/04 00:53:45.834 26169 29702 Info Unity System.Threading.ExecutionContext:RunInternal(ExecutionContext, ContextCallback, Object, Boolean)
2026/01/04 00:53:45.834 26169 29702 Info Unity System.Runtime.CompilerServices.MoveNextRunner:Run()
2026/01/04 00:53:45.834 26169 29702 Info Unity UnityEngine.WorkRequest:Invoke()
2026/01/04 00:53:45.834 26169 29702 Info Unity UnityEngine.UnitySynchronizationContext:Exec()
2026/01/04 00:53:45.835 26169 29702 Info Unity [PhaseProtocol] PC0 queuing remote ICE candidate (AnswerSet=false, pending=2)
2026/01/04 00:53:45.835 26169 29702 Info Unity VRWorkspace.Streaming.PhaseProtocolClient:HandleCandidate(SimpleJson)
2026/01/04 00:53:45.835 26169 29702 Info Unity VRWorkspace.Streaming.<HandleTextMessageAsync>d__112:MoveNext()
2026/01/04 00:53:45.835 26169 29702 Info Unity System.Runtime.CompilerServices.AsyncTaskMethodBuilder:Start(TStateMachine&)
2026/01/04 00:53:45.835 26169 29702 Info Unity VRWorkspace.Streaming.PhaseProtocolClient:HandleTextMessageAsync(String)
2026/01/04 00:53:45.835 26169 29702 Info Unity VRWorkspace.Streaming.<ReceiveLoopAsync>d__111:MoveNext()
2026/01/04 00:53:45.835 26169 29702 Info Unity System.Threading.ExecutionContext:RunInternal(ExecutionContext, ContextCallback, Object, Boolean)
2026/01/04 00:53:45.835 26169 29702 Info Unity System.Runtime.CompilerServices.MoveNextRunner:Run()
2026/01/04 00:53:45.835 26169 29702 Info Unity UnityEngine.WorkRequest:Invoke()
2026/01/04 00:53:45.835 26169 29702 Info Unity UnityEngine.UnitySynchronizationContext:Exec()
2026/01/04 00:53:45.848 26169 29702 Info Unity [PhaseProtocol] Received: {"type":"candidate","monitorIndex":0,"candidate":"2055797717 1 udp 2113937663 192.168.1.8 57846 typ ...
2026/01/04 00:53:45.848 26169 29702 Info Unity VRWorkspace.Streaming.<HandleTextMessageAsync>d__112:MoveNext()
2026/01/04 00:53:45.848 26169 29702 Info Unity System.Runtime.CompilerServices.AsyncTaskMethodBuilder:Start(TStateMachine&)
2026/01/04 00:53:45.848 26169 29702 Info Unity VRWorkspace.Streaming.PhaseProtocolClient:HandleTextMessageAsync(String)
2026/01/04 00:53:45.848 26169 29702 Info Unity VRWorkspace.Streaming.<ReceiveLoopAsync>d__111:MoveNext()
2026/01/04 00:53:45.848 26169 29702 Info Unity System.Threading.ExecutionContext:RunInternal(ExecutionContext, ContextCallback, Object, Boolean)
2026/01/04 00:53:45.848 26169 29702 Info Unity System.Runtime.CompilerServices.MoveNextRunner:Run()
2026/01/04 00:53:45.848 26169 29702 Info Unity UnityEngine.WorkRequest:Invoke()
2026/01/04 00:53:45.848 26169 29702 Info Unity UnityEngine.UnitySynchronizationContext:Exec()
2026/01/04 00:53:45.849 26169 29702 Info Unity [PhaseProtocol] Parsed type='candidate' from message len=119
2026/01/04 00:53:45.849 26169 29702 Info Unity VRWorkspace.Streaming.<HandleTextMessageAsync>d__112:MoveNext()
2026/01/04 00:53:45.849 26169 29702 Info Unity System.Runtime.CompilerServices.AsyncTaskMethodBuilder:Start(TStateMachine&)
2026/01/04 00:53:45.849 26169 29702 Info Unity VRWorkspace.Streaming.PhaseProtocolClient:HandleTextMessageAsync(String)
2026/01/04 00:53:45.849 26169 29702 Info Unity VRWorkspace.Streaming.<ReceiveLoopAsync>d__111:MoveNext()
2026/01/04 00:53:45.849 26169 29702 Info Unity System.Threading.ExecutionContext:RunInternal(ExecutionContext, ContextCallback, Object, Boolean)
2026/01/04 00:53:45.849 26169 29702 Info Unity System.Runtime.CompilerServices.MoveNextRunner:Run()
2026/01/04 00:53:45.849 26169 29702 Info Unity UnityEngine.WorkRequest:Invoke()
2026/01/04 00:53:45.849 26169 29702 Info Unity UnityEngine.UnitySynchronizationContext:Exec()
2026/01/04 00:53:45.850 26169 29702 Info Unity [PhaseProtocol] PC0 received ICE candidate
2026/01/04 00:53:45.850 26169 29702 Info Unity VRWorkspace.Streaming.PhaseProtocolClient:HandleCandidate(SimpleJson)
2026/01/04 00:53:45.850 26169 29702 Info Unity VRWorkspace.Streaming.<HandleTextMessageAsync>d__112:MoveNext()
2026/01/04 00:53:45.850 26169 29702 Info Unity System.Runtime.CompilerServices.AsyncTaskMethodBuilder:Start(TStateMachine&)
2026/01/04 00:53:45.850 26169 29702 Info Unity VRWorkspace.Streaming.PhaseProtocolClient:HandleTextMessageAsync(String)
2026/01/04 00:53:45.850 26169 29702 Info Unity VRWorkspace.Streaming.<ReceiveLoopAsync>d__111:MoveNext()
2026/01/04 00:53:45.850 26169 29702 Info Unity System.Threading.ExecutionContext:RunInternal(ExecutionContext, ContextCallback, Object, Boolean)
2026/01/04 00:53:45.850 26169 29702 Info Unity System.Runtime.CompilerServices.MoveNextRunner:Run()
2026/01/04 00:53:45.850 26169 29702 Info Unity UnityEngine.WorkRequest:Invoke()
2026/01/04 00:53:45.850 26169 29702 Info Unity UnityEngine.UnitySynchronizationContext:Exec()
2026/01/04 00:53:45.851 26169 29702 Info Unity [PhaseProtocol] PC0 queuing remote ICE candidate (AnswerSet=false, pending=3)
2026/01/04 00:53:45.851 26169 29702 Info Unity VRWorkspace.Streaming.PhaseProtocolClient:HandleCandidate(SimpleJson)
2026/01/04 00:53:45.851 26169 29702 Info Unity VRWorkspace.Streaming.<HandleTextMessageAsync>d__112:MoveNext()
2026/01/04 00:53:45.851 26169 29702 Info Unity System.Runtime.CompilerServices.AsyncTaskMethodBuilder:Start(TStateMachine&)
2026/01/04 00:53:45.851 26169 29702 Info Unity VRWorkspace.Streaming.PhaseProtocolClient:HandleTextMessageAsync(String)
2026/01/04 00:53:45.851 26169 29702 Info Unity VRWorkspace.Streaming.<ReceiveLoopAsync>d__111:MoveNext()
2026/01/04 00:53:45.851 26169 29702 Info Unity System.Threading.ExecutionContext:RunInternal(ExecutionContext, ContextCallback, Object, Boolean)
2026/01/04 00:53:45.851 26169 29702 Info Unity System.Runtime.CompilerServices.MoveNextRunner:Run()
2026/01/04 00:53:45.851 26169 29702 Info Unity UnityEngine.WorkRequest:Invoke()
2026/01/04 00:53:45.851 26169 29702 Info Unity UnityEngine.UnitySynchronizationContext:Exec()
2026/01/04 00:53:45.865 26169 29702 Info Unity [PhaseProtocol] Received: {"type":"answer","monitorIndex":0,"sdp":"v=0\r\no=- 76958 0 IN IP4 127.0.0.1\r\ns=sipsorcery\r\nt=0 ...
2026/01/04 00:53:45.865 26169 29702 Info Unity VRWorkspace.Streaming.<HandleTextMessageAsync>d__112:MoveNext()
2026/01/04 00:53:45.865 26169 29702 Info Unity System.Runtime.CompilerServices.AsyncTaskMethodBuilder:Start(TStateMachine&)
2026/01/04 00:53:45.865 26169 29702 Info Unity VRWorkspace.Streaming.PhaseProtocolClient:HandleTextMessageAsync(String)
2026/01/04 00:53:45.865 26169 29702 Info Unity VRWorkspace.Streaming.<ReceiveLoopAsync>d__111:MoveNext()
2026/01/04 00:53:45.865 26169 29702 Info Unity System.Threading.ExecutionContext:RunInternal(ExecutionContext, ContextCallback, Object, Boolean)
2026/01/04 00:53:45.865 26169 29702 Info Unity System.Runtime.CompilerServices.MoveNextRunner:Run()
2026/01/04 00:53:45.865 26169 29702 Info Unity UnityEngine.WorkRequest:Invoke()
2026/01/04 00:53:45.865 26169 29702 Info Unity UnityEngine.UnitySynchronizationContext:Exec()
2026/01/04 00:53:45.866 26169 29702 Info Unity [PhaseProtocol] Parsed type='answer' from message len=1296
2026/01/04 00:53:45.866 26169 29702 Info Unity VRWorkspace.Streaming.<HandleTextMessageAsync>d__112:MoveNext()
2026/01/04 00:53:45.866 26169 29702 Info Unity System.Runtime.CompilerServices.AsyncTaskMethodBuilder:Start(TStateMachine&)
2026/01/04 00:53:45.866 26169 29702 Info Unity VRWorkspace.Streaming.PhaseProtocolClient:HandleTextMessageAsync(String)
2026/01/04 00:53:45.866 26169 29702 Info Unity VRWorkspace.Streaming.<ReceiveLoopAsync>d__111:MoveNext()
2026/01/04 00:53:45.866 26169 29702 Info Unity System.Threading.ExecutionContext:RunInternal(ExecutionContext, ContextCallback, Object, Boolean)
2026/01/04 00:53:45.866 26169 29702 Info Unity System.Runtime.CompilerServices.MoveNextRunner:Run()
2026/01/04 00:53:45.866 26169 29702 Info Unity UnityEngine.WorkRequest:Invoke()
2026/01/04 00:53:45.866 26169 29702 Info Unity UnityEngine.UnitySynchronizationContext:Exec()
2026/01/04 00:53:45.868 26169 29702 Info Unity [PhaseProtocol] PC0 raw SDP preview: v=0\r\no=- 76958 0 IN IP4 127.0.0.1\r\ns=sipsorcery\r\nt=0 0\r\na=group:BUNDLE 0 1\r\nm=video 9 UDP/TLS/RTP/SAVPF 124\r\nc=IN IP4 0.0.0.0\r\na=ice-ufrag:WTSB\r\na=ice-pwd:IAMPBCRFAAXHDPHBVYHLAUGM\r\na=fingerprint:sha-2
2026/01/04 00:53:45.868 26169 29702 Info Unity VRWorkspace.Streaming.<HandleAnswerAsync>d__140:MoveNext()
2026/01/04 00:53:45.868 26169 29702 Info Unity System.Runtime.CompilerServices.AsyncTaskMethodBuilder:Start(TStateMachine&)
2026/01/04 00:53:45.868 26169 29702 Info Unity VRWorkspace.Streaming.PhaseProtocolClient:HandleAnswerAsync(SimpleJson)
2026/01/04 00:53:45.868 26169 29702 Info Unity VRWorkspace.Streaming.<HandleTextMessageAsync>d__112:MoveNext()
2026/01/04 00:53:45.868 26169 29702 Info Unity System.Runtime.CompilerServices.AsyncTaskMethodBuilder:Start(TStateMachine&)
2026/01/04 00:53:45.868 26169 29702 Info Unity VRWorkspace.Streaming.PhaseProtocolClient:HandleTextMessageAsync(String)
2026/01/04 00:53:45.868 26169 29702 Info Unity VRWorkspace.Streaming.<ReceiveLoopAsync>d__111:MoveNext()
2026/01/04 00:53:45.868 26169 29702 Info Unity System.Threading.ExecutionContext:RunInternal(ExecutionContext, ContextCallback, Object, Boolean)
2026/01/04 00:53:45.868 26169 29702 Info Unity System.Runtime.CompilerServices.MoveNextRunner:Run()
2026/01/04 00:53:45.868 26169 29702 Info Unity UnityEngine.WorkRequest:Invoke()
2026/01/04 00:53:45.868 26169 29702 Info Unity UnityEngine.UnitySynchronizationContext:Exec()
2026/01/04 00:53:45.870 26169 29702 Info Unity [PhaseProtocol] FixSdp result preview: v=0 | o=- 76958 0 IN IP4 127.0.0.1 | s=sipsorcery | t=0 0 | a=group:BUNDLE 0 1
2026/01/04 00:53:45.870 26169 29702 Info Unity VRWorkspace.Streaming.PhaseProtocolClient:FixSdp(String)
2026/01/04 00:53:45.870 26169 29702 Info Unity VRWorkspace.Streaming.<HandleAnswerAsync>d__140:MoveNext()
2026/01/04 00:53:45.870 26169 29702 Info Unity System.Runtime.CompilerServices.AsyncTaskMethodBuilder:Start(TStateMachine&)
2026/01/04 00:53:45.870 26169 29702 Info Unity VRWorkspace.Streaming.PhaseProtocolClient:HandleAnswerAsync(SimpleJson)
2026/01/04 00:53:45.870 26169 29702 Info Unity VRWorkspace.Streaming.<HandleTextMessageAsync>d__112:MoveNext()
2026/01/04 00:53:45.870 26169 29702 Info Unity System.Runtime.CompilerServices.AsyncTaskMethodBuilder:Start(TStateMachine&)
2026/01/04 00:53:45.870 26169 29702 Info Unity VRWorkspace.Streaming.PhaseProtocolClient:HandleTextMessageAsync(String)
2026/01/04 00:53:45.870 26169 29702 Info Unity VRWorkspace.Streaming.<ReceiveLoopAsync>d__111:MoveNext()
2026/01/04 00:53:45.870 26169 29702 Info Unity System.Threading.ExecutionContext:RunInternal(ExecutionContext, ContextCallback, Object, Boolean)
2026/01/04 00:53:45.870 26169 29702 Info Unity System.Runtime.CompilerServices.MoveNextRunner:Run()
2026/01/04 00:53:45.870 26169 29702 Info Unity UnityEngine.WorkRequest:Invoke()
2026/01/04 00:53:45.870 26169 29702 Info Unity UnityEngine.UnitySynchronizationContext:Exec()
2026/01/04 00:53:45.871 26169 29702 Info Unity [PhaseProtocol] FixSdp total lines: 35, result length: 1183
2026/01/04 00:53:45.871 26169 29702 Info Unity VRWorkspace.Streaming.PhaseProtocolClient:FixSdp(String)
2026/01/04 00:53:45.871 26169 29702 Info Unity VRWorkspace.Streaming.<HandleAnswerAsync>d__140:MoveNext()
2026/01/04 00:53:45.871 26169 29702 Info Unity System.Runtime.CompilerServices.AsyncTaskMethodBuilder:Start(TStateMachine&)
2026/01/04 00:53:45.871 26169 29702 Info Unity VRWorkspace.Streaming.PhaseProtocolClient:HandleAnswerAsync(SimpleJson)
2026/01/04 00:53:45.871 26169 29702 Info Unity VRWorkspace.Streaming.<HandleTextMessageAsync>d__112:MoveNext()
2026/01/04 00:53:45.871 26169 29702 Info Unity System.Runtime.CompilerServices.AsyncTaskMethodBuilder:Start(TStateMachine&)
2026/01/04 00:53:45.871 26169 29702 Info Unity VRWorkspace.Streaming.PhaseProtocolClient:HandleTextMessageAsync(String)
2026/01/04 00:53:45.871 26169 29702 Info Unity VRWorkspace.Streaming.<ReceiveLoopAsync>d__111:MoveNext()
2026/01/04 00:53:45.871 26169 29702 Info Unity System.Threading.ExecutionContext:RunInternal(ExecutionContext, ContextCallback, Object, Boolean)
2026/01/04 00:53:45.871 26169 29702 Info Unity System.Runtime.CompilerServices.MoveNextRunner:Run()
2026/01/04 00:53:45.871 26169 29702 Info Unity UnityEngine.WorkRequest:Invoke()
2026/01/04 00:53:45.871 26169 29702 Info Unity UnityEngine.UnitySynchronizationContext:Exec()
2026/01/04 00:53:45.872 26169 29702 Info Unity [PhaseProtocol] PC0 received answer (SDP: 1181 -> 1183 bytes)
2026/01/04 00:53:45.872 26169 29702 Info Unity VRWorkspace.Streaming.<HandleAnswerAsync>d__140:MoveNext()
2026/01/04 00:53:45.872 26169 29702 Info Unity System.Runtime.CompilerServices.AsyncTaskMethodBuilder:Start(TStateMachine&)
2026/01/04 00:53:45.872 26169 29702 Info Unity VRWorkspace.Streaming.PhaseProtocolClient:HandleAnswerAsync(SimpleJson)
2026/01/04 00:53:45.872 26169 29702 Info Unity VRWorkspace.Streaming.<HandleTextMessageAsync>d__112:MoveNext()
2026/01/04 00:53:45.872 26169 29702 Info Unity System.Runtime.CompilerServices.AsyncTaskMethodBuilder:Start(TStateMachine&)
2026/01/04 00:53:45.872 26169 29702 Info Unity VRWorkspace.Streaming.PhaseProtocolClient:HandleTextMessageAsync(String)
2026/01/04 00:53:45.872 26169 29702 Info Unity VRWorkspace.Streaming.<ReceiveLoopAsync>d__111:MoveNext()
2026/01/04 00:53:45.872 26169 29702 Info Unity System.Threading.ExecutionContext:RunInternal(ExecutionContext, ContextCallback, Object, Boolean)
2026/01/04 00:53:45.872 26169 29702 Info Unity System.Runtime.CompilerServices.MoveNextRunner:Run()
2026/01/04 00:53:45.872 26169 29702 Info Unity UnityEngine.WorkRequest:Invoke()
2026/01/04 00:53:45.872 26169 29702 Info Unity UnityEngine.UnitySynchronizationContext:Exec()
2026/01/04 00:53:45.874 26169 29702 Info Unity [PhaseProtocol] PC0 SignalingState=HaveLocalOffer, IceState=New
2026/01/04 00:53:45.874 26169 29702 Info Unity VRWorkspace.Streaming.<HandleAnswerAsync>d__140:MoveNext()
2026/01/04 00:53:45.874 26169 29702 Info Unity System.Runtime.CompilerServices.AsyncTaskMethodBuilder:Start(TStateMachine&)
2026/01/04 00:53:45.874 26169 29702 Info Unity VRWorkspace.Streaming.PhaseProtocolClient:HandleAnswerAsync(SimpleJson)
2026/01/04 00:53:45.874 26169 29702 Info Unity VRWorkspace.Streaming.<HandleTextMessageAsync>d__112:MoveNext()
2026/01/04 00:53:45.874 26169 29702 Info Unity System.Runtime.CompilerServices.AsyncTaskMethodBuilder:Start(TStateMachine&)
2026/01/04 00:53:45.874 26169 29702 Info Unity VRWorkspace.Streaming.PhaseProtocolClient:HandleTextMessageAsync(String)
2026/01/04 00:53:45.874 26169 29702 Info Unity VRWorkspace.Streaming.<ReceiveLoopAsync>d__111:MoveNext()
2026/01/04 00:53:45.874 26169 29702 Info Unity System.Threading.ExecutionContext:RunInternal(ExecutionContext, ContextCallback, Object, Boolean)
2026/01/04 00:53:45.874 26169 29702 Info Unity System.Runtime.CompilerServices.MoveNextRunner:Run()
2026/01/04 00:53:45.874 26169 29702 Info Unity UnityEngine.WorkRequest:Invoke()
2026/01/04 00:53:45.874 26169 29702 Info Unity UnityEngine.UnitySynchronizationContext:Exec()
2026/01/04 00:53:45.874 26169 29702 Info Unity [PhaseProtocol] PC0 calling SetRemoteDescription (SDP len=1183)...
2026/01/04 00:53:45.874 26169 29702 Info Unity VRWorkspace.Streaming.<HandleAnswerAsync>d__140:MoveNext()
2026/01/04 00:53:45.874 26169 29702 Info Unity System.Runtime.CompilerServices.AsyncTaskMethodBuilder:Start(TStateMachine&)
2026/01/04 00:53:45.874 26169 29702 Info Unity VRWorkspace.Streaming.PhaseProtocolClient:HandleAnswerAsync(SimpleJson)
2026/01/04 00:53:45.874 26169 29702 Info Unity VRWorkspace.Streaming.<HandleTextMessageAsync>d__112:MoveNext()
2026/01/04 00:53:45.874 26169 29702 Info Unity System.Runtime.CompilerServices.AsyncTaskMethodBuilder:Start(TStateMachine&)
2026/01/04 00:53:45.874 26169 29702 Info Unity VRWorkspace.Streaming.PhaseProtocolClient:HandleTextMessageAsync(String)
2026/01/04 00:53:45.874 26169 29702 Info Unity VRWorkspace.Streaming.<ReceiveLoopAsync>d__111:MoveNext()
2026/01/04 00:53:45.874 26169 29702 Info Unity System.Threading.ExecutionContext:RunInternal(ExecutionContext, ContextCallback, Object, Boolean)
2026/01/04 00:53:45.874 26169 29702 Info Unity System.Runtime.CompilerServices.MoveNextRunner:Run()
2026/01/04 00:53:45.874 26169 29702 Info Unity UnityEngine.WorkRequest:Invoke()
2026/01/04 00:53:45.874 26169 29702 Info Unity UnityEngine.UnitySynchronizationContext:Exec()
2026/01/04 00:53:45.879 26169 29702 Info Unity [PhaseProtocol] PC0 SetRemoteDescription called, waiting for completion...
2026/01/04 00:53:45.879 26169 29702 Info Unity VRWorkspace.Streaming.<HandleAnswerAsync>d__140:MoveNext()
2026/01/04 00:53:45.879 26169 29702 Info Unity System.Runtime.CompilerServices.AsyncTaskMethodBuilder:Start(TStateMachine&)
2026/01/04 00:53:45.879 26169 29702 Info Unity VRWorkspace.Streaming.PhaseProtocolClient:HandleAnswerAsync(SimpleJson)
2026/01/04 00:53:45.879 26169 29702 Info Unity VRWorkspace.Streaming.<HandleTextMessageAsync>d__112:MoveNext()
2026/01/04 00:53:45.879 26169 29702 Info Unity System.Runtime.CompilerServices.AsyncTaskMethodBuilder:Start(TStateMachine&)
2026/01/04 00:53:45.879 26169 29702 Info Unity VRWorkspace.Streaming.PhaseProtocolClient:HandleTextMessageAsync(String)
2026/01/04 00:53:45.879 26169 29702 Info Unity VRWorkspace.Streaming.<ReceiveLoopAsync>d__111:MoveNext()
2026/01/04 00:53:45.879 26169 29702 Info Unity System.Threading.ExecutionContext:RunInternal(ExecutionContext, ContextCallback, Object, Boolean)
2026/01/04 00:53:45.879 26169 29702 Info Unity System.Runtime.CompilerServices.MoveNextRunner:Run()
2026/01/04 00:53:45.879 26169 29702 Info Unity UnityEngine.WorkRequest:Invoke()
2026/01/04 00:53:45.879 26169 29702 Info Unity UnityEngine.UnitySynchronizationContext:Exec()
2026/01/04 00:53:45.883 26169 29702 Info Unity [PhaseProtocol] Single-PC ICE: Checking
2026/01/04 00:53:45.883 26169 29702 Info Unity VRWorkspace.Streaming.<>c__DisplayClass134_0:<SetupSinglePCEventHandlers>b__0(RTCIceConnectionState)
2026/01/04 00:53:45.883 26169 29702 Info Unity Unity.WebRTC.<>c__DisplayClass50_0:<PCOnIceConnectionChange>b__0()
2026/01/04 00:53:45.883 26169 29702 Info Unity Unity.WebRTC.WebRTC:SendOrPostCallback(Object)
2026/01/04 00:53:45.883 26169 29702 Info Unity Unity.WebRTC.WorkRequest:Invoke()
2026/01/04 00:53:45.883 26169 29702 Info Unity Unity.WebRTC.ExecutableUnitySynchronizationContext:Execute()
2026/01/04 00:53:45.883 26169 29702 Info Unity Unity.WebRTC.ExecutableUnitySynchronizationContext:ExecuteAndAppendNextExecute()
2026/01/04 00:53:45.883 26169 29702 Info Unity UnityEngine.WorkRequest:Invoke()
2026/01/04 00:53:45.883 26169 29702 Info Unity UnityEngine.UnitySynchronizationContext:Exec()
2026/01/04 00:53:45.887 26169 29702 Info Unity [PhaseProtocol] Single-PC OnTrack: kind=Video, enabled=True
2026/01/04 00:53:45.887 26169 29702 Info Unity VRWorkspace.Streaming.<>c__DisplayClass134_0:<SetupSinglePCEventHandlers>b__3(RTCTrackEvent)
2026/01/04 00:53:45.887 26169 29702 Info Unity Unity.WebRTC.<>c__DisplayClass55_0:<PCOnTrack>b__0()
2026/01/04 00:53:45.887 26169 29702 Info Unity Unity.WebRTC.WebRTC:SendOrPostCallback(Object)
2026/01/04 00:53:45.887 26169 29702 Info Unity Unity.WebRTC.WorkRequest:Invoke()
2026/01/04 00:53:45.887 26169 29702 Info Unity Unity.WebRTC.ExecutableUnitySynchronizationContext:Execute()
2026/01/04 00:53:45.887 26169 29702 Info Unity Unity.WebRTC.ExecutableUnitySynchronizationContext:ExecuteAndAppendNextExecute()
2026/01/04 00:53:45.887 26169 29702 Info Unity UnityEngine.WorkRequest:Invoke()
2026/01/04 00:53:45.887 26169 29702 Info Unity UnityEngine.UnitySynchronizationContext:Exec()
2026/01/04 00:53:45.888 26169 29702 Info Unity [PhaseProtocol] Track 0 received video, mid=0
2026/01/04 00:53:45.888 26169 29702 Info Unity VRWorkspace.Streaming.<>c__DisplayClass134_0:<SetupSinglePCEventHandlers>b__3(RTCTrackEvent)
2026/01/04 00:53:45.888 26169 29702 Info Unity Unity.WebRTC.<>c__DisplayClass55_0:<PCOnTrack>b__0()
2026/01/04 00:53:45.888 26169 29702 Info Unity Unity.WebRTC.WebRTC:SendOrPostCallback(Object)
2026/01/04 00:53:45.888 26169 29702 Info Unity Unity.WebRTC.WorkRequest:Invoke()
2026/01/04 00:53:45.888 26169 29702 Info Unity Unity.WebRTC.ExecutableUnitySynchronizationContext:Execute()
2026/01/04 00:53:45.888 26169 29702 Info Unity Unity.WebRTC.ExecutableUnitySynchronizationContext:ExecuteAndAppendNextExecute()
2026/01/04 00:53:45.888 26169 29702 Info Unity UnityEngine.WorkRequest:Invoke()
2026/01/04 00:53:45.888 26169 29702 Info Unity UnityEngine.UnitySynchronizationContext:Exec()
2026/01/04 00:53:45.889 26169 29702 Info Unity [PhaseProtocol] Single-PC OnTrack: kind=Video, enabled=True
2026/01/04 00:53:45.889 26169 29702 Info Unity VRWorkspace.Streaming.<>c__DisplayClass134_0:<SetupSinglePCEventHandlers>b__3(RTCTrackEvent)
2026/01/04 00:53:45.889 26169 29702 Info Unity Unity.WebRTC.<>c__DisplayClass55_0:<PCOnTrack>b__0()
2026/01/04 00:53:45.889 26169 29702 Info Unity Unity.WebRTC.WebRTC:SendOrPostCallback(Object)
2026/01/04 00:53:45.889 26169 29702 Info Unity Unity.WebRTC.WorkRequest:Invoke()
2026/01/04 00:53:45.889 26169 29702 Info Unity Unity.WebRTC.ExecutableUnitySynchronizationContext:Execute()
2026/01/04 00:53:45.889 26169 29702 Info Unity Unity.WebRTC.ExecutableUnitySynchronizationContext:ExecuteAndAppendNextExecute()
2026/01/04 00:53:45.889 26169 29702 Info Unity UnityEngine.WorkRequest:Invoke()
2026/01/04 00:53:45.889 26169 29702 Info Unity UnityEngine.UnitySynchronizationContext:Exec()
2026/01/04 00:53:45.890 26169 29702 Info Unity [PhaseProtocol] Track 1 received video, mid=1
2026/01/04 00:53:45.890 26169 29702 Info Unity VRWorkspace.Streaming.<>c__DisplayClass134_0:<SetupSinglePCEventHandlers>b__3(RTCTrackEvent)
2026/01/04 00:53:45.890 26169 29702 Info Unity Unity.WebRTC.<>c__DisplayClass55_0:<PCOnTrack>b__0()
2026/01/04 00:53:45.890 26169 29702 Info Unity Unity.WebRTC.WebRTC:SendOrPostCallback(Object)
2026/01/04 00:53:45.890 26169 29702 Info Unity Unity.WebRTC.WorkRequest:Invoke()
2026/01/04 00:53:45.890 26169 29702 Info Unity Unity.WebRTC.ExecutableUnitySynchronizationContext:Execute()
2026/01/04 00:53:45.890 26169 29702 Info Unity Unity.WebRTC.ExecutableUnitySynchronizationContext:ExecuteAndAppendNextExecute()
2026/01/04 00:53:45.890 26169 29702 Info Unity UnityEngine.WorkRequest:Invoke()
2026/01/04 00:53:45.890 26169 29702 Info Unity UnityEngine.UnitySynchronizationContext:Exec()
2026/01/04 00:53:45.890 26169 29702 Info Unity [PhaseProtocol] Received: {"type":"candidate","monitorIndex":0,"candidate":"candidate:2055797717 1 udp 2113937663 192.168.1.8 ...
2026/01/04 00:53:45.890 26169 29702 Info Unity VRWorkspace.Streaming.<HandleTextMessageAsync>d__112:MoveNext()
2026/01/04 00:53:45.890 26169 29702 Info Unity System.Runtime.CompilerServices.AsyncTaskMethodBuilder:Start(TStateMachine&)
2026/01/04 00:53:45.890 26169 29702 Info Unity VRWorkspace.Streaming.PhaseProtocolClient:HandleTextMessageAsync(String)
2026/01/04 00:53:45.890 26169 29702 Info Unity VRWorkspace.Streaming.<ReceiveLoopAsync>d__111:MoveNext()
2026/01/04 00:53:45.890 26169 29702 Info Unity System.Threading.ExecutionContext:RunInternal(ExecutionContext, ContextCallback, Object, Boolean)
2026/01/04 00:53:45.890 26169 29702 Info Unity System.Runtime.CompilerServices.MoveNextRunner:Run()
2026/01/04 00:53:45.890 26169 29702 Info Unity UnityEngine.WorkRequest:Invoke()
2026/01/04 00:53:45.890 26169 29702 Info Unity UnityEngine.UnitySynchronizationContext:Exec()
2026/01/04 00:53:45.891 26169 29702 Info Unity [PhaseProtocol] Parsed type='candidate' from message len=129
2026/01/04 00:53:45.891 26169 29702 Info Unity VRWorkspace.Streaming.<HandleTextMessageAsync>d__112:MoveNext()
2026/01/04 00:53:45.891 26169 29702 Info Unity System.Runtime.CompilerServices.AsyncTaskMethodBuilder:Start(TStateMachine&)
2026/01/04 00:53:45.891 26169 29702 Info Unity VRWorkspace.Streaming.PhaseProtocolClient:HandleTextMessageAsync(String)
2026/01/04 00:53:45.891 26169 29702 Info Unity VRWorkspace.Streaming.<ReceiveLoopAsync>d__111:MoveNext()
2026/01/04 00:53:45.891 26169 29702 Info Unity System.Threading.ExecutionContext:RunInternal(ExecutionContext, ContextCallback, Object, Boolean)
2026/01/04 00:53:45.891 26169 29702 Info Unity System.Runtime.CompilerServices.MoveNextRunner:Run()
2026/01/04 00:53:45.891 26169 29702 Info Unity UnityEngine.WorkRequest:Invoke()
2026/01/04 00:53:45.891 26169 29702 Info Unity UnityEngine.UnitySynchronizationContext:Exec()
2026/01/04 00:53:45.891 26169 29702 Info Unity [PhaseProtocol] PC0 received ICE candidate
2026/01/04 00:53:45.891 26169 29702 Info Unity VRWorkspace.Streaming.PhaseProtocolClient:HandleCandidate(SimpleJson)
2026/01/04 00:53:45.891 26169 29702 Info Unity VRWorkspace.Streaming.<HandleTextMessageAsync>d__112:MoveNext()
2026/01/04 00:53:45.891 26169 29702 Info Unity System.Runtime.CompilerServices.AsyncTaskMethodBuilder:Start(TStateMachine&)
2026/01/04 00:53:45.891 26169 29702 Info Unity VRWorkspace.Streaming.PhaseProtocolClient:HandleTextMessageAsync(String)
2026/01/04 00:53:45.891 26169 29702 Info Unity VRWorkspace.Streaming.<ReceiveLoopAsync>d__111:MoveNext()
2026/01/04 00:53:45.891 26169 29702 Info Unity System.Threading.ExecutionContext:RunInternal(ExecutionContext, ContextCallback, Object, Boolean)
2026/01/04 00:53:45.891 26169 29702 Info Unity System.Runtime.CompilerServices.MoveNextRunner:Run()
2026/01/04 00:53:45.891 26169 29702 Info Unity UnityEngine.WorkRequest:Invoke()
2026/01/04 00:53:45.891 26169 29702 Info Unity UnityEngine.UnitySynchronizationContext:Exec()
2026/01/04 00:53:45.891 26169 29702 Info Unity [PhaseProtocol] PC0 queuing remote ICE candidate (AnswerSet=false, pending=4)
2026/01/04 00:53:45.891 26169 29702 Info Unity VRWorkspace.Streaming.PhaseProtocolClient:HandleCandidate(SimpleJson)
2026/01/04 00:53:45.891 26169 29702 Info Unity VRWorkspace.Streaming.<HandleTextMessageAsync>d__112:MoveNext()
2026/01/04 00:53:45.891 26169 29702 Info Unity System.Runtime.CompilerServices.AsyncTaskMethodBuilder:Start(TStateMachine&)
2026/01/04 00:53:45.891 26169 29702 Info Unity VRWorkspace.Streaming.PhaseProtocolClient:HandleTextMessageAsync(String)
2026/01/04 00:53:45.891 26169 29702 Info Unity VRWorkspace.Streaming.<ReceiveLoopAsync>d__111:MoveNext()
2026/01/04 00:53:45.891 26169 29702 Info Unity System.Threading.ExecutionContext:RunInternal(ExecutionContext, ContextCallback, Object, Boolean)
2026/01/04 00:53:45.891 26169 29702 Info Unity System.Runtime.CompilerServices.MoveNextRunner:Run()
2026/01/04 00:53:45.891 26169 29702 Info Unity UnityEngine.WorkRequest:Invoke()
2026/01/04 00:53:45.891 26169 29702 Info Unity UnityEngine.UnitySynchronizationContext:Exec()
2026/01/04 00:53:45.899 26169 29702 Info Unity [PhaseProtocol] PC0 SetRemoteDescription wait done: IsDone=True, IsError=False, elapsed=20ms
2026/01/04 00:53:45.899 26169 29702 Info Unity VRWorkspace.Streaming.<HandleAnswerAsync>d__140:MoveNext()
2026/01/04 00:53:45.899 26169 29702 Info Unity System.Threading.ExecutionContext:RunInternal(ExecutionContext, ContextCallback, Object, Boolean)
2026/01/04 00:53:45.899 26169 29702 Info Unity System.Runtime.CompilerServices.MoveNextRunner:Run()
2026/01/04 00:53:45.899 26169 29702 Info Unity UnityEngine.WorkRequest:Invoke()
2026/01/04 00:53:45.899 26169 29702 Info Unity UnityEngine.UnitySynchronizationContext:Exec()
2026/01/04 00:53:45.900 26169 29702 Info Unity [PhaseProtocol] PC0 answer set OK (20ms)
2026/01/04 00:53:45.900 26169 29702 Info Unity VRWorkspace.Streaming.<HandleAnswerAsync>d__140:MoveNext()
2026/01/04 00:53:45.900 26169 29702 Info Unity System.Threading.ExecutionContext:RunInternal(ExecutionContext, ContextCallback, Object, Boolean)
2026/01/04 00:53:45.900 26169 29702 Info Unity System.Runtime.CompilerServices.MoveNextRunner:Run()
2026/01/04 00:53:45.900 26169 29702 Info Unity UnityEngine.WorkRequest:Invoke()
2026/01/04 00:53:45.900 26169 29702 Info Unity UnityEngine.UnitySynchronizationContext:Exec()
2026/01/04 00:53:45.900 26169 29702 Info Unity [PhaseProtocol] Single-PC mode: marking all wrappers as AnswerSet
2026/01/04 00:53:45.900 26169 29702 Info Unity VRWorkspace.Streaming.<HandleAnswerAsync>d__140:MoveNext()
2026/01/04 00:53:45.900 26169 29702 Info Unity System.Threading.ExecutionContext:RunInternal(ExecutionContext, ContextCallback, Object, Boolean)
2026/01/04 00:53:45.900 26169 29702 Info Unity System.Runtime.CompilerServices.MoveNextRunner:Run()
2026/01/04 00:53:45.900 26169 29702 Info Unity UnityEngine.WorkRequest:Invoke()
2026/01/04 00:53:45.900 26169 29702 Info Unity UnityEngine.UnitySynchronizationContext:Exec()
2026/01/04 00:53:45.900 26169 29702 Info Unity [PhaseProtocol] All 2 answers received, signaling TCS
2026/01/04 00:53:45.900 26169 29702 Info Unity VRWorkspace.Streaming.PhaseProtocolClient:SignalIfAllAnswersReceived()
2026/01/04 00:53:45.900 26169 29702 Info Unity VRWorkspace.Streaming.<HandleAnswerAsync>d__140:MoveNext()
2026/01/04 00:53:45.900 26169 29702 Info Unity System.Threading.ExecutionContext:RunInternal(ExecutionContext, ContextCallback, Object, Boolean)
2026/01/04 00:53:45.900 26169 29702 Info Unity System.Runtime.CompilerServices.MoveNextRunner:Run()
2026/01/04 00:53:45.900 26169 29702 Info Unity UnityEngine.WorkRequest:Invoke()
2026/01/04 00:53:45.900 26169 29702 Info Unity UnityEngine.UnitySynchronizationContext:Exec()
2026/01/04 00:53:45.901 26169 29702 Info Unity [PhaseProtocol] PC0 Added ICE candidate
2026/01/04 00:53:45.901 26169 29702 Info Unity VRWorkspace.Streaming.PhaseProtocolClient:AddIceCandidate(PCWrapper, String)
2026/01/04 00:53:45.901 26169 29702 Info Unity VRWorkspace.Streaming.<HandleAnswerAsync>d__140:MoveNext()
2026/01/04 00:53:45.901 26169 29702 Info Unity System.Threading.ExecutionContext:RunInternal(ExecutionContext, ContextCallback, Object, Boolean)
2026/01/04 00:53:45.901 26169 29702 Info Unity System.Runtime.CompilerServices.MoveNextRunner:Run()
2026/01/04 00:53:45.901 26169 29702 Info Unity UnityEngine.WorkRequest:Invoke()
2026/01/04 00:53:45.901 26169 29702 Info Unity UnityEngine.UnitySynchronizationContext:Exec()
2026/01/04 00:53:45.902 26169 29702 Info Unity [PhaseProtocol] PC0 Added ICE candidate
2026/01/04 00:53:45.902 26169 29702 Info Unity VRWorkspace.Streaming.PhaseProtocolClient:AddIceCandidate(PCWrapper, String)
2026/01/04 00:53:45.902 26169 29702 Info Unity VRWorkspace.Streaming.<HandleAnswerAsync>d__140:MoveNext()
2026/01/04 00:53:45.902 26169 29702 Info Unity System.Threading.ExecutionContext:RunInternal(ExecutionContext, ContextCallback, Object, Boolean)
2026/01/04 00:53:45.902 26169 29702 Info Unity System.Runtime.CompilerServices.MoveNextRunner:Run()
2026/01/04 00:53:45.902 26169 29702 Info Unity UnityEngine.WorkRequest:Invoke()
2026/01/04 00:53:45.902 26169 29702 Info Unity UnityEngine.UnitySynchronizationContext:Exec()
2026/01/04 00:53:45.902 26169 29702 Info Unity [PhaseProtocol] PC0 Added ICE candidate
2026/01/04 00:53:45.902 26169 29702 Info Unity VRWorkspace.Streaming.PhaseProtocolClient:AddIceCandidate(PCWrapper, String)
2026/01/04 00:53:45.902 26169 29702 Info Unity VRWorkspace.Streaming.<HandleAnswerAsync>d__140:MoveNext()
2026/01/04 00:53:45.902 26169 29702 Info Unity System.Threading.ExecutionContext:RunInternal(ExecutionContext, ContextCallback, Object, Boolean)
2026/01/04 00:53:45.902 26169 29702 Info Unity System.Runtime.CompilerServices.MoveNextRunner:Run()
2026/01/04 00:53:45.902 26169 29702 Info Unity UnityEngine.WorkRequest:Invoke()
2026/01/04 00:53:45.902 26169 29702 Info Unity UnityEngine.UnitySynchronizationContext:Exec()
2026/01/04 00:53:45.903 26169 29702 Info Unity [PhaseProtocol] PC0 Added ICE candidate
2026/01/04 00:53:45.903 26169 29702 Info Unity VRWorkspace.Streaming.PhaseProtocolClient:AddIceCandidate(PCWrapper, String)
2026/01/04 00:53:45.903 26169 29702 Info Unity VRWorkspace.Streaming.<HandleAnswerAsync>d__140:MoveNext()
2026/01/04 00:53:45.903 26169 29702 Info Unity System.Threading.ExecutionContext:RunInternal(ExecutionContext, ContextCallback, Object, Boolean)
2026/01/04 00:53:45.903 26169 29702 Info Unity System.Runtime.CompilerServices.MoveNextRunner:Run()
2026/01/04 00:53:45.903 26169 29702 Info Unity UnityEngine.WorkRequest:Invoke()
2026/01/04 00:53:45.903 26169 29702 Info Unity UnityEngine.UnitySynchronizationContext:Exec()
2026/01/04 00:53:45.904 26169 29702 Info Unity [PhaseProtocol] CheckIceComplete: 2/2 PCs have answers (expected 2 total), phase=ICENegotiating
2026/01/04 00:53:45.904 26169 29702 Info Unity VRWorkspace.Streaming.PhaseProtocolClient:CheckIceComplete()
2026/01/04 00:53:45.904 26169 29702 Info Unity VRWorkspace.Streaming.<HandleAnswerAsync>d__140:MoveNext()
2026/01/04 00:53:45.904 26169 29702 Info Unity System.Threading.ExecutionContext:RunInternal(ExecutionContext, ContextCallback, Object, Boolean)
2026/01/04 00:53:45.904 26169 29702 Info Unity System.Runtime.CompilerServices.MoveNextRunner:Run()
2026/01/04 00:53:45.904 26169 29702 Info Unity UnityEngine.WorkRequest:Invoke()
2026/01/04 00:53:45.904 26169 29702 Info Unity UnityEngine.UnitySynchronizationContext:Exec()
2026/01/04 00:53:45.904 26169 29702 Info Unity [PhaseProtocol] All 2 PeerConnections ready, transitioning to ReadyToStream
2026/01/04 00:53:45.904 26169 29702 Info Unity VRWorkspace.Streaming.PhaseProtocolClient:CheckIceComplete()
2026/01/04 00:53:45.904 26169 29702 Info Unity VRWorkspace.Streaming.<HandleAnswerAsync>d__140:MoveNext()
2026/01/04 00:53:45.904 26169 29702 Info Unity System.Threading.ExecutionContext:RunInternal(ExecutionContext, ContextCallback, Object, Boolean)
2026/01/04 00:53:45.904 26169 29702 Info Unity System.Runtime.CompilerServices.MoveNextRunner:Run()
2026/01/04 00:53:45.904 26169 29702 Info Unity UnityEngine.WorkRequest:Invoke()
2026/01/04 00:53:45.904 26169 29702 Info Unity UnityEngine.UnitySynchronizationContext:Exec()
2026/01/04 00:53:45.904 26169 29702 Info Unity [StateMachine] ICENegotiating -> ReadyToStream
2026/01/04 00:53:45.904 26169 29702 Info Unity VRWorkspace.Streaming.ConnectionStateMachine:TryTransition(ConnectionPhase, String)
2026/01/04 00:53:45.904 26169 29702 Info Unity VRWorkspace.Streaming.PhaseProtocolClient:CheckIceComplete()
2026/01/04 00:53:45.904 26169 29702 Info Unity VRWorkspace.Streaming.<HandleAnswerAsync>d__140:MoveNext()
2026/01/04 00:53:45.904 26169 29702 Info Unity System.Threading.ExecutionContext:RunInternal(ExecutionContext, ContextCallback, Object, Boolean)
2026/01/04 00:53:45.904 26169 29702 Info Unity System.Runtime.CompilerServices.MoveNextRunner:Run()
2026/01/04 00:53:45.904 26169 29702 Info Unity UnityEngine.WorkRequest:Invoke()
2026/01/04 00:53:45.904 26169 29702 Info Unity UnityEngine.UnitySynchronizationContext:Exec()
2026/01/04 00:53:45.905 26169 29702 Info Unity [PhaseProtocol] Sending proceed message for phase 3
2026/01/04 00:53:45.905 26169 29702 Info Unity VRWorkspace.Streaming.PhaseProtocolClient:CheckIceComplete()
2026/01/04 00:53:45.905 26169 29702 Info Unity VRWorkspace.Streaming.<HandleAnswerAsync>d__140:MoveNext()
2026/01/04 00:53:45.905 26169 29702 Info Unity System.Threading.ExecutionContext:RunInternal(ExecutionContext, ContextCallback, Object, Boolean)
2026/01/04 00:53:45.905 26169 29702 Info Unity System.Runtime.CompilerServices.MoveNextRunner:Run()
2026/01/04 00:53:45.905 26169 29702 Info Unity UnityEngine.WorkRequest:Invoke()
2026/01/04 00:53:45.905 26169 29702 Info Unity UnityEngine.UnitySynchronizationContext:Exec()
2026/01/04 00:53:45.905 26169 29702 Info Unity [RTTRemoteMenu] HandlePhaseChanged: ICENegotiating -> ReadyToStream
2026/01/04 00:53:45.905 26169 29702 Info Unity RTTRemoteMenu:HandlePhaseChanged(ConnectionPhase)
2026/01/04 00:53:45.905 26169 29702 Info Unity VRWorkspace.Core.MainThreadDispatcher:Enqueue(Action)
2026/01/04 00:53:45.905 26169 29702 Info Unity VRWorkspace.Core.ObservableProperty`1:set_Value(T)
2026/01/04 00:53:45.905 26169 29702 Info Unity VRWorkspace.Streaming.PhaseProtocolClient:CheckIceComplete()
2026/01/04 00:53:45.905 26169 29702 Info Unity VRWorkspace.Streaming.<HandleAnswerAsync>d__140:MoveNext()
2026/01/04 00:53:45.905 26169 29702 Info Unity System.Threading.ExecutionContext:RunInternal(ExecutionContext, ContextCallback, Object, Boolean)
2026/01/04 00:53:45.905 26169 29702 Info Unity System.Runtime.CompilerServices.MoveNextRunner:Run()
2026/01/04 00:53:45.905 26169 29702 Info Unity UnityEngine.WorkRequest:Invoke()
2026/01/04 00:53:45.905 26169 29702 Info Unity UnityEngine.UnitySynchronizationContext:Exec()
2026/01/04 00:53:45.906 26169 29702 Info Unity [PhaseProtocol] Single-PC State: Connecting
2026/01/04 00:53:45.906 26169 29702 Info Unity VRWorkspace.Streaming.<>c__DisplayClass134_0:<SetupSinglePCEventHandlers>b__1(RTCPeerConnectionState)
2026/01/04 00:53:45.906 26169 29702 Info Unity Unity.WebRTC.<>c__DisplayClass51_0:<PCOnConnectionStateChange>b__0()
2026/01/04 00:53:45.906 26169 29702 Info Unity Unity.WebRTC.WebRTC:SendOrPostCallback(Object)
2026/01/04 00:53:45.906 26169 29702 Info Unity Unity.WebRTC.WorkRequest:Invoke()
2026/01/04 00:53:45.906 26169 29702 Info Unity Unity.WebRTC.ExecutableUnitySynchronizationContext:Execute()
2026/01/04 00:53:45.906 26169 29702 Info Unity Unity.WebRTC.ExecutableUnitySynchronizationContext:ExecuteAndAppendNextExecute()
2026/01/04 00:53:45.906 26169 29702 Info Unity UnityEngine.WorkRequest:Invoke()
2026/01/04 00:53:45.906 26169 29702 Info Unity UnityEngine.UnitySynchronizationContext:Exec()
2026/01/04 00:53:45.916 26169 29702 Info Unity [PhaseProtocol] Single-PC answer received in 366ms
2026/01/04 00:53:45.916 26169 29702 Info Unity VRWorkspace.Streaming.<CreateSinglePCMultiTrackAsync>d__133:MoveNext()
2026/01/04 00:53:45.916 26169 29702 Info Unity System.Threading.ExecutionContext:RunInternal(ExecutionContext, ContextCallback, Object, Boolean)
2026/01/04 00:53:45.916 26169 29702 Info Unity System.Runtime.CompilerServices.MoveNextRunner:Run()
2026/01/04 00:53:45.916 26169 29702 Info Unity UnityEngine.WorkRequest:Invoke()
2026/01/04 00:53:45.916 26169 29702 Info Unity UnityEngine.UnitySynchronizationContext:Exec()
2026/01/04 00:53:45.916 26169 29702 Info Unity [PhaseProtocol] CreatePeerConnectionsAsync completed successfully
2026/01/04 00:53:45.916 26169 29702 Info Unity VRWorkspace.Streaming.<CreatePeerConnectionsInBackgroundAsync>d__131:MoveNext()
2026/01/04 00:53:45.916 26169 29702 Info Unity System.Threading.ExecutionContext:RunInternal(ExecutionContext, ContextCallback, Object, Boolean)
2026/01/04 00:53:45.916 26169 29702 Info Unity System.Runtime.CompilerServices.MoveNextRunner:Run()
2026/01/04 00:53:45.916 26169 29702 Info Unity System.Threading.Tasks.AwaitTaskContinuation:RunCallback(ContextCallback, Object, Task&)
2026/01/04 00:53:45.916 26169 29702 Info Unity System.Threading.Tasks.Task:FinishContinuations()
2026/01/04 00:53:45.916 26169 29702 Info Unity System.Threading.Tasks.Task`1:TrySetResult(TResult)
2026/01/04 00:53:45.916 26169 29702 Info Unity System.Runtime.CompilerServices.AsyncTaskMethodBuilder`1:SetResult(TResult)
2026/01/04 00:53:45.916 26169 29702 Info Unity VRWorkspace.Streaming.<CreatePeerConnectionsAsync>d__132:MoveNext()
2026/01/04 00:53:45.916 26169 29702 Info Unity System.Threading.ExecutionContext:RunInternal(ExecutionContext, ContextCallback, Object, Boolean)
2026/01/04 00:53:45.916 26169 29702 Info Unity System.Runtime.CompilerServices.MoveNextRunner:Run()
2026/01/04 00:53:45.916 26169 29702 Info Unity System.Threading.Tasks.AwaitTaskContinuation:RunCallback(ContextCallback, Object, Task&)
2026/01/04 00:53:45.916 26169 29702 Info Unity System.Threading.Tasks.Task:FinishContinuations()
2026/01/04 00:53:45.916 26169 29702 Info Unity System.Threading.Tasks.Task`1:TrySetResult(TResult)
2026/01/04 00:53:45.916 26169 29702 Info Unity System.Runtime.CompilerServices.AsyncTaskMethodBu
2026/01/04 00:53:45.968 26169 29702 Info Unity [PhaseProtocol] Received: {"type":"ice_ready","monitorCount":2}...
2026/01/04 00:53:45.968 26169 29702 Info Unity VRWorkspace.Streaming.<HandleTextMessageAsync>d__112:MoveNext()
2026/01/04 00:53:45.968 26169 29702 Info Unity System.Runtime.CompilerServices.AsyncTaskMethodBuilder:Start(TStateMachine&)
2026/01/04 00:53:45.968 26169 29702 Info Unity VRWorkspace.Streaming.PhaseProtocolClient:HandleTextMessageAsync(String)
2026/01/04 00:53:45.968 26169 29702 Info Unity VRWorkspace.Streaming.<ReceiveLoopAsync>d__111:MoveNext()
2026/01/04 00:53:45.968 26169 29702 Info Unity System.Threading.ExecutionContext:RunInternal(ExecutionContext, ContextCallback, Object, Boolean)
2026/01/04 00:53:45.968 26169 29702 Info Unity System.Runtime.CompilerServices.MoveNextRunner:Run()
2026/01/04 00:53:45.968 26169 29702 Info Unity UnityEngine.WorkRequest:Invoke()
2026/01/04 00:53:45.968 26169 29702 Info Unity UnityEngine.UnitySynchronizationContext:Exec()
2026/01/04 00:53:45.969 26169 29702 Info Unity [PhaseProtocol] Parsed type='ice_ready' from message len=37
2026/01/04 00:53:45.969 26169 29702 Info Unity VRWorkspace.Streaming.<HandleTextMessageAsync>d__112:MoveNext()
2026/01/04 00:53:45.969 26169 29702 Info Unity System.Runtime.CompilerServices.AsyncTaskMethodBuilder:Start(TStateMachine&)
2026/01/04 00:53:45.969 26169 29702 Info Unity VRWorkspace.Streaming.PhaseProtocolClient:HandleTextMessageAsync(String)
2026/01/04 00:53:45.969 26169 29702 Info Unity VRWorkspace.Streaming.<ReceiveLoopAsync>d__111:MoveNext()
2026/01/04 00:53:45.969 26169 29702 Info Unity System.Threading.ExecutionContext:RunInternal(ExecutionContext, ContextCallback, Object, Boolean)
2026/01/04 00:53:45.969 26169 29702 Info Unity System.Runtime.CompilerServices.MoveNextRunner:Run()
2026/01/04 00:53:45.969 26169 29702 Info Unity UnityEngine.WorkRequest:Invoke()
2026/01/04 00:53:45.969 26169 29702 Info Unity UnityEngine.UnitySynchronizationContext:Exec()
2026/01/04 00:53:45.970 26169 29702 Info Unity [PhaseProtocol] >>> Handling ice_ready
2026/01/04 00:53:45.970 26169 29702 Info Unity VRWorkspace.Streaming.<HandleTextMessageAsync>d__112:MoveNext()
2026/01/04 00:53:45.970 26169 29702 Info Unity System.Runtime.CompilerServices.AsyncTaskMethodBuilder:Start(TStateMachine&)
2026/01/04 00:53:45.970 26169 29702 Info Unity VRWorkspace.Streaming.PhaseProtocolClient:HandleTextMessageAsync(String)
2026/01/04 00:53:45.970 26169 29702 Info Unity VRWorkspace.Streaming.<ReceiveLoopAsync>d__111:MoveNext()
2026/01/04 00:53:45.970 26169 29702 Info Unity System.Threading.ExecutionContext:RunInternal(ExecutionContext, ContextCallback, Object, Boolean)
2026/01/04 00:53:45.970 26169 29702 Info Unity System.Runtime.CompilerServices.MoveNextRunner:Run()
2026/01/04 00:53:45.970 26169 29702 Info Unity UnityEngine.WorkRequest:Invoke()
2026/01/04 00:53:45.970 26169 29702 Info Unity UnityEngine.UnitySynchronizationContext:Exec()
2026/01/04 00:53:45.972 26169 29702 Info Unity [PhaseProtocol] Server confirmed 2 ICE connections ready
2026/01/04 00:53:45.972 26169 29702 Info Unity VRWorkspace.Streaming.PhaseProtocolClient:HandleIceReady(SimpleJson)
2026/01/04 00:53:45.972 26169 29702 Info Unity VRWorkspace.Streaming.<HandleTextMessageAsync>d__112:MoveNext()
2026/01/04 00:53:45.972 26169 29702 Info Unity System.Runtime.CompilerServices.AsyncTaskMethodBuilder:Start(TStateMachine&)
2026/01/04 00:53:45.972 26169 29702 Info Unity VRWorkspace.Streaming.PhaseProtocolClient:HandleTextMessageAsync(String)
2026/01/04 00:53:45.972 26169 29702 Info Unity VRWorkspace.Streaming.<ReceiveLoopAsync>d__111:MoveNext()
2026/01/04 00:53:45.972 26169 29702 Info Unity System.Threading.ExecutionContext:RunInternal(ExecutionContext, ContextCallback, Object, Boolean)
2026/01/04 00:53:45.972 26169 29702 Info Unity System.Runtime.CompilerServices.MoveNextRunner:Run()
2026/01/04 00:53:45.972 26169 29702 Info Unity UnityEngine.WorkRequest:Invoke()
2026/01/04 00:53:45.972 26169 29702 Info Unity UnityEngine.UnitySynchronizationContext:Exec()
2026/01/04 00:53:45.973 26169 29702 Info Unity [PhaseProtocol] ice_ready received but phase is ReadyToStream, ignoring
2026/01/04 00:53:45.973 26169 29702 Info Unity VRWorkspace.Streaming.PhaseProtocolClient:HandleIceReady(SimpleJson)
2026/01/04 00:53:45.973 26169 29702 Info Unity VRWorkspace.Streaming.<HandleTextMessageAsync>d__112:MoveNext()
2026/01/04 00:53:45.973 26169 29702 Info Unity System.Runtime.CompilerServices.AsyncTaskMethodBuilder:Start(TStateMachine&)
2026/01/04 00:53:45.973 26169 29702 Info Unity VRWorkspace.Streaming.PhaseProtocolClient:HandleTextMessageAsync(String)
2026/01/04 00:53:45.973 26169 29702 Info Unity VRWorkspace.Streaming.<ReceiveLoopAsync>d__111:MoveNext()
2026/01/04 00:53:45.973 26169 29702 Info Unity System.Threading.ExecutionContext:RunInternal(ExecutionContext, ContextCallback, Object, Boolean)
2026/01/04 00:53:45.973 26169 29702 Info Unity System.Runtime.CompilerServices.MoveNextRunner:Run()
2026/01/04 00:53:45.973 26169 29702 Info Unity UnityEngine.WorkRequest:Invoke()
2026/01/04 00:53:45.973 26169 29702 Info Unity UnityEngine.UnitySynchronizationContext:Exec()
2026/01/04 00:53:46.018 26169 29702 Info Unity [PhaseProtocol] Single-PC State: Connected
2026/01/04 00:53:46.018 26169 29702 Info Unity VRWorkspace.Streaming.<>c__DisplayClass134_0:<SetupSinglePCEventHandlers>b__1(RTCPeerConnectionState)
2026/01/04 00:53:46.018 26169 29702 Info Unity Unity.WebRTC.<>c__DisplayClass51_0:<PCOnConnectionStateChange>b__0()
2026/01/04 00:53:46.018 26169 29702 Info Unity Unity.WebRTC.WebRTC:SendOrPostCallback(Object)
2026/01/04 00:53:46.018 26169 29702 Info Unity Unity.WebRTC.WorkRequest:Invoke()
2026/01/04 00:53:46.018 26169 29702 Info Unity Unity.WebRTC.ExecutableUnitySynchronizationContext:Execute()
2026/01/04 00:53:46.018 26169 29702 Info Unity Unity.WebRTC.ExecutableUnitySynchronizationContext:ExecuteAndAppendNextExecute()
2026/01/04 00:53:46.018 26169 29702 Info Unity UnityEngine.WorkRequest:Invoke()
2026/01/04 00:53:46.018 26169 29702 Info Unity UnityEngine.UnitySynchronizationContext:Exec()
2026/01/04 00:53:46.019 26169 29702 Info Unity [PhaseProtocol] Single-PC ICE: Connected
2026/01/04 00:53:46.019 26169 29702 Info Unity VRWorkspace.Streaming.<>c__DisplayClass134_0:<SetupSinglePCEventHandlers>b__0(RTCIceConnectionState)
2026/01/04 00:53:46.019 26169 29702 Info Unity Unity.WebRTC.<>c__DisplayClass50_0:<PCOnIceConnectionChange>b__0()
2026/01/04 00:53:46.019 26169 29702 Info Unity Unity.WebRTC.WebRTC:SendOrPostCallback(Object)
2026/01/04 00:53:46.019 26169 29702 Info Unity Unity.WebRTC.WorkRequest:Invoke()
2026/01/04 00:53:46.019 26169 29702 Info Unity Unity.WebRTC.ExecutableUnitySynchronizationContext:Execute()
2026/01/04 00:53:46.019 26169 29702 Info Unity Unity.WebRTC.ExecutableUnitySynchronizationContext:ExecuteAndAppendNextExecute()
2026/01/04 00:53:46.019 26169 29702 Info Unity UnityEngine.WorkRequest:Invoke()
2026/01/04 00:53:46.019 26169 29702 Info Unity UnityEngine.UnitySynchronizationContext:Exec()
2026/01/04 00:53:46.021 26169 29702 Info Unity [ConnectionViewModel] Monitor 0 ICE complete. Ready: 1/2
2026/01/04 00:53:46.021 26169 29702 Info Unity VRWorkspace.ViewModels.<>c__DisplayClass94_0:<SubscribeToEvents>b__14(Int32)
2026/01/04 00:53:46.021 26169 29702 Info Unity VRWorkspace.Streaming.<>c__DisplayClass134_0:<SetupSinglePCEventHandlers>b__0(RTCIceConnectionState)
2026/01/04 00:53:46.021 26169 29702 Info Unity Unity.WebRTC.<>c__DisplayClass50_0:<PCOnIceConnectionChange>b__0()
2026/01/04 00:53:46.021 26169 29702 Info Unity Unity.WebRTC.WebRTC:SendOrPostCallback(Object)
2026/01/04 00:53:46.021 26169 29702 Info Unity Unity.WebRTC.WorkRequest:Invoke()
2026/01/04 00:53:46.021 26169 29702 Info Unity Unity.WebRTC.ExecutableUnitySynchronizationContext:Execute()
2026/01/04 00:53:46.021 26169 29702 Info Unity Unity.WebRTC.ExecutableUnitySynchronizationContext:ExecuteAndAppendNextExecute()
2026/01/04 00:53:46.021 26169 29702 Info Unity UnityEngine.WorkRequest:Invoke()
2026/01/04 00:53:46.021 26169 29702 Info Unity UnityEngine.UnitySynchronizationContext:Exec()
2026/01/04 00:53:46.022 26169 29702 Info Unity [ConnectionViewModel] Monitor 1 ICE complete. Ready: 2/2
2026/01/04 00:53:46.022 26169 29702 Info Unity VRWorkspace.ViewModels.<>c__DisplayClass94_0:<SubscribeToEvents>b__14(Int32)
2026/01/04 00:53:46.022 26169 29702 Info Unity VRWorkspace.Streaming.<>c__DisplayClass134_0:<SetupSinglePCEventHandlers>b__0(RTCIceConnectionState)
2026/01/04 00:53:46.022 26169 29702 Info Unity Unity.WebRTC.<>c__DisplayClass50_0:<PCOnIceConnectionChange>b__0()
2026/01/04 00:53:46.022 26169 29702 Info Unity Unity.WebRTC.WebRTC:SendOrPostCallback(Object)
2026/01/04 00:53:46.022 26169 29702 Info Unity Unity.WebRTC.WorkRequest:Invoke()
2026/01/04 00:53:46.022 26169 29702 Info Unity Unity.WebRTC.ExecutableUnitySynchronizationContext:Execute()
2026/01/04 00:53:46.022 26169 29702 Info Unity Unity.WebRTC.ExecutableUnitySynchronizationContext:ExecuteAndAppendNextExecute()
2026/01/04 00:53:46.022 26169 29702 Info Unity UnityEngine.WorkRequest:Invoke()
2026/01/04 00:53:46.022 26169 29702 Info Unity UnityEngine.UnitySynchronizationContext:Exec()
2026/01/04 00:53:46.024 26169 29702 Info Unity [PhaseProtocol] CheckAllMonitorsConnected: 2/2
2026/01/04 00:53:46.024 26169 29702 Info Unity VRWorkspace.Streaming.PhaseProtocolClient:CheckAllMonitorsConnected()
2026/01/04 00:53:46.024 26169 29702 Info Unity VRWorkspace.Streaming.<>c__DisplayClass134_0:<SetupSinglePCEventHandlers>b__0(RTCIceConnectionState)
2026/01/04 00:53:46.024 26169 29702 Info Unity Unity.WebRTC.<>c__DisplayClass50_0:<PCOnIceConnectionChange>b__0()
2026/01/04 00:53:46.024 26169 29702 Info Unity Unity.WebRTC.WebRTC:SendOrPostCallback(Object)
2026/01/04 00:53:46.024 26169 29702 Info Unity Unity.WebRTC.WorkRequest:Invoke()
2026/01/04 00:53:46.024 26169 29702 Info Unity Unity.WebRTC.ExecutableUnitySynchronizationContext:Execute()
2026/01/04 00:53:46.024 26169 29702 Info Unity Unity.WebRTC.ExecutableUnitySynchronizationContext:ExecuteAndAppendNextExecute()
2026/01/04 00:53:46.024 26169 29702 Info Unity UnityEngine.WorkRequest:Invoke()
2026/01/04 00:53:46.024 26169 29702 Info Unity UnityEngine.UnitySynchronizationContext:Exec()
2026/01/04 00:53:46.025 26169 29702 Info Unity [PhaseProtocol] All monitors connected, firing OnAllMonitorsReady
2026/01/04 00:53:46.025 26169 29702 Info Unity VRWorkspace.Streaming.PhaseProtocolClient:CheckAllMonitorsConnected()
2026/01/04 00:53:46.025 26169 29702 Info Unity VRWorkspace.Streaming.<>c__DisplayClass134_0:<SetupSinglePCEventHandlers>b__0(RTCIceConnectionState)
2026/01/04 00:53:46.025 26169 29702 Info Unity Unity.WebRTC.<>c__DisplayClass50_0:<PCOnIceConnectionChange>b__0()
2026/01/04 00:53:46.025 26169 29702 Info Unity Unity.WebRTC.WebRTC:SendOrPostCallback(Object)
2026/01/04 00:53:46.025 26169 29702 Info Unity Unity.WebRTC.WorkRequest:Invoke()
2026/01/04 00:53:46.025 26169 29702 Info Unity Unity.WebRTC.ExecutableUnitySynchronizationContext:Execute()
2026/01/04 00:53:46.025 26169 29702 Info Unity Unity.WebRTC.ExecutableUnitySynchronizationContext:ExecuteAndAppendNextExecute()
2026/01/04 00:53:46.025 26169 29702 Info Unity UnityEngine.WorkRequest:Invoke()
2026/01/04 00:53:46.025 26169 29702 Info Unity UnityEngine.UnitySynchronizationContext:Exec()
2026/01/04 00:53:46.026 26169 29702 Info Unity [ConnectionViewModel] All monitors ready, firing OnAllMonitorsReady
2026/01/04 00:53:46.026 26169 29702 Info Unity VRWorkspace.ViewModels.<<SubscribeToEvents>b__15>d:MoveNext()
2026/01/04 00:53:46.026 26169 29702 Info Unity System.Runtime.CompilerServices.AsyncVoidMethodBuilder:Start(TStateMachine&)
2026/01/04 00:53:46.026 26169 29702 Info Unity VRWorkspace.ViewModels.<>c__DisplayClass94_0:<SubscribeToEvents>b__15()
2026/01/04 00:53:46.026 26169 29702 Info Unity VRWorkspace.Streaming.PhaseProtocolClient:CheckAllMonitorsConnected()
2026/01/04 00:53:46.026 26169 29702 Info Unity VRWorkspace.Streaming.<>c__DisplayClass134_0:<SetupSinglePCEventHandlers>b__0(RTCIceConnectionState)
2026/01/04 00:53:46.026 26169 29702 Info Unity Unity.WebRTC.<>c__DisplayClass50_0:<PCOnIceConnectionChange>b__0()
2026/01/04 00:53:46.026 26169 29702 Info Unity Unity.WebRTC.WebRTC:SendOrPostCallback(Object)
2026/01/04 00:53:46.026 26169 29702 Info Unity Unity.WebRTC.WorkRequest:Invoke()
2026/01/04 00:53:46.026 26169 29702 Info Unity Unity.WebRTC.ExecutableUnitySynchronizationContext:Execute()
2026/01/04 00:53:46.026 26169 29702 Info Unity Unity.WebRTC.ExecutableUnitySynchronizationContext:ExecuteAndAppendNextExecute()
2026/01/04 00:53:46.026 26169 29702 Info Unity UnityEngine.WorkRequest:Invoke()
2026/01/04 00:53:46.026 26169 29702 Info Unity UnityEngine.UnitySynchronizationContext:Exec()
2026/01/04 00:53:46.027 26169 29702 Info Unity [ConnectionViewModel] Auto-starting streaming (force=False)...
2026/01/04 00:53:46.027 26169 29702 Info Unity VRWorkspace.ViewModels.<<SubscribeToEvents>b__15>d:MoveNext()
2026/01/04 00:53:46.027 26169 29702 Info Unity System.Runtime.CompilerServices.AsyncVoidMethodBuilder:Start(TStateMachine&)
2026/01/04 00:53:46.027 26169 29702 Info Unity VRWorkspace.ViewModels.<>c__DisplayClass94_0:<SubscribeToEvents>b__15()
2026/01/04 00:53:46.027 26169 29702 Info Unity VRWorkspace.Streaming.PhaseProtocolClient:CheckAllMonitorsConnected()
2026/01/04 00:53:46.027 26169 29702 Info Unity VRWorkspace.Streaming.<>c__DisplayClass134_0:<SetupSinglePCEventHandlers>b__0(RTCIceConnectionState)
2026/01/04 00:53:46.027 26169 29702 Info Unity Unity.WebRTC.<>c__DisplayClass50_0:<PCOnIceConnectionChange>b__0()
2026/01/04 00:53:46.027 26169 29702 Info Unity Unity.WebRTC.WebRTC:SendOrPostCallback(Object)
2026/01/04 00:53:46.027 26169 29702 Info Unity Unity.WebRTC.WorkRequest:Invoke()
2026/01/04 00:53:46.027 26169 29702 Info Unity Unity.WebRTC.ExecutableUnitySynchronizationContext:Execute()
2026/01/04 00:53:46.027 26169 29702 Info Unity Unity.WebRTC.ExecutableUnitySynchronizationContext:ExecuteAndAppendNextExecute()
2026/01/04 00:53:46.027 26169 29702 Info Unity UnityEngine.WorkRequest:Invoke()
2026/01/04 00:53:46.027 26169 29702 Info Unity UnityEngine.UnitySynchronizationContext:Exec()
2026/01/04 00:53:46.029 26169 29702 Info Unity [PhaseProtocol] Starting streaming (Phase 3)
2026/01/04 00:53:46.029 26169 29702 Info Unity VRWorkspace.Streaming.<StartStreamingAsync>d__93:MoveNext()
2026/01/04 00:53:46.029 26169 29702 Info Unity System.Runtime.CompilerServices.AsyncTaskMethodBuilder:Start(TStateMachine&)
2026/01/04 00:53:46.029 26169 29702 Info Unity VRWorkspace.Streaming.PhaseProtocolClient:StartStreamingAsync(Boolean)
2026/01/04 00:53:46.029 26169 29702 Info Unity VRWorkspace.ViewModels.<StartStreamingAsync>d__87:MoveNext()
2026/01/04 00:53:46.029 26169 29702 Info Unity System.Runtime.CompilerServices.AsyncTaskMethodBuilder:Start(TStateMachine&)
2026/01/04 00:53:46.029 26169 29702 Info Unity VRWorkspace.ViewModels.ConnectionViewModel:StartStreamingAsync(Boolean)
2026/01/04 00:53:46.029 26169 29702 Info Unity VRWorkspace.ViewModels.<<SubscribeToEvents>b__15>d:MoveNext()
2026/01/04 00:53:46.029 26169 29702 Info Unity System.Runtime.CompilerServices.AsyncVoidMethodBuilder:Start(TStateMachine&)
2026/01/04 00:53:46.029 26169 29702 Info Unity VRWorkspace.ViewModels.<>c__DisplayClass94_0:<SubscribeToEvents>b__15()
2026/01/04 00:53:46.029 26169 29702 Info Unity VRWorkspace.Streaming.PhaseProtocolClient:CheckAllMonitorsConnected()
2026/01/04 00:53:46.029 26169 29702 Info Unity VRWorkspace.Streaming.<>c__DisplayClass134_0:<SetupSinglePCEventHandlers>b__0(RTCIceConnectionState)
2026/01/04 00:53:46.029 26169 29702 Info Unity Unity.WebRTC.<>c__DisplayClass50_0:<PCOnIceConnectionChange>b__0()
2026/01/04 00:53:46.029 26169 29702 Info Unity Unity.WebRTC.WebRTC:SendOrPostCallback(Object)
2026/01/04 00:53:46.029 26169 29702 Info Unity Unity.WebRTC.WorkRequest:Invoke()
2026/01/04 00:53:46.029 26169 29702 Info Unity Unity.WebRTC.ExecutableUnitySy
2026/01/04 00:53:46.030 26169 29702 Info Unity [StateMachine] ReadyToStream -> StartingStream
2026/01/04 00:53:46.030 26169 29702 Info Unity VRWorkspace.Streaming.ConnectionStateMachine:TryTransition(ConnectionPhase, String)
2026/01/04 00:53:46.030 26169 29702 Info Unity VRWorkspace.Streaming.<StartStreamingAsync>d__93:MoveNext()
2026/01/04 00:53:46.030 26169 29702 Info Unity System.Runtime.CompilerServices.AsyncTaskMethodBuilder:Start(TStateMachine&)
2026/01/04 00:53:46.030 26169 29702 Info Unity VRWorkspace.Streaming.PhaseProtocolClient:StartStreamingAsync(Boolean)
2026/01/04 00:53:46.030 26169 29702 Info Unity VRWorkspace.ViewModels.<StartStreamingAsync>d__87:MoveNext()
2026/01/04 00:53:46.030 26169 29702 Info Unity System.Runtime.CompilerServices.AsyncTaskMethodBuilder:Start(TStateMachine&)
2026/01/04 00:53:46.030 26169 29702 Info Unity VRWorkspace.ViewModels.ConnectionViewModel:StartStreamingAsync(Boolean)
2026/01/04 00:53:46.030 26169 29702 Info Unity VRWorkspace.ViewModels.<<SubscribeToEvents>b__15>d:MoveNext()
2026/01/04 00:53:46.030 26169 29702 Info Unity System.Runtime.CompilerServices.AsyncVoidMethodBuilder:Start(TStateMachine&)
2026/01/04 00:53:46.030 26169 29702 Info Unity VRWorkspace.ViewModels.<>c__DisplayClass94_0:<SubscribeToEvents>b__15()
2026/01/04 00:53:46.030 26169 29702 Info Unity VRWorkspace.Streaming.PhaseProtocolClient:CheckAllMonitorsConnected()
2026/01/04 00:53:46.030 26169 29702 Info Unity VRWorkspace.Streaming.<>c__DisplayClass134_0:<SetupSinglePCEventHandlers>b__0(RTCIceConnectionState)
2026/01/04 00:53:46.030 26169 29702 Info Unity Unity.WebRTC.<>c__DisplayClass50_0:<PCOnIceConnectionChange>b__0()
2026/01/04 00:53:46.030 26169 29702 Info Unity Unity.WebRTC.WebRTC:SendO
2026/01/04 00:53:46.031 26169 29702 Info Unity [PhaseProtocol] Single-PC ICE: Completed
2026/01/04 00:53:46.031 26169 29702 Info Unity VRWorkspace.Streaming.<>c__DisplayClass134_0:<SetupSinglePCEventHandlers>b__0(RTCIceConnectionState)
2026/01/04 00:53:46.031 26169 29702 Info Unity Unity.WebRTC.<>c__DisplayClass50_0:<PCOnIceConnectionChange>b__0()
2026/01/04 00:53:46.031 26169 29702 Info Unity Unity.WebRTC.WebRTC:SendOrPostCallback(Object)
2026/01/04 00:53:46.031 26169 29702 Info Unity Unity.WebRTC.WorkRequest:Invoke()
2026/01/04 00:53:46.031 26169 29702 Info Unity Unity.WebRTC.ExecutableUnitySynchronizationContext:Execute()
2026/01/04 00:53:46.031 26169 29702 Info Unity Unity.WebRTC.ExecutableUnitySynchronizationContext:ExecuteAndAppendNextExecute()
2026/01/04 00:53:46.031 26169 29702 Info Unity UnityEngine.WorkRequest:Invoke()
2026/01/04 00:53:46.031 26169 29702 Info Unity UnityEngine.UnitySynchronizationContext:Exec()
2026/01/04 00:53:46.032 26169 29702 Info Unity [ConnectionViewModel] Monitor 0 ICE complete. Ready: 3/2
2026/01/04 00:53:46.032 26169 29702 Info Unity VRWorkspace.ViewModels.<>c__DisplayClass94_0:<SubscribeToEvents>b__14(Int32)
2026/01/04 00:53:46.032 26169 29702 Info Unity VRWorkspace.Streaming.<>c__DisplayClass134_0:<SetupSinglePCEventHandlers>b__0(RTCIceConnectionState)
2026/01/04 00:53:46.032 26169 29702 Info Unity Unity.WebRTC.<>c__DisplayClass50_0:<PCOnIceConnectionChange>b__0()
2026/01/04 00:53:46.032 26169 29702 Info Unity Unity.WebRTC.WebRTC:SendOrPostCallback(Object)
2026/01/04 00:53:46.032 26169 29702 Info Unity Unity.WebRTC.WorkRequest:Invoke()
2026/01/04 00:53:46.032 26169 29702 Info Unity Unity.WebRTC.ExecutableUnitySynchronizationContext:Execute()
2026/01/04 00:53:46.032 26169 29702 Info Unity Unity.WebRTC.ExecutableUnitySynchronizationContext:ExecuteAndAppendNextExecute()
2026/01/04 00:53:46.032 26169 29702 Info Unity UnityEngine.WorkRequest:Invoke()
2026/01/04 00:53:46.032 26169 29702 Info Unity UnityEngine.UnitySynchronizationContext:Exec()
2026/01/04 00:53:46.033 26169 29702 Info Unity [ConnectionViewModel] Monitor 1 ICE complete. Ready: 4/2
2026/01/04 00:53:46.033 26169 29702 Info Unity VRWorkspace.ViewModels.<>c__DisplayClass94_0:<SubscribeToEvents>b__14(Int32)
2026/01/04 00:53:46.033 26169 29702 Info Unity VRWorkspace.Streaming.<>c__DisplayClass134_0:<SetupSinglePCEventHandlers>b__0(RTCIceConnectionState)
2026/01/04 00:53:46.033 26169 29702 Info Unity Unity.WebRTC.<>c__DisplayClass50_0:<PCOnIceConnectionChange>b__0()
2026/01/04 00:53:46.033 26169 29702 Info Unity Unity.WebRTC.WebRTC:SendOrPostCallback(Object)
2026/01/04 00:53:46.033 26169 29702 Info Unity Unity.WebRTC.WorkRequest:Invoke()
2026/01/04 00:53:46.033 26169 29702 Info Unity Unity.WebRTC.ExecutableUnitySynchronizationContext:Execute()
2026/01/04 00:53:46.033 26169 29702 Info Unity Unity.WebRTC.ExecutableUnitySynchronizationContext:ExecuteAndAppendNextExecute()
2026/01/04 00:53:46.033 26169 29702 Info Unity UnityEngine.WorkRequest:Invoke()
2026/01/04 00:53:46.033 26169 29702 Info Unity UnityEngine.UnitySynchronizationContext:Exec()
2026/01/04 00:53:46.034 26169 29702 Info Unity [PhaseProtocol] CheckAllMonitorsConnected: 2/2
2026/01/04 00:53:46.034 26169 29702 Info Unity VRWorkspace.Streaming.PhaseProtocolClient:CheckAllMonitorsConnected()
2026/01/04 00:53:46.034 26169 29702 Info Unity VRWorkspace.Streaming.<>c__DisplayClass134_0:<SetupSinglePCEventHandlers>b__0(RTCIceConnectionState)
2026/01/04 00:53:46.034 26169 29702 Info Unity Unity.WebRTC.<>c__DisplayClass50_0:<PCOnIceConnectionChange>b__0()
2026/01/04 00:53:46.034 26169 29702 Info Unity Unity.WebRTC.WebRTC:SendOrPostCallback(Object)
2026/01/04 00:53:46.034 26169 29702 Info Unity Unity.WebRTC.WorkRequest:Invoke()
2026/01/04 00:53:46.034 26169 29702 Info Unity Unity.WebRTC.ExecutableUnitySynchronizationContext:Execute()
2026/01/04 00:53:46.034 26169 29702 Info Unity Unity.WebRTC.ExecutableUnitySynchronizationContext:ExecuteAndAppendNextExecute()
2026/01/04 00:53:46.034 26169 29702 Info Unity UnityEngine.WorkRequest:Invoke()
2026/01/04 00:53:46.034 26169 29702 Info Unity UnityEngine.UnitySynchronizationContext:Exec()
2026/01/04 00:53:46.035 26169 29702 Info Unity [PhaseProtocol] All monitors connected, firing OnAllMonitorsReady
2026/01/04 00:53:46.035 26169 29702 Info Unity VRWorkspace.Streaming.PhaseProtocolClient:CheckAllMonitorsConnected()
2026/01/04 00:53:46.035 26169 29702 Info Unity VRWorkspace.Streaming.<>c__DisplayClass134_0:<SetupSinglePCEventHandlers>b__0(RTCIceConnectionState)
2026/01/04 00:53:46.035 26169 29702 Info Unity Unity.WebRTC.<>c__DisplayClass50_0:<PCOnIceConnectionChange>b__0()
2026/01/04 00:53:46.035 26169 29702 Info Unity Unity.WebRTC.WebRTC:SendOrPostCallback(Object)
2026/01/04 00:53:46.035 26169 29702 Info Unity Unity.WebRTC.WorkRequest:Invoke()
2026/01/04 00:53:46.035 26169 29702 Info Unity Unity.WebRTC.ExecutableUnitySynchronizationContext:Execute()
2026/01/04 00:53:46.035 26169 29702 Info Unity Unity.WebRTC.ExecutableUnitySynchronizationContext:ExecuteAndAppendNextExecute()
2026/01/04 00:53:46.035 26169 29702 Info Unity UnityEngine.WorkRequest:Invoke()
2026/01/04 00:53:46.035 26169 29702 Info Unity UnityEngine.UnitySynchronizationContext:Exec()
2026/01/04 00:53:46.036 26169 29702 Info Unity [ConnectionViewModel] All monitors ready, firing OnAllMonitorsReady
2026/01/04 00:53:46.036 26169 29702 Info Unity VRWorkspace.ViewModels.<<SubscribeToEvents>b__15>d:MoveNext()
2026/01/04 00:53:46.036 26169 29702 Info Unity System.Runtime.CompilerServices.AsyncVoidMethodBuilder:Start(TStateMachine&)
2026/01/04 00:53:46.036 26169 29702 Info Unity VRWorkspace.ViewModels.<>c__DisplayClass94_0:<SubscribeToEvents>b__15()
2026/01/04 00:53:46.036 26169 29702 Info Unity VRWorkspace.Streaming.PhaseProtocolClient:CheckAllMonitorsConnected()
2026/01/04 00:53:46.036 26169 29702 Info Unity VRWorkspace.Streaming.<>c__DisplayClass134_0:<SetupSinglePCEventHandlers>b__0(RTCIceConnectionState)
2026/01/04 00:53:46.036 26169 29702 Info Unity Unity.WebRTC.<>c__DisplayClass50_0:<PCOnIceConnectionChange>b__0()
2026/01/04 00:53:46.036 26169 29702 Info Unity Unity.WebRTC.WebRTC:SendOrPostCallback(Object)
2026/01/04 00:53:46.036 26169 29702 Info Unity Unity.WebRTC.WorkRequest:Invoke()
2026/01/04 00:53:46.036 26169 29702 Info Unity Unity.WebRTC.ExecutableUnitySynchronizationContext:Execute()
2026/01/04 00:53:46.036 26169 29702 Info Unity Unity.WebRTC.ExecutableUnitySynchronizationContext:ExecuteAndAppendNextExecute()
2026/01/04 00:53:46.036 26169 29702 Info Unity UnityEngine.WorkRequest:Invoke()
2026/01/04 00:53:46.036 26169 29702 Info Unity UnityEngine.UnitySynchronizationContext:Exec()
2026/01/04 00:53:46.037 26169 29702 Info Unity [ConnectionViewModel] Auto-starting streaming (force=False)...
2026/01/04 00:53:46.037 26169 29702 Info Unity VRWorkspace.ViewModels.<<SubscribeToEvents>b__15>d:MoveNext()
2026/01/04 00:53:46.037 26169 29702 Info Unity System.Runtime.CompilerServices.AsyncVoidMethodBuilder:Start(TStateMachine&)
2026/01/04 00:53:46.037 26169 29702 Info Unity VRWorkspace.ViewModels.<>c__DisplayClass94_0:<SubscribeToEvents>b__15()
2026/01/04 00:53:46.037 26169 29702 Info Unity VRWorkspace.Streaming.PhaseProtocolClient:CheckAllMonitorsConnected()
2026/01/04 00:53:46.037 26169 29702 Info Unity VRWorkspace.Streaming.<>c__DisplayClass134_0:<SetupSinglePCEventHandlers>b__0(RTCIceConnectionState)
2026/01/04 00:53:46.037 26169 29702 Info Unity Unity.WebRTC.<>c__DisplayClass50_0:<PCOnIceConnectionChange>b__0()
2026/01/04 00:53:46.037 26169 29702 Info Unity Unity.WebRTC.WebRTC:SendOrPostCallback(Object)
2026/01/04 00:53:46.037 26169 29702 Info Unity Unity.WebRTC.WorkRequest:Invoke()
2026/01/04 00:53:46.037 26169 29702 Info Unity Unity.WebRTC.ExecutableUnitySynchronizationContext:Execute()
2026/01/04 00:53:46.037 26169 29702 Info Unity Unity.WebRTC.ExecutableUnitySynchronizationContext:ExecuteAndAppendNextExecute()
2026/01/04 00:53:46.037 26169 29702 Info Unity UnityEngine.WorkRequest:Invoke()
2026/01/04 00:53:46.037 26169 29702 Info Unity UnityEngine.UnitySynchronizationContext:Exec()
2026/01/04 00:53:46.039 26169 29702 Warn Unity [PhaseProtocol] Cannot start streaming from StartingStream
2026/01/04 00:53:46.039 26169 29702 Warn Unity VRWorkspace.Streaming.<StartStreamingAsync>d__93:MoveNext()
2026/01/04 00:53:46.039 26169 29702 Warn Unity System.Runtime.CompilerServices.AsyncTaskMethodBuilder:Start(TStateMachine&)
2026/01/04 00:53:46.039 26169 29702 Warn Unity VRWorkspace.Streaming.PhaseProtocolClient:StartStreamingAsync(Boolean)
2026/01/04 00:53:46.039 26169 29702 Warn Unity VRWorkspace.ViewModels.<StartStreamingAsync>d__87:MoveNext()
2026/01/04 00:53:46.039 26169 29702 Warn Unity System.Runtime.CompilerServices.AsyncTaskMethodBuilder:Start(TStateMachine&)
2026/01/04 00:53:46.039 26169 29702 Warn Unity VRWorkspace.ViewModels.ConnectionViewModel:StartStreamingAsync(Boolean)
2026/01/04 00:53:46.039 26169 29702 Warn Unity VRWorkspace.ViewModels.<<SubscribeToEvents>b__15>d:MoveNext()
2026/01/04 00:53:46.039 26169 29702 Warn Unity System.Runtime.CompilerServices.AsyncVoidMethodBuilder:Start(TStateMachine&)
2026/01/04 00:53:46.039 26169 29702 Warn Unity VRWorkspace.ViewModels.<>c__DisplayClass94_0:<SubscribeToEvents>b__15()
2026/01/04 00:53:46.039 26169 29702 Warn Unity VRWorkspace.Streaming.PhaseProtocolClient:CheckAllMonitorsConnected()
2026/01/04 00:53:46.039 26169 29702 Warn Unity VRWorkspace.Streaming.<>c__DisplayClass134_0:<SetupSinglePCEventHandlers>b__0(RTCIceConnectionState)
2026/01/04 00:53:46.039 26169 29702 Warn Unity Unity.WebRTC.<>c__DisplayClass50_0:<PCOnIceConnectionChange>b__0()
2026/01/04 00:53:46.039 26169 29702 Warn Unity Unity.WebRTC.WebRTC:SendOrPostCallback(Object)
2026/01/04 00:53:46.039 26169 29702 Warn Unity Unity.WebRTC.WorkRequest:Invoke()
2026/01/04 00:53:46.039 26169 29702 Warn Unity Unity.WebRTC.Exe
2026/01/04 00:53:46.050 26169 29702 Info Unity [PhaseProtocol] Received: {"type":"streaming_started","timestamp":1767462824077}...
2026/01/04 00:53:46.050 26169 29702 Info Unity VRWorkspace.Streaming.<HandleTextMessageAsync>d__112:MoveNext()
2026/01/04 00:53:46.050 26169 29702 Info Unity System.Runtime.CompilerServices.AsyncTaskMethodBuilder:Start(TStateMachine&)
2026/01/04 00:53:46.050 26169 29702 Info Unity VRWorkspace.Streaming.PhaseProtocolClient:HandleTextMessageAsync(String)
2026/01/04 00:53:46.050 26169 29702 Info Unity VRWorkspace.Streaming.<ReceiveLoopAsync>d__111:MoveNext()
2026/01/04 00:53:46.050 26169 29702 Info Unity System.Threading.ExecutionContext:RunInternal(ExecutionContext, ContextCallback, Object, Boolean)
2026/01/04 00:53:46.050 26169 29702 Info Unity System.Runtime.CompilerServices.MoveNextRunner:Run()
2026/01/04 00:53:46.050 26169 29702 Info Unity UnityEngine.WorkRequest:Invoke()
2026/01/04 00:53:46.050 26169 29702 Info Unity UnityEngine.UnitySynchronizationContext:Exec()
2026/01/04 00:53:46.051 26169 29702 Info Unity [PhaseProtocol] Parsed type='streaming_started' from message len=54
2026/01/04 00:53:46.051 26169 29702 Info Unity VRWorkspace.Streaming.<HandleTextMessageAsync>d__112:MoveNext()
2026/01/04 00:53:46.051 26169 29702 Info Unity System.Runtime.CompilerServices.AsyncTaskMethodBuilder:Start(TStateMachine&)
2026/01/04 00:53:46.051 26169 29702 Info Unity VRWorkspace.Streaming.PhaseProtocolClient:HandleTextMessageAsync(String)
2026/01/04 00:53:46.051 26169 29702 Info Unity VRWorkspace.Streaming.<ReceiveLoopAsync>d__111:MoveNext()
2026/01/04 00:53:46.051 26169 29702 Info Unity System.Threading.ExecutionContext:RunInternal(ExecutionContext, ContextCallback, Object, Boolean)
2026/01/04 00:53:46.051 26169 29702 Info Unity System.Runtime.CompilerServices.MoveNextRunner:Run()
2026/01/04 00:53:46.051 26169 29702 Info Unity UnityEngine.WorkRequest:Invoke()
2026/01/04 00:53:46.051 26169 29702 Info Unity UnityEngine.UnitySynchronizationContext:Exec()
2026/01/04 00:53:46.051 26169 29702 Info Unity [PhaseProtocol] >>> Handling streaming_started
2026/01/04 00:53:46.051 26169 29702 Info Unity VRWorkspace.Streaming.<HandleTextMessageAsync>d__112:MoveNext()
2026/01/04 00:53:46.051 26169 29702 Info Unity System.Runtime.CompilerServices.AsyncTaskMethodBuilder:Start(TStateMachine&)
2026/01/04 00:53:46.051 26169 29702 Info Unity VRWorkspace.Streaming.PhaseProtocolClient:HandleTextMessageAsync(String)
2026/01/04 00:53:46.051 26169 29702 Info Unity VRWorkspace.Streaming.<ReceiveLoopAsync>d__111:MoveNext()
2026/01/04 00:53:46.051 26169 29702 Info Unity System.Threading.ExecutionContext:RunInternal(ExecutionContext, ContextCallback, Object, Boolean)
2026/01/04 00:53:46.051 26169 29702 Info Unity System.Runtime.CompilerServices.MoveNextRunner:Run()
2026/01/04 00:53:46.051 26169 29702 Info Unity UnityEngine.WorkRequest:Invoke()
2026/01/04 00:53:46.051 26169 29702 Info Unity UnityEngine.UnitySynchronizationContext:Exec()
2026/01/04 00:53:46.052 26169 29702 Info Unity [PhaseProtocol] Streaming started (server message)!
2026/01/04 00:53:46.052 26169 29702 Info Unity VRWorkspace.Streaming.PhaseProtocolClient:HandleStreamingStarted(SimpleJson)
2026/01/04 00:53:46.052 26169 29702 Info Unity VRWorkspace.Streaming.<HandleTextMessageAsync>d__112:MoveNext()
2026/01/04 00:53:46.052 26169 29702 Info Unity System.Runtime.CompilerServices.AsyncTaskMethodBuilder:Start(TStateMachine&)
2026/01/04 00:53:46.052 26169 29702 Info Unity VRWorkspace.Streaming.PhaseProtocolClient:HandleTextMessageAsync(String)
2026/01/04 00:53:46.052 26169 29702 Info Unity VRWorkspace.Streaming.<ReceiveLoopAsync>d__111:MoveNext()
2026/01/04 00:53:46.052 26169 29702 Info Unity System.Threading.ExecutionContext:RunInternal(ExecutionContext, ContextCallback, Object, Boolean)
2026/01/04 00:53:46.052 26169 29702 Info Unity System.Runtime.CompilerServices.MoveNextRunner:Run()
2026/01/04 00:53:46.052 26169 29702 Info Unity UnityEngine.WorkRequest:Invoke()
2026/01/04 00:53:46.052 26169 29702 Info Unity UnityEngine.UnitySynchronizationContext:Exec()
2026/01/04 00:53:46.052 26169 29702 Info Unity [StateMachine] StartingStream -> Streaming
2026/01/04 00:53:46.052 26169 29702 Info Unity VRWorkspace.Streaming.ConnectionStateMachine:TryTransition(ConnectionPhase, String)
2026/01/04 00:53:46.052 26169 29702 Info Unity VRWorkspace.Streaming.PhaseProtocolClient:HandleStreamingStarted(SimpleJson)
2026/01/04 00:53:46.052 26169 29702 Info Unity VRWorkspace.Streaming.<HandleTextMessageAsync>d__112:MoveNext()
2026/01/04 00:53:46.052 26169 29702 Info Unity System.Runtime.CompilerServices.AsyncTaskMethodBuilder:Start(TStateMachine&)
2026/01/04 00:53:46.052 26169 29702 Info Unity VRWorkspace.Streaming.PhaseProtocolClient:HandleTextMessageAsync(String)
2026/01/04 00:53:46.052 26169 29702 Info Unity VRWorkspace.Streaming.<ReceiveLoopAsync>d__111:MoveNext()
2026/01/04 00:53:46.052 26169 29702 Info Unity System.Threading.ExecutionContext:RunInternal(ExecutionContext, ContextCallback, Object, Boolean)
2026/01/04 00:53:46.052 26169 29702 Info Unity System.Runtime.CompilerServices.MoveNextRunner:Run()
2026/01/04 00:53:46.052 26169 29702 Info Unity UnityEngine.WorkRequest:Invoke()
2026/01/04 00:53:46.052 26169 29702 Info Unity UnityEngine.UnitySynchronizationContext:Exec()
2026/01/04 00:53:46.062 26169 29702 Info Unity [AndroidHelper] Wi-Fi Lock acquired (HIGH_PERF mode)
2026/01/04 00:53:46.062 26169 29702 Info Unity VRWorkspace.Streaming.AndroidStreamingHelper:AcquireLocks()
2026/01/04 00:53:46.062 26169 29702 Info Unity VRWorkspace.Streaming.PhaseProtocolClient:HandleStreamingStarted(SimpleJson)
2026/01/04 00:53:46.062 26169 29702 Info Unity VRWorkspace.Streaming.<HandleTextMessageAsync>d__112:MoveNext()
2026/01/04 00:53:46.062 26169 29702 Info Unity System.Runtime.CompilerServices.AsyncTaskMethodBuilder:Start(TStateMachine&)
2026/01/04 00:53:46.062 26169 29702 Info Unity VRWorkspace.Streaming.PhaseProtocolClient:HandleTextMessageAsync(String)
2026/01/04 00:53:46.062 26169 29702 Info Unity VRWorkspace.Streaming.<ReceiveLoopAsync>d__111:MoveNext()
2026/01/04 00:53:46.062 26169 29702 Info Unity System.Threading.ExecutionContext:RunInternal(ExecutionContext, ContextCallback, Object, Boolean)
2026/01/04 00:53:46.062 26169 29702 Info Unity System.Runtime.CompilerServices.MoveNextRunner:Run()
2026/01/04 00:53:46.062 26169 29702 Info Unity UnityEngine.WorkRequest:Invoke()
2026/01/04 00:53:46.062 26169 29702 Info Unity UnityEngine.UnitySynchronizationContext:Exec()
2026/01/04 00:53:46.065 26169 29702 Info Unity [AndroidHelper] Wake Lock acquired (PARTIAL mode)
2026/01/04 00:53:46.065 26169 29702 Info Unity VRWorkspace.Streaming.AndroidStreamingHelper:AcquireLocks()
2026/01/04 00:53:46.065 26169 29702 Info Unity VRWorkspace.Streaming.PhaseProtocolClient:HandleStreamingStarted(SimpleJson)
2026/01/04 00:53:46.065 26169 29702 Info Unity VRWorkspace.Streaming.<HandleTextMessageAsync>d__112:MoveNext()
2026/01/04 00:53:46.065 26169 29702 Info Unity System.Runtime.CompilerServices.AsyncTaskMethodBuilder:Start(TStateMachine&)
2026/01/04 00:53:46.065 26169 29702 Info Unity VRWorkspace.Streaming.PhaseProtocolClient:HandleTextMessageAsync(String)
2026/01/04 00:53:46.065 26169 29702 Info Unity VRWorkspace.Streaming.<ReceiveLoopAsync>d__111:MoveNext()
2026/01/04 00:53:46.065 26169 29702 Info Unity System.Threading.ExecutionContext:RunInternal(ExecutionContext, ContextCallback, Object, Boolean)
2026/01/04 00:53:46.065 26169 29702 Info Unity System.Runtime.CompilerServices.MoveNextRunner:Run()
2026/01/04 00:53:46.065 26169 29702 Info Unity UnityEngine.WorkRequest:Invoke()
2026/01/04 00:53:46.065 26169 29702 Info Unity UnityEngine.UnitySynchronizationContext:Exec()
2026/01/04 00:53:46.065 26169 29702 Info Unity [AndroidHelper] All power locks acquired for stable streaming
2026/01/04 00:53:46.065 26169 29702 Info Unity VRWorkspace.Streaming.AndroidStreamingHelper:AcquireLocks()
2026/01/04 00:53:46.065 26169 29702 Info Unity VRWorkspace.Streaming.PhaseProtocolClient:HandleStreamingStarted(SimpleJson)
2026/01/04 00:53:46.065 26169 29702 Info Unity VRWorkspace.Streaming.<HandleTextMessageAsync>d__112:MoveNext()
2026/01/04 00:53:46.065 26169 29702 Info Unity System.Runtime.CompilerServices.AsyncTaskMethodBuilder:Start(TStateMachine&)
2026/01/04 00:53:46.065 26169 29702 Info Unity VRWorkspace.Streaming.PhaseProtocolClient:HandleTextMessageAsync(String)
2026/01/04 00:53:46.065 26169 29702 Info Unity VRWorkspace.Streaming.<ReceiveLoopAsync>d__111:MoveNext()
2026/01/04 00:53:46.065 26169 29702 Info Unity System.Threading.ExecutionContext:RunInternal(ExecutionContext, ContextCallback, Object, Boolean)
2026/01/04 00:53:46.065 26169 29702 Info Unity System.Runtime.CompilerServices.MoveNextRunner:Run()
2026/01/04 00:53:46.065 26169 29702 Info Unity UnityEngine.WorkRequest:Invoke()
2026/01/04 00:53:46.065 26169 29702 Info Unity UnityEngine.UnitySynchronizationContext:Exec()
2026/01/04 00:53:46.065 26169 29702 Info Unity [AndroidHelper] Screen sleep: disabled
2026/01/04 00:53:46.065 26169 29702 Info Unity VRWorkspace.Streaming.PhaseProtocolClient:HandleStreamingStarted(SimpleJson)
2026/01/04 00:53:46.065 26169 29702 Info Unity VRWorkspace.Streaming.<HandleTextMessageAsync>d__112:MoveNext()
2026/01/04 00:53:46.065 26169 29702 Info Unity System.Runtime.CompilerServices.AsyncTaskMethodBuilder:Start(TStateMachine&)
2026/01/04 00:53:46.065 26169 29702 Info Unity VRWorkspace.Streaming.PhaseProtocolClient:HandleTextMessageAsync(String)
2026/01/04 00:53:46.065 26169 29702 Info Unity VRWorkspace.Streaming.<ReceiveLoopAsync>d__111:MoveNext()
2026/01/04 00:53:46.065 26169 29702 Info Unity System.Threading.ExecutionContext:RunInternal(ExecutionContext, ContextCallback, Object, Boolean)
2026/01/04 00:53:46.065 26169 29702 Info Unity System.Runtime.CompilerServices.MoveNextRunner:Run()
2026/01/04 00:53:46.065 26169 29702 Info Unity UnityEngine.WorkRequest:Invoke()
2026/01/04 00:53:46.065 26169 29702 Info Unity UnityEngine.UnitySynchronizationContext:Exec()
2026/01/04 00:53:46.066 26169 29702 Info Unity [PhaseProtocol] Frame stall monitor started
2026/01/04 00:53:46.066 26169 29702 Info Unity VRWorkspace.Streaming.<FrameStallMonitorAsync>d__152:MoveNext()
2026/01/04 00:53:46.066 26169 29702 Info Unity System.Runtime.CompilerServices.AsyncTaskMethodBuilder:Start(TStateMachine&)
2026/01/04 00:53:46.066 26169 29702 Info Unity VRWorkspace.Streaming.PhaseProtocolClient:FrameStallMonitorAsync(CancellationToken)
2026/01/04 00:53:46.066 26169 29702 Info Unity VRWorkspace.Streaming.PhaseProtocolClient:HandleStreamingStarted(SimpleJson)
2026/01/04 00:53:46.066 26169 29702 Info Unity VRWorkspace.Streaming.<HandleTextMessageAsync>d__112:MoveNext()
2026/01/04 00:53:46.066 26169 29702 Info Unity System.Runtime.CompilerServices.AsyncTaskMethodBuilder:Start(TStateMachine&)
2026/01/04 00:53:46.066 26169 29702 Info Unity VRWorkspace.Streaming.PhaseProtocolClient:HandleTextMessageAsync(String)
2026/01/04 00:53:46.066 26169 29702 Info Unity VRWorkspace.Streaming.<ReceiveLoopAsync>d__111:MoveNext()
2026/01/04 00:53:46.066 26169 29702 Info Unity System.Threading.ExecutionContext:RunInternal(ExecutionContext, ContextCallback, Object, Boolean)
2026/01/04 00:53:46.066 26169 29702 Info Unity System.Runtime.CompilerServices.MoveNextRunner:Run()
2026/01/04 00:53:46.066 26169 29702 Info Unity UnityEngine.WorkRequest:Invoke()
2026/01/04 00:53:46.066 26169 29702 Info Unity UnityEngine.UnitySynchronizationContext:Exec()
2026/01/04 00:53:46.066 26169 29702 Info Unity [RTTRemoteMenu] HandlePhaseChanged: ReadyToStream -> Streaming
2026/01/04 00:53:46.066 26169 29702 Info Unity RTTRemoteMenu:HandlePhaseChanged(ConnectionPhase)
2026/01/04 00:53:46.066 26169 29702 Info Unity VRWorkspace.Core.MainThreadDispatcher:Enqueue(Action)
2026/01/04 00:53:46.066 26169 29702 Info Unity VRWorkspace.Core.ObservableProperty`1:set_Value(T)
2026/01/04 00:53:46.066 26169 29702 Info Unity VRWorkspace.ViewModels.<>c__DisplayClass94_0:<SubscribeToEvents>b__7()
2026/01/04 00:53:46.066 26169 29702 Info Unity VRWorkspace.Streaming.<HandleTextMessageAsync>d__112:MoveNext()
2026/01/04 00:53:46.066 26169 29702 Info Unity System.Runtime.CompilerServices.AsyncTaskMethodBuilder:Start(TStateMachine&)
2026/01/04 00:53:46.066 26169 29702 Info Unity VRWorkspace.Streaming.PhaseProtocolClient:HandleTextMessageAsync(String)
2026/01/04 00:53:46.066 26169 29702 Info Unity VRWorkspace.Streaming.<ReceiveLoopAsync>d__111:MoveNext()
2026/01/04 00:53:46.066 26169 29702 Info Unity System.Threading.ExecutionContext:RunInternal(ExecutionContext, ContextCallback, Object, Boolean)
2026/01/04 00:53:46.066 26169 29702 Info Unity System.Runtime.CompilerServices.MoveNextRunner:Run()
2026/01/04 00:53:46.066 26169 29702 Info Unity UnityEngine.WorkRequest:Invoke()
2026/01/04 00:53:46.066 26169 29702 Info Unity UnityEngine.UnitySynchronizationContext:Exec()
2026/01/04 00:53:46.088 26169 29702 Info Unity [PhaseProtocol] Received: {"type":"frameTiming","serverTime":1767462824078,"currentFrame":3,"recentFrames":[{"frameNum":1,"cap...
2026/01/04 00:53:46.088 26169 29702 Info Unity VRWorkspace.Streaming.<HandleTextMessageAsync>d__112:MoveNext()
2026/01/04 00:53:46.088 26169 29702 Info Unity System.Runtime.CompilerServices.AsyncTaskMethodBuilder:Start(TStateMachine&)
2026/01/04 00:53:46.088 26169 29702 Info Unity VRWorkspace.Streaming.PhaseProtocolClient:HandleTextMessageAsync(String)
2026/01/04 00:53:46.088 26169 29702 Info Unity VRWorkspace.Streaming.<ReceiveLoopAsync>d__111:MoveNext()
2026/01/04 00:53:46.088 26169 29702 Info Unity System.Threading.ExecutionContext:RunInternal(ExecutionContext, ContextCallback, Object, Boolean)
2026/01/04 00:53:46.088 26169 29702 Info Unity System.Runtime.CompilerServices.MoveNextRunner:Run()
2026/01/04 00:53:46.088 26169 29702 Info Unity UnityEngine.WorkRequest:Invoke()
2026/01/04 00:53:46.088 26169 29702 Info Unity UnityEngine.UnitySynchronizationContext:Exec()
2026/01/04 00:53:46.089 26169 29702 Info Unity [PhaseProtocol] Parsed type='frameTiming' from message len=212
2026/01/04 00:53:46.089 26169 29702 Info Unity VRWorkspace.Streaming.<HandleTextMessageAsync>d__112:MoveNext()
2026/01/04 00:53:46.089 26169 29702 Info Unity System.Runtime.CompilerServices.AsyncTaskMethodBuilder:Start(TStateMachine&)
2026/01/04 00:53:46.089 26169 29702 Info Unity VRWorkspace.Streaming.PhaseProtocolClient:HandleTextMessageAsync(String)
2026/01/04 00:53:46.089 26169 29702 Info Unity VRWorkspace.Streaming.<ReceiveLoopAsync>d__111:MoveNext()
2026/01/04 00:53:46.089 26169 29702 Info Unity System.Threading.ExecutionContext:RunInternal(ExecutionContext, ContextCallback, Object, Boolean)
2026/01/04 00:53:46.089 26169 29702 Info Unity System.Runtime.CompilerServices.MoveNextRunner:Run()
2026/01/04 00:53:46.089 26169 29702 Info Unity UnityEngine.WorkRequest:Invoke()
2026/01/04 00:53:46.089 26169 29702 Info Unity UnityEngine.UnitySynchronizationContext:Exec()
2026/01/04 00:53:46.171 26169 29702 Warn Unity [PhaseProtocol] Monitor drift detected: PC1 is 273ms behind PC0 - requesting skip_to_live
2026/01/04 00:53:46.171 26169 29702 Warn Unity VRWorkspace.Streaming.PhaseProtocolClient:CheckLatencyAndSkip()
2026/01/04 00:53:46.171 26169 29702 Warn Unity VRWorkspace.Streaming.PhaseProtocolClient:PollTextures()
2026/01/04 00:53:46.171 26169 29702 Warn Unity RTTRemoteMenuController:Update()
2026/01/04 00:53:46.172 26169 29702 Info Unity [PhaseProtocol] Sending skip_to_live (monitor=1) for latency recovery
2026/01/04 00:53:46.172 26169 29702 Info Unity VRWorkspace.Streaming.PhaseProtocolClient:SkipToLive(Int32)
2026/01/04 00:53:46.172 26169 29702 Info Unity VRWorkspace.Streaming.PhaseProtocolClient:CheckLatencyAndSkip()
2026/01/04 00:53:46.172 26169 29702 Info Unity VRWorkspace.Streaming.PhaseProtocolClient:PollTextures()
2026/01/04 00:53:46.172 26169 29702 Info Unity RTTRemoteMenuController:Update()
2026/01/04 00:53:46.188 26169 29702 Info Unity [PhaseProtocol] Received: {"type":"skip_to_live_ack","monitor":1,"serverTime":1767462824220}...
2026/01/04 00:53:46.188 26169 29702 Info Unity VRWorkspace.Streaming.<HandleTextMessageAsync>d__112:MoveNext()
2026/01/04 00:53:46.188 26169 29702 Info Unity System.Runtime.CompilerServices.AsyncTaskMethodBuilder:Start(TStateMachine&)
2026/01/04 00:53:46.188 26169 29702 Info Unity VRWorkspace.Streaming.PhaseProtocolClient:HandleTextMessageAsync(String)
2026/01/04 00:53:46.188 26169 29702 Info Unity VRWorkspace.Streaming.<ReceiveLoopAsync>d__111:MoveNext()
2026/01/04 00:53:46.188 26169 29702 Info Unity System.Threading.ExecutionContext:RunInternal(ExecutionContext, ContextCallback, Object, Boolean)
2026/01/04 00:53:46.188 26169 29702 Info Unity System.Runtime.CompilerServices.MoveNextRunner:Run()
2026/01/04 00:53:46.188 26169 29702 Info Unity UnityEngine.WorkRequest:Invoke()
2026/01/04 00:53:46.188 26169 29702 Info Unity UnityEngine.UnitySynchronizationContext:Exec()
2026/01/04 00:53:46.188 26169 29702 Info Unity [PhaseProtocol] Parsed type='skip_to_live_ack' from message len=66
2026/01/04 00:53:46.188 26169 29702 Info Unity VRWorkspace.Streaming.<HandleTextMessageAsync>d__112:MoveNext()
2026/01/04 00:53:46.188 26169 29702 Info Unity System.Runtime.CompilerServices.AsyncTaskMethodBuilder:Start(TStateMachine&)
2026/01/04 00:53:46.188 26169 29702 Info Unity VRWorkspace.Streaming.PhaseProtocolClient:HandleTextMessageAsync(String)
2026/01/04 00:53:46.188 26169 29702 Info Unity VRWorkspace.Streaming.<ReceiveLoopAsync>d__111:MoveNext()
2026/01/04 00:53:46.188 26169 29702 Info Unity System.Threading.ExecutionContext:RunInternal(ExecutionContext, ContextCallback, Object, Boolean)
2026/01/04 00:53:46.188 26169 29702 Info Unity System.Runtime.CompilerServices.MoveNextRunner:Run()
2026/01/04 00:53:46.188 26169 29702 Info Unity UnityEngine.WorkRequest:Invoke()
2026/01/04 00:53:46.188 26169 29702 Info Unity UnityEngine.UnitySynchronizationContext:Exec()
2026/01/04 00:53:46.188 26169 29702 Info Unity [PhaseProtocol] skip_to_live acknowledged by server
2026/01/04 00:53:46.188 26169 29702 Info Unity VRWorkspace.Streaming.<HandleTextMessageAsync>d__112:MoveNext()
2026/01/04 00:53:46.188 26169 29702 Info Unity System.Runtime.CompilerServices.AsyncTaskMethodBuilder:Start(TStateMachine&)
2026/01/04 00:53:46.188 26169 29702 Info Unity VRWorkspace.Streaming.PhaseProtocolClient:HandleTextMessageAsync(String)
2026/01/04 00:53:46.188 26169 29702 Info Unity VRWorkspace.Streaming.<ReceiveLoopAsync>d__111:MoveNext()
2026/01/04 00:53:46.188 26169 29702 Info Unity System.Threading.ExecutionContext:RunInternal(ExecutionContext, ContextCallback, Object, Boolean)
2026/01/04 00:53:46.188 26169 29702 Info Unity System.Runtime.CompilerServices.MoveNextRunner:Run()
2026/01/04 00:53:46.188 26169 29702 Info Unity UnityEngine.WorkRequest:Invoke()
2026/01/04 00:53:46.188 26169 29702 Info Unity UnityEngine.UnitySynchronizationContext:Exec()
2026/01/04 00:53:46.604 26169 29702 Info Unity [PhaseProtocol] PollTextures PC0: track=valid, tex=1920x1080, cached=set, frames=1, lastFrame=441ms ago
2026/01/04 00:53:46.604 26169 29702 Info Unity VRWorkspace.Streaming.PhaseProtocolClient:PollTextures()
2026/01/04 00:53:46.604 26169 29702 Info Unity RTTRemoteMenuController:Update()
2026/01/04 00:53:47.055 26169 29702 Info Unity [PhaseProtocol] Received: pong...
2026/01/04 00:53:47.055 26169 29702 Info Unity VRWorkspace.Streaming.<HandleTextMessageAsync>d__112:MoveNext()
2026/01/04 00:53:47.055 26169 29702 Info Unity System.Runtime.CompilerServices.AsyncTaskMethodBuilder:Start(TStateMachine&)
2026/01/04 00:53:47.055 26169 29702 Info Unity VRWorkspace.Streaming.PhaseProtocolClient:HandleTextMessageAsync(String)
2026/01/04 00:53:47.055 26169 29702 Info Unity VRWorkspace.Streaming.<ReceiveLoopAsync>d__111:MoveNext()
2026/01/04 00:53:47.055 26169 29702 Info Unity System.Threading.ExecutionContext:RunInternal(ExecutionContext, ContextCallback, Object, Boolean)
2026/01/04 00:53:47.055 26169 29702 Info Unity System.Runtime.CompilerServices.MoveNextRunner:Run()
2026/01/04 00:53:47.055 26169 29702 Info Unity UnityEngine.WorkRequest:Invoke()
2026/01/04 00:53:47.055 26169 29702 Info Unity UnityEngine.UnitySynchronizationContext:Exec()
2026/01/04 00:53:47.071 26169 29702 Info Unity [PhaseProtocol] Received: {"type":"frameTiming","serverTime":1767462825095,"currentFrame":64,"recentFrames":[{"frameNum":54,"c...
2026/01/04 00:53:47.071 26169 29702 Info Unity VRWorkspace.Streaming.<HandleTextMessageAsync>d__112:MoveNext()
2026/01/04 00:53:47.071 26169 29702 Info Unity System.Runtime.CompilerServices.AsyncTaskMethodBuilder:Start(TStateMachine&)
2026/01/04 00:53:47.071 26169 29702 Info Unity VRWorkspace.Streaming.PhaseProtocolClient:HandleTextMessageAsync(String)
2026/01/04 00:53:47.071 26169 29702 Info Unity VRWorkspace.Streaming.<ReceiveLoopAsync>d__111:MoveNext()
2026/01/04 00:53:47.071 26169 29702 Info Unity System.Threading.ExecutionContext:RunInternal(ExecutionContext, ContextCallback, Object, Boolean)
2026/01/04 00:53:47.071 26169 29702 Info Unity System.Runtime.CompilerServices.MoveNextRunner:Run()
2026/01/04 00:53:47.071 26169 29702 Info Unity UnityEngine.WorkRequest:Invoke()
2026/01/04 00:53:47.071 26169 29702 Info Unity UnityEngine.UnitySynchronizationContext:Exec()
2026/01/04 00:53:47.072 26169 29702 Info Unity [PhaseProtocol] Parsed type='frameTiming' from message len=524
2026/01/04 00:53:47.072 26169 29702 Info Unity VRWorkspace.Streaming.<HandleTextMessageAsync>d__112:MoveNext()
2026/01/04 00:53:47.072 26169 29702 Info Unity System.Runtime.CompilerServices.AsyncTaskMethodBuilder:Start(TStateMachine&)
2026/01/04 00:53:47.072 26169 29702 Info Unity VRWorkspace.Streaming.PhaseProtocolClient:HandleTextMessageAsync(String)
2026/01/04 00:53:47.072 26169 29702 Info Unity VRWorkspace.Streaming.<ReceiveLoopAsync>d__111:MoveNext()
2026/01/04 00:53:47.072 26169 29702 Info Unity System.Threading.ExecutionContext:RunInternal(ExecutionContext, ContextCallback, Object, Boolean)
2026/01/04 00:53:47.072 26169 29702 Info Unity System.Runtime.CompilerServices.MoveNextRunner:Run()
2026/01/04 00:53:47.072 26169 29702 Info Unity UnityEngine.WorkRequest:Invoke()
2026/01/04 00:53:47.072 26169 29702 Info Unity UnityEngine.UnitySynchronizationContext:Exec()
2026/01/04 00:53:47.604 26169 29702 Info Unity [PhaseProtocol] PollTextures PC0: track=valid, tex=1920x1080, cached=set, frames=1, lastFrame=1441ms ago
2026/01/04 00:53:47.604 26169 29702 Info Unity VRWorkspace.Streaming.PhaseProtocolClient:PollTextures()
2026/01/04 00:53:47.604 26169 29702 Info Unity RTTRemoteMenuController:Update()
2026/01/04 00:53:48.088 26169 29702 Info Unity [PhaseProtocol] Received: {"type":"frameTiming","serverTime":1767462826117,"currentFrame":126,"recentFrames":[{"frameNum":117,...
2026/01/04 00:53:48.088 26169 29702 Info Unity VRWorkspace.Streaming.<HandleTextMessageAsync>d__112:MoveNext()
2026/01/04 00:53:48.088 26169 29702 Info Unity System.Runtime.CompilerServices.AsyncTaskMethodBuilder:Start(TStateMachine&)
2026/01/04 00:53:48.088 26169 29702 Info Unity VRWorkspace.Streaming.PhaseProtocolClient:HandleTextMessageAsync(String)
2026/01/04 00:53:48.088 26169 29702 Info Unity VRWorkspace.Streaming.<ReceiveLoopAsync>d__111:MoveNext()
2026/01/04 00:53:48.088 26169 29702 Info Unity System.Threading.ExecutionContext:RunInternal(ExecutionContext, ContextCallback, Object, Boolean)
2026/01/04 00:53:48.088 26169 29702 Info Unity System.Runtime.CompilerServices.MoveNextRunner:Run()
2026/01/04 00:53:48.088 26169 29702 Info Unity UnityEngine.WorkRequest:Invoke()
2026/01/04 00:53:48.088 26169 29702 Info Unity UnityEngine.UnitySynchronizationContext:Exec()
2026/01/04 00:53:48.089 26169 29702 Info Unity [PhaseProtocol] Parsed type='frameTiming' from message len=535
2026/01/04 00:53:48.089 26169 29702 Info Unity VRWorkspace.Streaming.<HandleTextMessageAsync>d__112:MoveNext()
2026/01/04 00:53:48.089 26169 29702 Info Unity System.Runtime.CompilerServices.AsyncTaskMethodBuilder:Start(TStateMachine&)
2026/01/04 00:53:48.089 26169 29702 Info Unity VRWorkspace.Streaming.PhaseProtocolClient:HandleTextMessageAsync(String)
2026/01/04 00:53:48.089 26169 29702 Info Unity VRWorkspace.Streaming.<ReceiveLoopAsync>d__111:MoveNext()
2026/01/04 00:53:48.089 26169 29702 Info Unity System.Threading.ExecutionContext:RunInternal(ExecutionContext, ContextCallback, Object, Boolean)
2026/01/04 00:53:48.089 26169 29702 Info Unity System.Runtime.CompilerServices.MoveNextRunner:Run()
2026/01/04 00:53:48.089 26169 29702 Info Unity UnityEngine.WorkRequest:Invoke()
2026/01/04 00:53:48.089 26169 29702 Info Unity UnityEngine.UnitySynchronizationContext:Exec()
2026/01/04 00:53:48.604 26169 29702 Info Unity [PhaseProtocol] PollTextures PC0: track=valid, tex=1920x1080, cached=set, frames=1, lastFrame=2442ms ago
2026/01/04 00:53:48.604 26169 29702 Info Unity VRWorkspace.Streaming.PhaseProtocolClient:PollTextures()
2026/01/04 00:53:48.604 26169 29702 Info Unity RTTRemoteMenuController:Update()
2026/01/04 00:53:49.105 26169 29702 Info Unity [PhaseProtocol] Received: {"type":"frameTiming","serverTime":1767462827138,"currentFrame":189,"recentFrames":[{"frameNum":180,...
2026/01/04 00:53:49.105 26169 29702 Info Unity VRWorkspace.Streaming.<HandleTextMessageAsync>d__112:MoveNext()
2026/01/04 00:53:49.105 26169 29702 Info Unity System.Runtime.CompilerServices.AsyncTaskMethodBuilder:Start(TStateMachine&)
2026/01/04 00:53:49.105 26169 29702 Info Unity VRWorkspace.Streaming.PhaseProtocolClient:HandleTextMessageAsync(String)
2026/01/04 00:53:49.105 26169 29702 Info Unity VRWorkspace.Streaming.<ReceiveLoopAsync>d__111:MoveNext()
2026/01/04 00:53:49.105 26169 29702 Info Unity System.Threading.ExecutionContext:RunInternal(ExecutionContext, ContextCallback, Object, Boolean)
2026/01/04 00:53:49.105 26169 29702 Info Unity System.Runtime.CompilerServices.MoveNextRunner:Run()
2026/01/04 00:53:49.105 26169 29702 Info Unity UnityEngine.WorkRequest:Invoke()
2026/01/04 00:53:49.105 26169 29702 Info Unity UnityEngine.UnitySynchronizationContext:Exec()
2026/01/04 00:53:49.105 26169 29702 Info Unity [PhaseProtocol] Parsed type='frameTiming' from message len=535
2026/01/04 00:53:49.105 26169 29702 Info Unity VRWorkspace.Streaming.<HandleTextMessageAsync>d__112:MoveNext()
2026/01/04 00:53:49.105 26169 29702 Info Unity System.Runtime.CompilerServices.AsyncTaskMethodBuilder:Start(TStateMachine&)
2026/01/04 00:53:49.105 26169 29702 Info Unity VRWorkspace.Streaming.PhaseProtocolClient:HandleTextMessageAsync(String)
2026/01/04 00:53:49.105 26169 29702 Info Unity VRWorkspace.Streaming.<ReceiveLoopAsync>d__111:MoveNext()
2026/01/04 00:53:49.105 26169 29702 Info Unity System.Threading.ExecutionContext:RunInternal(ExecutionContext, ContextCallback, Object, Boolean)
2026/01/04 00:53:49.105 26169 29702 Info Unity System.Runtime.CompilerServices.MoveNextRunner:Run()
2026/01/04 00:53:49.105 26169 29702 Info Unity UnityEngine.WorkRequest:Invoke()
2026/01/04 00:53:49.105 26169 29702 Info Unity UnityEngine.UnitySynchronizationContext:Exec()
2026/01/04 00:53:49.605 26169 29702 Info Unity [PhaseProtocol] PollTextures PC0: track=valid, tex=1920x1080, cached=set, frames=1, lastFrame=3442ms ago
2026/01/04 00:53:49.605 26169 29702 Info Unity VRWorkspace.Streaming.PhaseProtocolClient:PollTextures()
2026/01/04 00:53:49.605 26169 29702 Info Unity RTTRemoteMenuController:Update()
2026/01/04 00:53:50.071 26169 29702 Info Unity [PhaseProtocol] Received: pong...
2026/01/04 00:53:50.071 26169 29702 Info Unity VRWorkspace.Streaming.<HandleTextMessageAsync>d__112:MoveNext()
2026/01/04 00:53:50.071 26169 29702 Info Unity System.Runtime.CompilerServices.AsyncTaskMethodBuilder:Start(TStateMachine&)
2026/01/04 00:53:50.071 26169 29702 Info Unity VRWorkspace.Streaming.PhaseProtocolClient:HandleTextMessageAsync(String)
2026/01/04 00:53:50.071 26169 29702 Info Unity VRWorkspace.Streaming.<ReceiveLoopAsync>d__111:MoveNext()
2026/01/04 00:53:50.071 26169 29702 Info Unity System.Threading.ExecutionContext:RunInternal(ExecutionContext, ContextCallback, Object, Boolean)
2026/01/04 00:53:50.071 26169 29702 Info Unity System.Runtime.CompilerServices.MoveNextRunner:Run()
2026/01/04 00:53:50.071 26169 29702 Info Unity UnityEngine.WorkRequest:Invoke()
2026/01/04 00:53:50.071 26169 29702 Info Unity UnityEngine.UnitySynchronizationContext:Exec()
2026/01/04 00:53:50.138 26169 29702 Info Unity [PhaseProtocol] Received: {"type":"frameTiming","serverTime":1767462828157,"currentFrame":251,"recentFrames":[{"frameNum":242,...
2026/01/04 00:53:50.138 26169 29702 Info Unity VRWorkspace.Streaming.<HandleTextMessageAsync>d__112:MoveNext()
2026/01/04 00:53:50.138 26169 29702 Info Unity System.Runtime.CompilerServices.AsyncTaskMethodBuilder:Start(TStateMachine&)
2026/01/04 00:53:50.138 26169 29702 Info Unity VRWorkspace.Streaming.PhaseProtocolClient:HandleTextMessageAsync(String)
2026/01/04 00:53:50.138 26169 29702 Info Unity VRWorkspace.Streaming.<ReceiveLoopAsync>d__111:MoveNext()
2026/01/04 00:53:50.138 26169 29702 Info Unity System.Threading.ExecutionContext:RunInternal(ExecutionContext, ContextCallback, Object, Boolean)
2026/01/04 00:53:50.138 26169 29702 Info Unity System.Runtime.CompilerServices.MoveNextRunner:Run()
2026/01/04 00:53:50.138 26169 29702 Info Unity UnityEngine.WorkRequest:Invoke()
2026/01/04 00:53:50.138 26169 29702 Info Unity UnityEngine.UnitySynchronizationContext:Exec()
2026/01/04 00:53:50.139 26169 29702 Info Unity [PhaseProtocol] Parsed type='frameTiming' from message len=535
2026/01/04 00:53:50.139 26169 29702 Info Unity VRWorkspace.Streaming.<HandleTextMessageAsync>d__112:MoveNext()
2026/01/04 00:53:50.139 26169 29702 Info Unity System.Runtime.CompilerServices.AsyncTaskMethodBuilder:Start(TStateMachine&)
2026/01/04 00:53:50.139 26169 29702 Info Unity VRWorkspace.Streaming.PhaseProtocolClient:HandleTextMessageAsync(String)
2026/01/04 00:53:50.139 26169 29702 Info Unity VRWorkspace.Streaming.<ReceiveLoopAsync>d__111:MoveNext()
2026/01/04 00:53:50.139 26169 29702 Info Unity System.Threading.ExecutionContext:RunInternal(ExecutionContext, ContextCallback, Object, Boolean)
2026/01/04 00:53:50.139 26169 29702 Info Unity System.Runtime.CompilerServices.MoveNextRunner:Run()
2026/01/04 00:53:50.139 26169 29702 Info Unity UnityEngine.WorkRequest:Invoke()
2026/01/04 00:53:50.139 26169 29702 Info Unity UnityEngine.UnitySynchronizationContext:Exec()
2026/01/04 00:53:50.604 26169 29702 Info Unity [PhaseProtocol] PollTextures PC0: track=valid, tex=1920x1080, cached=set, frames=1, lastFrame=4442ms ago
2026/01/04 00:53:50.604 26169 29702 Info Unity VRWorkspace.Streaming.PhaseProtocolClient:PollTextures()
2026/01/04 00:53:50.604 26169 29702 Info Unity RTTRemoteMenuController:Update()
2026/01/04 00:53:51.055 26169 29702 Info Unity [PhaseProtocol] Received: ping...
2026/01/04 00:53:51.055 26169 29702 Info Unity VRWorkspace.Streaming.<HandleTextMessageAsync>d__112:MoveNext()
2026/01/04 00:53:51.055 26169 29702 Info Unity System.Runtime.CompilerServices.AsyncTaskMethodBuilder:Start(TStateMachine&)
2026/01/04 00:53:51.055 26169 29702 Info Unity VRWorkspace.Streaming.PhaseProtocolClient:HandleTextMessageAsync(String)
2026/01/04 00:53:51.055 26169 29702 Info Unity VRWorkspace.Streaming.<ReceiveLoopAsync>d__111:MoveNext()
2026/01/04 00:53:51.055 26169 29702 Info Unity System.Threading.ExecutionContext:RunInternal(ExecutionContext, ContextCallback, Object, Boolean)
2026/01/04 00:53:51.055 26169 29702 Info Unity System.Runtime.CompilerServices.MoveNextRunner:Run()
2026/01/04 00:53:51.055 26169 29702 Info Unity UnityEngine.WorkRequest:Invoke()
2026/01/04 00:53:51.055 26169 29702 Info Unity UnityEngine.UnitySynchronizationContext:Exec()
2026/01/04 00:53:51.155 26169 29702 Info Unity [PhaseProtocol] Received: {"type":"frameTiming","serverTime":1767462829179,"currentFrame":313,"recentFrames":[{"frameNum":304,...
2026/01/04 00:53:51.155 26169 29702 Info Unity VRWorkspace.Streaming.<HandleTextMessageAsync>d__112:MoveNext()
2026/01/04 00:53:51.155 26169 29702 Info Unity System.Runtime.CompilerServices.AsyncTaskMethodBuilder:Start(TStateMachine&)
2026/01/04 00:53:51.155 26169 29702 Info Unity VRWorkspace.Streaming.PhaseProtocolClient:HandleTextMessageAsync(String)
2026/01/04 00:53:51.155 26169 29702 Info Unity VRWorkspace.Streaming.<ReceiveLoopAsync>d__111:MoveNext()
2026/01/04 00:53:51.155 26169 29702 Info Unity System.Threading.ExecutionContext:RunInternal(ExecutionContext, ContextCallback, Object, Boolean)
2026/01/04 00:53:51.155 26169 29702 Info Unity System.Runtime.CompilerServices.MoveNextRunner:Run()
2026/01/04 00:53:51.155 26169 29702 Info Unity UnityEngine.WorkRequest:Invoke()
2026/01/04 00:53:51.155 26169 29702 Info Unity UnityEngine.UnitySynchronizationContext:Exec()
2026/01/04 00:53:51.156 26169 29702 Info Unity [PhaseProtocol] Parsed type='frameTiming' from message len=535
2026/01/04 00:53:51.156 26169 29702 Info Unity VRWorkspace.Streaming.<HandleTextMessageAsync>d__112:MoveNext()
2026/01/04 00:53:51.156 26169 29702 Info Unity System.Runtime.CompilerServices.AsyncTaskMethodBuilder:Start(TStateMachine&)
2026/01/04 00:53:51.156 26169 29702 Info Unity VRWorkspace.Streaming.PhaseProtocolClient:HandleTextMessageAsync(String)
2026/01/04 00:53:51.156 26169 29702 Info Unity VRWorkspace.Streaming.<ReceiveLoopAsync>d__111:MoveNext()
2026/01/04 00:53:51.156 26169 29702 Info Unity System.Threading.ExecutionContext:RunInternal(ExecutionContext, ContextCallback, Object, Boolean)
2026/01/04 00:53:51.156 26169 29702 Info Unity System.Runtime.CompilerServices.MoveNextRunner:Run()
2026/01/04 00:53:51.156 26169 29702 Info Unity UnityEngine.WorkRequest:Invoke()
2026/01/04 00:53:51.156 26169 29702 Info Unity UnityEngine.UnitySynchronizationContext:Exec()
2026/01/04 00:53:51.605 26169 29702 Info Unity [PhaseProtocol] PollTextures PC0: track=valid, tex=1920x1080, cached=set, frames=1, lastFrame=5442ms ago
2026/01/04 00:53:51.605 26169 29702 Info Unity VRWorkspace.Streaming.PhaseProtocolClient:PollTextures()
2026/01/04 00:53:51.605 26169 29702 Info Unity RTTRemoteMenuController:Update()
2026/01/04 00:53:52.172 26169 29702 Info Unity [PhaseProtocol] Received: {"type":"frameTiming","serverTime":1767462830200,"currentFrame":375,"recentFrames":[{"frameNum":366,...
2026/01/04 00:53:52.172 26169 29702 Info Unity VRWorkspace.Streaming.<HandleTextMessageAsync>d__112:MoveNext()
2026/01/04 00:53:52.172 26169 29702 Info Unity System.Runtime.CompilerServices.AsyncTaskMethodBuilder:Start(TStateMachine&)
2026/01/04 00:53:52.172 26169 29702 Info Unity VRWorkspace.Streaming.PhaseProtocolClient:HandleTextMessageAsync(String)
2026/01/04 00:53:52.172 26169 29702 Info Unity VRWorkspace.Streaming.<ReceiveLoopAsync>d__111:MoveNext()
2026/01/04 00:53:52.172 26169 29702 Info Unity System.Threading.ExecutionContext:RunInternal(ExecutionContext, ContextCallback, Object, Boolean)
2026/01/04 00:53:52.172 26169 29702 Info Unity System.Runtime.CompilerServices.MoveNextRunner:Run()
2026/01/04 00:53:52.172 26169 29702 Info Unity UnityEngine.WorkRequest:Invoke()
2026/01/04 00:53:52.172 26169 29702 Info Unity UnityEngine.UnitySynchronizationContext:Exec()
2026/01/04 00:53:52.172 26169 29702 Info Unity [PhaseProtocol] Parsed type='frameTiming' from message len=535
2026/01/04 00:53:52.172 26169 29702 Info Unity VRWorkspace.Streaming.<HandleTextMessageAsync>d__112:MoveNext()
2026/01/04 00:53:52.172 26169 29702 Info Unity System.Runtime.CompilerServices.AsyncTaskMethodBuilder:Start(TStateMachine&)
2026/01/04 00:53:52.172 26169 29702 Info Unity VRWorkspace.Streaming.PhaseProtocolClient:HandleTextMessageAsync(String)
2026/01/04 00:53:52.172 26169 29702 Info Unity VRWorkspace.Streaming.<ReceiveLoopAsync>d__111:MoveNext()
2026/01/04 00:53:52.172 26169 29702 Info Unity System.Threading.ExecutionContext:RunInternal(ExecutionContext, ContextCallback, Object, Boolean)
2026/01/04 00:53:52.172 26169 29702 Info Unity System.Runtime.CompilerServices.MoveNextRunner:Run()
2026/01/04 00:53:52.172 26169 29702 Info Unity UnityEngine.WorkRequest:Invoke()
2026/01/04 00:53:52.172 26169 29702 Info Unity UnityEngine.UnitySynchronizationContext:Exec()
2026/01/04 00:53:52.605 26169 29702 Info Unity [PhaseProtocol] PollTextures PC0: track=valid, tex=1920x1080, cached=set, frames=1, lastFrame=6442ms ago
2026/01/04 00:53:52.605 26169 29702 Info Unity VRWorkspace.Streaming.PhaseProtocolClient:PollTextures()
2026/01/04 00:53:52.605 26169 29702 Info Unity RTTRemoteMenuController:Update()
2026/01/04 00:53:53.105 26169 29702 Info Unity [PhaseProtocol] Received: pong...
2026/01/04 00:53:53.105 26169 29702 Info Unity VRWorkspace.Streaming.<HandleTextMessageAsync>d__112:MoveNext()
2026/01/04 00:53:53.105 26169 29702 Info Unity System.Runtime.CompilerServices.AsyncTaskMethodBuilder:Start(TStateMachine&)
2026/01/04 00:53:53.105 26169 29702 Info Unity VRWorkspace.Streaming.PhaseProtocolClient:HandleTextMessageAsync(String)
2026/01/04 00:53:53.105 26169 29702 Info Unity VRWorkspace.Streaming.<ReceiveLoopAsync>d__111:MoveNext()
2026/01/04 00:53:53.105 26169 29702 Info Unity System.Threading.ExecutionContext:RunInternal(ExecutionContext, ContextCallback, Object, Boolean)
2026/01/04 00:53:53.105 26169 29702 Info Unity System.Runtime.CompilerServices.MoveNextRunner:Run()
2026/01/04 00:53:53.105 26169 29702 Info Unity UnityEngine.WorkRequest:Invoke()
2026/01/04 00:53:53.105 26169 29702 Info Unity UnityEngine.UnitySynchronizationContext:Exec()
2026/01/04 00:53:53.188 26169 29702 Info Unity [PhaseProtocol] Received: {"type":"frameTiming","serverTime":1767462831223,"currentFrame":437,"recentFrames":[{"frameNum":428,...
2026/01/04 00:53:53.188 26169 29702 Info Unity VRWorkspace.Streaming.<HandleTextMessageAsync>d__112:MoveNext()
2026/01/04 00:53:53.188 26169 29702 Info Unity System.Runtime.CompilerServices.AsyncTaskMethodBuilder:Start(TStateMachine&)
2026/01/04 00:53:53.188 26169 29702 Info Unity VRWorkspace.Streaming.PhaseProtocolClient:HandleTextMessageAsync(String)
2026/01/04 00:53:53.188 26169 29702 Info Unity VRWorkspace.Streaming.<ReceiveLoopAsync>d__111:MoveNext()
2026/01/04 00:53:53.188 26169 29702 Info Unity System.Threading.ExecutionContext:RunInternal(ExecutionContext, ContextCallback, Object, Boolean)
2026/01/04 00:53:53.188 26169 29702 Info Unity System.Runtime.CompilerServices.MoveNextRunner:Run()
2026/01/04 00:53:53.188 26169 29702 Info Unity UnityEngine.WorkRequest:Invoke()
2026/01/04 00:53:53.188 26169 29702 Info Unity UnityEngine.UnitySynchronizationContext:Exec()
2026/01/04 00:53:53.189 26169 29702 Info Unity [PhaseProtocol] Parsed type='frameTiming' from message len=535
2026/01/04 00:53:53.189 26169 29702 Info Unity VRWorkspace.Streaming.<HandleTextMessageAsync>d__112:MoveNext()
2026/01/04 00:53:53.189 26169 29702 Info Unity System.Runtime.CompilerServices.AsyncTaskMethodBuilder:Start(TStateMachine&)
2026/01/04 00:53:53.189 26169 29702 Info Unity VRWorkspace.Streaming.PhaseProtocolClient:HandleTextMessageAsync(String)
2026/01/04 00:53:53.189 26169 29702 Info Unity VRWorkspace.Streaming.<ReceiveLoopAsync>d__111:MoveNext()
2026/01/04 00:53:53.189 26169 29702 Info Unity System.Threading.ExecutionContext:RunInternal(ExecutionContext, ContextCallback, Object, Boolean)
2026/01/04 00:53:53.189 26169 29702 Info Unity System.Runtime.CompilerServices.MoveNextRunner:Run()
2026/01/04 00:53:53.189 26169 29702 Info Unity UnityEngine.WorkRequest:Invoke()
2026/01/04 00:53:53.189 26169 29702 Info Unity UnityEngine.UnitySynchronizationContext:Exec()
2026/01/04 00:53:53.605 26169 29702 Info Unity [PhaseProtocol] PollTextures PC0: track=valid, tex=1920x1080, cached=set, frames=1, lastFrame=7442ms ago
2026/01/04 00:53:53.605 26169 29702 Info Unity VRWorkspace.Streaming.PhaseProtocolClient:PollTextures()
2026/01/04 00:53:53.605 26169 29702 Info Unity RTTRemoteMenuController:Update()
2026/01/04 00:53:54.222 26169 29702 Info Unity [PhaseProtocol] Received: {"type":"frameTiming","serverTime":1767462832243,"currentFrame":498,"recentFrames":[{"frameNum":489,...
2026/01/04 00:53:54.222 26169 29702 Info Unity VRWorkspace.Streaming.<HandleTextMessageAsync>d__112:MoveNext()
2026/01/04 00:53:54.222 26169 29702 Info Unity System.Runtime.CompilerServices.AsyncTaskMethodBuilder:Start(TStateMachine&)
2026/01/04 00:53:54.222 26169 29702 Info Unity VRWorkspace.Streaming.PhaseProtocolClient:HandleTextMessageAsync(String)
2026/01/04 00:53:54.222 26169 29702 Info Unity VRWorkspace.Streaming.<ReceiveLoopAsync>d__111:MoveNext()
2026/01/04 00:53:54.222 26169 29702 Info Unity System.Threading.ExecutionContext:RunInternal(ExecutionContext, ContextCallback, Object, Boolean)
2026/01/04 00:53:54.222 26169 29702 Info Unity System.Runtime.CompilerServices.MoveNextRunner:Run()
2026/01/04 00:53:54.222 26169 29702 Info Unity UnityEngine.WorkRequest:Invoke()
2026/01/04 00:53:54.222 26169 29702 Info Unity UnityEngine.UnitySynchronizationContext:Exec()
2026/01/04 00:53:54.222 26169 29702 Info Unity [PhaseProtocol] Parsed type='frameTiming' from message len=535
2026/01/04 00:53:54.222 26169 29702 Info Unity VRWorkspace.Streaming.<HandleTextMessageAsync>d__112:MoveNext()
2026/01/04 00:53:54.222 26169 29702 Info Unity System.Runtime.CompilerServices.AsyncTaskMethodBuilder:Start(TStateMachine&)
2026/01/04 00:53:54.222 26169 29702 Info Unity VRWorkspace.Streaming.PhaseProtocolClient:HandleTextMessageAsync(String)
2026/01/04 00:53:54.222 26169 29702 Info Unity VRWorkspace.Streaming.<ReceiveLoopAsync>d__111:MoveNext()
2026/01/04 00:53:54.222 26169 29702 Info Unity System.Threading.ExecutionContext:RunInternal(ExecutionContext, ContextCallback, Object, Boolean)
2026/01/04 00:53:54.222 26169 29702 Info Unity System.Runtime.CompilerServices.MoveNextRunner:Run()
2026/01/04 00:53:54.222 26169 29702 Info Unity UnityEngine.WorkRequest:Invoke()
2026/01/04 00:53:54.222 26169 29702 Info Unity UnityEngine.UnitySynchronizationContext:Exec()
2026/01/04 00:53:54.605 26169 29702 Info Unity [PhaseProtocol] PollTextures PC0: track=valid, tex=1920x1080, cached=set, frames=1, lastFrame=8442ms ago
2026/01/04 00:53:54.605 26169 29702 Info Unity VRWorkspace.Streaming.PhaseProtocolClient:PollTextures()
2026/01/04 00:53:54.605 26169 29702 Info Unity RTTRemoteMenuController:Update()
2026/01/04 00:53:55.238 26169 29702 Info Unity [PhaseProtocol] Received: {"type":"frameTiming","serverTime":1767462833264,"currentFrame":559,"recentFrames":[{"frameNum":550,...
2026/01/04 00:53:55.238 26169 29702 Info Unity VRWorkspace.Streaming.<HandleTextMessageAsync>d__112:MoveNext()
2026/01/04 00:53:55.238 26169 29702 Info Unity System.Runtime.CompilerServices.AsyncTaskMethodBuilder:Start(TStateMachine&)
2026/01/04 00:53:55.238 26169 29702 Info Unity VRWorkspace.Streaming.PhaseProtocolClient:HandleTextMessageAsync(String)
2026/01/04 00:53:55.238 26169 29702 Info Unity VRWorkspace.Streaming.<ReceiveLoopAsync>d__111:MoveNext()
2026/01/04 00:53:55.238 26169 29702 Info Unity System.Threading.ExecutionContext:RunInternal(ExecutionContext, ContextCallback, Object, Boolean)
2026/01/04 00:53:55.238 26169 29702 Info Unity System.Runtime.CompilerServices.MoveNextRunner:Run()
2026/01/04 00:53:55.238 26169 29702 Info Unity UnityEngine.WorkRequest:Invoke()
2026/01/04 00:53:55.238 26169 29702 Info Unity UnityEngine.UnitySynchronizationContext:Exec()
2026/01/04 00:53:55.239 26169 29702 Info Unity [PhaseProtocol] Parsed type='frameTiming' from message len=535
2026/01/04 00:53:55.239 26169 29702 Info Unity VRWorkspace.Streaming.<HandleTextMessageAsync>d__112:MoveNext()
2026/01/04 00:53:55.239 26169 29702 Info Unity System.Runtime.CompilerServices.AsyncTaskMethodBuilder:Start(TStateMachine&)
2026/01/04 00:53:55.239 26169 29702 Info Unity VRWorkspace.Streaming.PhaseProtocolClient:HandleTextMessageAsync(String)
2026/01/04 00:53:55.239 26169 29702 Info Unity VRWorkspace.Streaming.<ReceiveLoopAsync>d__111:MoveNext()
2026/01/04 00:53:55.239 26169 29702 Info Unity System.Threading.ExecutionContext:RunInternal(ExecutionContext, ContextCallback, Object, Boolean)
2026/01/04 00:53:55.239 26169 29702 Info Unity System.Runtime.CompilerServices.MoveNextRunner:Run()
2026/01/04 00:53:55.239 26169 29702 Info Unity UnityEngine.WorkRequest:Invoke()
2026/01/04 00:53:55.239 26169 29702 Info Unity UnityEngine.UnitySynchronizationContext:Exec()
2026/01/04 00:53:55.605 26169 29702 Info Unity [PhaseProtocol] PollTextures PC0: track=valid, tex=1920x1080, cached=set, frames=1, lastFrame=9443ms ago
2026/01/04 00:53:55.605 26169 29702 Info Unity VRWorkspace.Streaming.PhaseProtocolClient:PollTextures()
2026/01/04 00:53:55.605 26169 29702 Info Unity RTTRemoteMenuController:Update()
2026/01/04 00:53:56.056 26169 29702 Info Unity [PhaseProtocol] Received: ping...
2026/01/04 00:53:56.056 26169 29702 Info Unity VRWorkspace.Streaming.<HandleTextMessageAsync>d__112:MoveNext()
2026/01/04 00:53:56.056 26169 29702 Info Unity System.Runtime.CompilerServices.AsyncTaskMethodBuilder:Start(TStateMachine&)
2026/01/04 00:53:56.056 26169 29702 Info Unity VRWorkspace.Streaming.PhaseProtocolClient:HandleTextMessageAsync(String)
2026/01/04 00:53:56.056 26169 29702 Info Unity VRWorkspace.Streaming.<ReceiveLoopAsync>d__111:MoveNext()
2026/01/04 00:53:56.056 26169 29702 Info Unity System.Threading.ExecutionContext:RunInternal(ExecutionContext, ContextCallback, Object, Boolean)
2026/01/04 00:53:56.056 26169 29702 Info Unity System.Runtime.CompilerServices.MoveNextRunner:Run()
2026/01/04 00:53:56.056 26169 29702 Info Unity UnityEngine.WorkRequest:Invoke()
2026/01/04 00:53:56.056 26169 29702 Info Unity UnityEngine.UnitySynchronizationContext:Exec()
2026/01/04 00:53:56.073 26169 29702 Warn Unity [PhaseProtocol] PC0 FRAME STALL detected! No frames for 9,9s (frames received: 1)
2026/01/04 00:53:56.073 26169 29702 Warn Unity VRWorkspace.Streaming.<FrameStallMonitorAsync>d__152:MoveNext()
2026/01/04 00:53:56.073 26169 29702 Warn Unity System.Threading.ExecutionContext:RunInternal(ExecutionContext, ContextCallback, Object, Boolean)
2026/01/04 00:53:56.073 26169 29702 Warn Unity System.Runtime.CompilerServices.MoveNextRunner:Run()
2026/01/04 00:53:56.073 26169 29702 Warn Unity UnityEngine.WorkRequest:Invoke()
2026/01/04 00:53:56.073 26169 29702 Warn Unity UnityEngine.UnitySynchronizationContext:Exec()
2026/01/04 00:53:56.074 26169 29702 Info Unity [PhaseProtocol] PC0 triggering reconnect due to frame stall
2026/01/04 00:53:56.074 26169 29702 Info Unity VRWorkspace.Streaming.<FrameStallMonitorAsync>d__152:MoveNext()
2026/01/04 00:53:56.074 26169 29702 Info Unity System.Threading.ExecutionContext:RunInternal(ExecutionContext, ContextCallback, Object, Boolean)
2026/01/04 00:53:56.074 26169 29702 Info Unity System.Runtime.CompilerServices.MoveNextRunner:Run()
2026/01/04 00:53:56.074 26169 29702 Info Unity UnityEngine.WorkRequest:Invoke()
2026/01/04 00:53:56.074 26169 29702 Info Unity UnityEngine.UnitySynchronizationContext:Exec()
2026/01/04 00:53:56.074 26169 29702 Info Unity [PhaseProtocol] PC0 auto-heal: attempt 1/5, waiting 2000ms...
2026/01/04 00:53:56.074 26169 29702 Info Unity VRWorkspace.Streaming.<AutoHealMonitorAsync>d__150:MoveNext()
2026/01/04 00:53:56.074 26169 29702 Info Unity System.Runtime.CompilerServices.AsyncTaskMethodBuilder:Start(TStateMachine&)
2026/01/04 00:53:56.074 26169 29702 Info Unity VRWorkspace.Streaming.PhaseProtocolClient:AutoHealMonitorAsync(Int32)
2026/01/04 00:53:56.074 26169 29702 Info Unity VRWorkspace.Streaming.<FrameStallMonitorAsync>d__152:MoveNext()
2026/01/04 00:53:56.074 26169 29702 Info Unity System.Threading.ExecutionContext:RunInternal(ExecutionContext, ContextCallback, Object, Boolean)
2026/01/04 00:53:56.074 26169 29702 Info Unity System.Runtime.CompilerServices.MoveNextRunner:Run()
2026/01/04 00:53:56.074 26169 29702 Info Unity UnityEngine.WorkRequest:Invoke()
2026/01/04 00:53:56.074 26169 29702 Info Unity UnityEngine.UnitySynchronizationContext:Exec()
2026/01/04 00:53:56.075 26169 29702 Warn Unity [PhaseProtocol] PC1 FRAME STALL detected! No frames for 9,9s (frames received: 1)
2026/01/04 00:53:56.075 26169 29702 Warn Unity VRWorkspace.Streaming.<FrameStallMonitorAsync>d__152:MoveNext()
2026/01/04 00:53:56.075 26169 29702 Warn Unity System.Threading.ExecutionContext:RunInternal(ExecutionContext, ContextCallback, Object, Boolean)
2026/01/04 00:53:56.075 26169 29702 Warn Unity System.Runtime.CompilerServices.MoveNextRunner:Run()
2026/01/04 00:53:56.075 26169 29702 Warn Unity UnityEngine.WorkRequest:Invoke()
2026/01/04 00:53:56.075 26169 29702 Warn Unity UnityEngine.UnitySynchronizationContext:Exec()
2026/01/04 00:53:56.075 26169 29702 Info Unity [PhaseProtocol] PC1 triggering reconnect due to frame stall
2026/01/04 00:53:56.075 26169 29702 Info Unity VRWorkspace.Streaming.<FrameStallMonitorAsync>d__152:MoveNext()
2026/01/04 00:53:56.075 26169 29702 Info Unity System.Threading.ExecutionContext:RunInternal(ExecutionContext, ContextCallback, Object, Boolean)
2026/01/04 00:53:56.075 26169 29702 Info Unity System.Runtime.CompilerServices.MoveNextRunner:Run()
2026/01/04 00:53:56.075 26169 29702 Info Unity UnityEngine.WorkRequest:Invoke()
2026/01/04 00:53:56.075 26169 29702 Info Unity UnityEngine.UnitySynchronizationContext:Exec()
2026/01/04 00:53:56.076 26169 29702 Info Unity [PhaseProtocol] PC1 auto-heal: attempt 1/5, waiting 2000ms...
2026/01/04 00:53:56.076 26169 29702 Info Unity VRWorkspace.Streaming.<AutoHealMonitorAsync>d__150:MoveNext()
2026/01/04 00:53:56.076 26169 29702 Info Unity System.Runtime.CompilerServices.AsyncTaskMethodBuilder:Start(TStateMachine&)
2026/01/04 00:53:56.076 26169 29702 Info Unity VRWorkspace.Streaming.PhaseProtocolClient:AutoHealMonitorAsync(Int32)
2026/01/04 00:53:56.076 26169 29702 Info Unity VRWorkspace.Streaming.<FrameStallMonitorAsync>d__152:MoveNext()
2026/01/04 00:53:56.076 26169 29702 Info Unity System.Threading.ExecutionContext:RunInternal(ExecutionContext, ContextCallback, Object, Boolean)
2026/01/04 00:53:56.076 26169 29702 Info Unity System.Runtime.CompilerServices.MoveNextRunner:Run()
2026/01/04 00:53:56.076 26169 29702 Info Unity UnityEngine.WorkRequest:Invoke()
2026/01/04 00:53:56.076 26169 29702 Info Unity UnityEngine.UnitySynchronizationContext:Exec()
2026/01/04 00:53:56.123 26169 29702 Info Unity [PhaseProtocol] Received: pong...
2026/01/04 00:53:56.123 26169 29702 Info Unity VRWorkspace.Streaming.<HandleTextMessageAsync>d__112:MoveNext()
2026/01/04 00:53:56.123 26169 29702 Info Unity System.Runtime.CompilerServices.AsyncTaskMethodBuilder:Start(TStateMachine&)
2026/01/04 00:53:56.123 26169 29702 Info Unity VRWorkspace.Streaming.PhaseProtocolClient:HandleTextMessageAsync(String)
2026/01/04 00:53:56.123 26169 29702 Info Unity VRWorkspace.Streaming.<ReceiveLoopAsync>d__111:MoveNext()
2026/01/04 00:53:56.123 26169 29702 Info Unity System.Threading.ExecutionContext:RunInternal(ExecutionContext, ContextCallback, Object, Boolean)
2026/01/04 00:53:56.123 26169 29702 Info Unity System.Runtime.CompilerServices.MoveNextRunner:Run()
2026/01/04 00:53:56.123 26169 29702 Info Unity UnityEngine.WorkRequest:Invoke()
2026/01/04 00:53:56.123 26169 29702 Info Unity UnityEngine.UnitySynchronizationContext:Exec()
2026/01/04 00:53:56.256 26169 29702 Info Unity [PhaseProtocol] Received: {"type":"frameTiming","serverTime":1767462834285,"currentFrame":621,"recentFrames":[{"frameNum":612,...
2026/01/04 00:53:56.256 26169 29702 Info Unity VRWorkspace.Streaming.<HandleTextMessageAsync>d__112:MoveNext()
2026/01/04 00:53:56.256 26169 29702 Info Unity System.Runtime.CompilerServices.AsyncTaskMethodBuilder:Start(TStateMachine&)
2026/01/04 00:53:56.256 26169 29702 Info Unity VRWorkspace.Streaming.PhaseProtocolClient:HandleTextMessageAsync(String)
2026/01/04 00:53:56.256 26169 29702 Info Unity VRWorkspace.Streaming.<ReceiveLoopAsync>d__111:MoveNext()
2026/01/04 00:53:56.256 26169 29702 Info Unity System.Threading.ExecutionContext:RunInternal(ExecutionContext, ContextCallback, Object, Boolean)
2026/01/04 00:53:56.256 26169 29702 Info Unity System.Runtime.CompilerServices.MoveNextRunner:Run()
2026/01/04 00:53:56.256 26169 29702 Info Unity UnityEngine.WorkRequest:Invoke()
2026/01/04 00:53:56.256 26169 29702 Info Unity UnityEngine.UnitySynchronizationContext:Exec()
2026/01/04 00:53:56.257 26169 29702 Info Unity [PhaseProtocol] Parsed type='frameTiming' from message len=535
2026/01/04 00:53:56.257 26169 29702 Info Unity VRWorkspace.Streaming.<HandleTextMessageAsync>d__112:MoveNext()
2026/01/04 00:53:56.257 26169 29702 Info Unity System.Runtime.CompilerServices.AsyncTaskMethodBuilder:Start(TStateMachine&)
2026/01/04 00:53:56.257 26169 29702 Info Unity VRWorkspace.Streaming.PhaseProtocolClient:HandleTextMessageAsync(String)
2026/01/04 00:53:56.257 26169 29702 Info Unity VRWorkspace.Streaming.<ReceiveLoopAsync>d__111:MoveNext()
2026/01/04 00:53:56.257 26169 29702 Info Unity System.Threading.ExecutionContext:RunInternal(ExecutionContext, ContextCallback, Object, Boolean)
2026/01/04 00:53:56.257 26169 29702 Info Unity System.Runtime.CompilerServices.MoveNextRunner:Run()
2026/01/04 00:53:56.257 26169 29702 Info Unity UnityEngine.WorkRequest:Invoke()
2026/01/04 00:53:56.257 26169 29702 Info Unity UnityEngine.UnitySynchronizationContext:Exec()
2026/01/04 00:53:56.606 26169 29702 Info Unity [PhaseProtocol] PollTextures PC0: track=valid, tex=1920x1080, cached=set, frames=1, lastFrame=10443ms ago
2026/01/04 00:53:56.606 26169 29702 Info Unity VRWorkspace.Streaming.PhaseProtocolClient:PollTextures()
2026/01/04 00:53:56.606 26169 29702 Info Unity RTTRemoteMenuController:Update()
2026/01/04 00:53:57.273 26169 29702 Info Unity [PhaseProtocol] Received: {"type":"frameTiming","serverTime":1767462835309,"currentFrame":682,"recentFrames":[{"frameNum":673,...
2026/01/04 00:53:57.273 26169 29702 Info Unity VRWorkspace.Streaming.<HandleTextMessageAsync>d__112:MoveNext()
2026/01/04 00:53:57.273 26169 29702 Info Unity System.Runtime.CompilerServices.AsyncTaskMethodBuilder:Start(TStateMachine&)
2026/01/04 00:53:57.273 26169 29702 Info Unity VRWorkspace.Streaming.PhaseProtocolClient:HandleTextMessageAsync(String)
2026/01/04 00:53:57.273 26169 29702 Info Unity VRWorkspace.Streaming.<ReceiveLoopAsync>d__111:MoveNext()
2026/01/04 00:53:57.273 26169 29702 Info Unity System.Threading.ExecutionContext:RunInternal(ExecutionContext, ContextCallback, Object, Boolean)
2026/01/04 00:53:57.273 26169 29702 Info Unity System.Runtime.CompilerServices.MoveNextRunner:Run()
2026/01/04 00:53:57.273 26169 29702 Info Unity UnityEngine.WorkRequest:Invoke()
2026/01/04 00:53:57.273 26169 29702 Info Unity UnityEngine.UnitySynchronizationContext:Exec()
2026/01/04 00:53:57.274 26169 29702 Info Unity [PhaseProtocol] Parsed type='frameTiming' from message len=535
2026/01/04 00:53:57.274 26169 29702 Info Unity VRWorkspace.Streaming.<HandleTextMessageAsync>d__112:MoveNext()
2026/01/04 00:53:57.274 26169 29702 Info Unity System.Runtime.CompilerServices.AsyncTaskMethodBuilder:Start(TStateMachine&)
2026/01/04 00:53:57.274 26169 29702 Info Unity VRWorkspace.Streaming.PhaseProtocolClient:HandleTextMessageAsync(String)
2026/01/04 00:53:57.274 26169 29702 Info Unity VRWorkspace.Streaming.<ReceiveLoopAsync>d__111:MoveNext()
2026/01/04 00:53:57.274 26169 29702 Info Unity System.Threading.ExecutionContext:RunInternal(ExecutionContext, ContextCallback, Object, Boolean)
2026/01/04 00:53:57.274 26169 29702 Info Unity System.Runtime.CompilerServices.MoveNextRunner:Run()
2026/01/04 00:53:57.274 26169 29702 Info Unity UnityEngine.WorkRequest:Invoke()
2026/01/04 00:53:57.274 26169 29702 Info Unity UnityEngine.UnitySynchronizationContext:Exec()
2026/01/04 00:53:57.606 26169 29702 Info Unity [PhaseProtocol] PollTextures PC0: track=valid, tex=1920x1080, cached=set, frames=1, lastFrame=11443ms ago
2026/01/04 00:53:57.606 26169 29702 Info Unity VRWorkspace.Streaming.PhaseProtocolClient:PollTextures()
2026/01/04 00:53:57.606 26169 29702 Info Unity RTTRemoteMenuController:Update()
2026/01/04 00:53:58.090 26169 29702 Info Unity [PhaseProtocol] PC0 auto-heal: already recovered, skip reconnect
2026/01/04 00:53:58.090 26169 29702 Info Unity VRWorkspace.Streaming.<AutoHealMonitorAsync>d__150:MoveNext()
2026/01/04 00:53:58.090 26169 29702 Info Unity System.Threading.ExecutionContext:RunInternal(ExecutionContext, ContextCallback, Object, Boolean)
2026/01/04 00:53:58.090 26169 29702 Info Unity System.Runtime.CompilerServices.MoveNextRunner:Run()
2026/01/04 00:53:58.090 26169 29702 Info Unity UnityEngine.WorkRequest:Invoke()
2026/01/04 00:53:58.090 26169 29702 Info Unity UnityEngine.UnitySynchronizationContext:Exec()
2026/01/04 00:53:58.091 26169 29702 Info Unity [PhaseProtocol] PC1 auto-heal: already recovered, skip reconnect
2026/01/04 00:53:58.091 26169 29702 Info Unity VRWorkspace.Streaming.<AutoHealMonitorAsync>d__150:MoveNext()
2026/01/04 00:53:58.091 26169 29702 Info Unity System.Threading.ExecutionContext:RunInternal(ExecutionContext, ContextCallback, Object, Boolean)
2026/01/04 00:53:58.091 26169 29702 Info Unity System.Runtime.CompilerServices.MoveNextRunner:Run()
2026/01/04 00:53:58.091 26169 29702 Info Unity UnityEngine.WorkRequest:Invoke()
2026/01/04 00:53:58.091 26169 29702 Info Unity UnityEngine.UnitySynchronizationContext:Exec()
2026/01/04 00:53:58.092 26169 29702 Warn Unity [PhaseProtocol] PC0 FRAME STALL detected! No frames for 11,9s (frames received: 1)
2026/01/04 00:53:58.092 26169 29702 Warn Unity VRWorkspace.Streaming.<FrameStallMonitorAsync>d__152:MoveNext()
2026/01/04 00:53:58.092 26169 29702 Warn Unity System.Threading.ExecutionContext:RunInternal(ExecutionContext, ContextCallback, Object, Boolean)
2026/01/04 00:53:58.092 26169 29702 Warn Unity System.Runtime.CompilerServices.MoveNextRunner:Run()
2026/01/04 00:53:58.092 26169 29702 Warn Unity UnityEngine.WorkRequest:Invoke()
2026/01/04 00:53:58.092 26169 29702 Warn Unity UnityEngine.UnitySynchronizationContext:Exec()
2026/01/04 00:53:58.093 26169 29702 Info Unity [PhaseProtocol] PC0 triggering reconnect due to frame stall
2026/01/04 00:53:58.093 26169 29702 Info Unity VRWorkspace.Streaming.<FrameStallMonitorAsync>d__152:MoveNext()
2026/01/04 00:53:58.093 26169 29702 Info Unity System.Threading.ExecutionContext:RunInternal(ExecutionContext, ContextCallback, Object, Boolean)
2026/01/04 00:53:58.093 26169 29702 Info Unity System.Runtime.CompilerServices.MoveNextRunner:Run()
2026/01/04 00:53:58.093 26169 29702 Info Unity UnityEngine.WorkRequest:Invoke()
2026/01/04 00:53:58.093 26169 29702 Info Unity UnityEngine.UnitySynchronizationContext:Exec()
2026/01/04 00:53:58.094 26169 29702 Info Unity [PhaseProtocol] PC0 auto-heal: attempt 1/5, waiting 2000ms...
2026/01/04 00:53:58.094 26169 29702 Info Unity VRWorkspace.Streaming.<AutoHealMonitorAsync>d__150:MoveNext()
2026/01/04 00:53:58.094 26169 29702 Info Unity System.Runtime.CompilerServices.AsyncTaskMethodBuilder:Start(TStateMachine&)
2026/01/04 00:53:58.094 26169 29702 Info Unity VRWorkspace.Streaming.PhaseProtocolClient:AutoHealMonitorAsync(Int32)
2026/01/04 00:53:58.094 26169 29702 Info Unity VRWorkspace.Streaming.<FrameStallMonitorAsync>d__152:MoveNext()
2026/01/04 00:53:58.094 26169 29702 Info Unity System.Threading.ExecutionContext:RunInternal(ExecutionContext, ContextCallback, Object, Boolean)
2026/01/04 00:53:58.094 26169 29702 Info Unity System.Runtime.CompilerServices.MoveNextRunner:Run()
2026/01/04 00:53:58.094 26169 29702 Info Unity UnityEngine.WorkRequest:Invoke()
2026/01/04 00:53:58.094 26169 29702 Info Unity UnityEngine.UnitySynchronizationContext:Exec()
2026/01/04 00:53:58.095 26169 29702 Warn Unity [PhaseProtocol] PC1 FRAME STALL detected! No frames for 11,9s (frames received: 1)
2026/01/04 00:53:58.095 26169 29702 Warn Unity VRWorkspace.Streaming.<FrameStallMonitorAsync>d__152:MoveNext()
2026/01/04 00:53:58.095 26169 29702 Warn Unity System.Threading.ExecutionContext:RunInternal(ExecutionContext, ContextCallback, Object, Boolean)
2026/01/04 00:53:58.095 26169 29702 Warn Unity System.Runtime.CompilerServices.MoveNextRunner:Run()
2026/01/04 00:53:58.095 26169 29702 Warn Unity UnityEngine.WorkRequest:Invoke()
2026/01/04 00:53:58.095 26169 29702 Warn Unity UnityEngine.UnitySynchronizationContext:Exec()
2026/01/04 00:53:58.096 26169 29702 Info Unity [PhaseProtocol] PC1 triggering reconnect due to frame stall
2026/01/04 00:53:58.096 26169 29702 Info Unity VRWorkspace.Streaming.<FrameStallMonitorAsync>d__152:MoveNext()
2026/01/04 00:53:58.096 26169 29702 Info Unity System.Threading.ExecutionContext:RunInternal(ExecutionContext, ContextCallback, Object, Boolean)
2026/01/04 00:53:58.096 26169 29702 Info Unity System.Runtime.CompilerServices.MoveNextRunner:Run()
2026/01/04 00:53:58.096 26169 29702 Info Unity UnityEngine.WorkRequest:Invoke()
2026/01/04 00:53:58.096 26169 29702 Info Unity UnityEngine.UnitySynchronizationContext:Exec()
2026/01/04 00:53:58.096 26169 29702 Info Unity [PhaseProtocol] PC1 auto-heal: attempt 1/5, waiting 2000ms...
2026/01/04 00:53:58.096 26169 29702 Info Unity VRWorkspace.Streaming.<AutoHealMonitorAsync>d__150:MoveNext()
2026/01/04 00:53:58.096 26169 29702 Info Unity System.Runtime.CompilerServices.AsyncTaskMethodBuilder:Start(TStateMachine&)
2026/01/04 00:53:58.096 26169 29702 Info Unity VRWorkspace.Streaming.PhaseProtocolClient:AutoHealMonitorAsync(Int32)
2026/01/04 00:53:58.096 26169 29702 Info Unity VRWorkspace.Streaming.<FrameStallMonitorAsync>d__152:MoveNext()
2026/01/04 00:53:58.096 26169 29702 Info Unity System.Threading.ExecutionContext:RunInternal(ExecutionContext, ContextCallback, Object, Boolean)
2026/01/04 00:53:58.096 26169 29702 Info Unity System.Runtime.CompilerServices.MoveNextRunner:Run()
2026/01/04 00:53:58.096 26169 29702 Info Unity UnityEngine.WorkRequest:Invoke()
2026/01/04 00:53:58.096 26169 29702 Info Unity UnityEngine.UnitySynchronizationContext:Exec()
2026/01/04 00:53:58.306 26169 29702 Info Unity [PhaseProtocol] Received: {"type":"frameTiming","serverTime":1767462836328,"currentFrame":743,"recentFrames":[{"frameNum":734,...
2026/01/04 00:53:58.306 26169 29702 Info Unity VRWorkspace.Streaming.<HandleTextMessageAsync>d__112:MoveNext()
2026/01/04 00:53:58.306 26169 29702 Info Unity System.Runtime.CompilerServices.AsyncTaskMethodBuilder:Start(TStateMachine&)
2026/01/04 00:53:58.306 26169 29702 Info Unity VRWorkspace.Streaming.PhaseProtocolClient:HandleTextMessageAsync(String)
2026/01/04 00:53:58.306 26169 29702 Info Unity VRWorkspace.Streaming.<ReceiveLoopAsync>d__111:MoveNext()
2026/01/04 00:53:58.306 26169 29702 Info Unity System.Threading.ExecutionContext:RunInternal(ExecutionContext, ContextCallback, Object, Boolean)
2026/01/04 00:53:58.306 26169 29702 Info Unity System.Runtime.CompilerServices.MoveNextRunner:Run()
2026/01/04 00:53:58.306 26169 29702 Info Unity UnityEngine.WorkRequest:Invoke()
2026/01/04 00:53:58.306 26169 29702 Info Unity UnityEngine.UnitySynchronizationContext:Exec()
2026/01/04 00:53:58.307 26169 29702 Info Unity [PhaseProtocol] Parsed type='frameTiming' from message len=535
2026/01/04 00:53:58.307 26169 29702 Info Unity VRWorkspace.Streaming.<HandleTextMessageAsync>d__112:MoveNext()
2026/01/04 00:53:58.307 26169 29702 Info Unity System.Runtime.CompilerServices.AsyncTaskMethodBuilder:Start(TStateMachine&)
2026/01/04 00:53:58.307 26169 29702 Info Unity VRWorkspace.Streaming.PhaseProtocolClient:HandleTextMessageAsync(String)
2026/01/04 00:53:58.307 26169 29702 Info Unity VRWorkspace.Streaming.<ReceiveLoopAsync>d__111:MoveNext()
2026/01/04 00:53:58.307 26169 29702 Info Unity System.Threading.ExecutionContext:RunInternal(ExecutionContext, ContextCallback, Object, Boolean)
2026/01/04 00:53:58.307 26169 29702 Info Unity System.Runtime.CompilerServices.MoveNextRunner:Run()
2026/01/04 00:53:58.307 26169 29702 Info Unity UnityEngine.WorkRequest:Invoke()
2026/01/04 00:53:58.307 26169 29702 Info Unity UnityEngine.UnitySynchronizationContext:Exec()
2026/01/04 00:53:58.606 26169 29702 Info Unity [PhaseProtocol] PollTextures PC0: track=valid, tex=1920x1080, cached=set, frames=1, lastFrame=12444ms ago
2026/01/04 00:53:58.606 26169 29702 Info Unity VRWorkspace.Streaming.PhaseProtocolClient:PollTextures()
2026/01/04 00:53:58.606 26169 29702 Info Unity RTTRemoteMenuController:Update()
2026/01/04 00:53:59.140 26169 29702 Info Unity [PhaseProtocol] Received: pong...
2026/01/04 00:53:59.140 26169 29702 Info Unity VRWorkspace.Streaming.<HandleTextMessageAsync>d__112:MoveNext()
2026/01/04 00:53:59.140 26169 29702 Info Unity System.Runtime.CompilerServices.AsyncTaskMethodBuilder:Start(TStateMachine&)
2026/01/04 00:53:59.140 26169 29702 Info Unity VRWorkspace.Streaming.PhaseProtocolClient:HandleTextMessageAsync(String)
2026/01/04 00:53:59.140 26169 29702 Info Unity VRWorkspace.Streaming.<ReceiveLoopAsync>d__111:MoveNext()
2026/01/04 00:53:59.140 26169 29702 Info Unity System.Threading.ExecutionContext:RunInternal(ExecutionContext, ContextCallback, Object, Boolean)
2026/01/04 00:53:59.140 26169 29702 Info Unity System.Runtime.CompilerServices.MoveNextRunner:Run()
2026/01/04 00:53:59.140 26169 29702 Info Unity UnityEngine.WorkRequest:Invoke()
2026/01/04 00:53:59.140 26169 29702 Info Unity UnityEngine.UnitySynchronizationContext:Exec()
2026/01/04 00:53:59.323 26169 29702 Info Unity [PhaseProtocol] Received: {"type":"frameTiming","serverTime":1767462837345,"currentFrame":804,"recentFrames":[{"frameNum":795,...
2026/01/04 00:53:59.323 26169 29702 Info Unity VRWorkspace.Streaming.<HandleTextMessageAsync>d__112:MoveNext()
2026/01/04 00:53:59.323 26169 29702 Info Unity System.Runtime.CompilerServices.AsyncTaskMethodBuilder:Start(TStateMachine&)
2026/01/04 00:53:59.323 26169 29702 Info Unity VRWorkspace.Streaming.PhaseProtocolClient:HandleTextMessageAsync(String)
2026/01/04 00:53:59.323 26169 29702 Info Unity VRWorkspace.Streaming.<ReceiveLoopAsync>d__111:MoveNext()
2026/01/04 00:53:59.323 26169 29702 Info Unity System.Threading.ExecutionContext:RunInternal(ExecutionContext, ContextCallback, Object, Boolean)
2026/01/04 00:53:59.323 26169 29702 Info Unity System.Runtime.CompilerServices.MoveNextRunner:Run()
2026/01/04 00:53:59.323 26169 29702 Info Unity UnityEngine.WorkRequest:Invoke()
2026/01/04 00:53:59.323 26169 29702 Info Unity UnityEngine.UnitySynchronizationContext:Exec()
2026/01/04 00:53:59.324 26169 29702 Info Unity [PhaseProtocol] Parsed type='frameTiming' from message len=535
2026/01/04 00:53:59.324 26169 29702 Info Unity VRWorkspace.Streaming.<HandleTextMessageAsync>d__112:MoveNext()
2026/01/04 00:53:59.324 26169 29702 Info Unity System.Runtime.CompilerServices.AsyncTaskMethodBuilder:Start(TStateMachine&)
2026/01/04 00:53:59.324 26169 29702 Info Unity VRWorkspace.Streaming.PhaseProtocolClient:HandleTextMessageAsync(String)
2026/01/04 00:53:59.324 26169 29702 Info Unity VRWorkspace.Streaming.<ReceiveLoopAsync>d__111:MoveNext()
2026/01/04 00:53:59.324 26169 29702 Info Unity System.Threading.ExecutionContext:RunInternal(ExecutionContext, ContextCallback, Object, Boolean)
2026/01/04 00:53:59.324 26169 29702 Info Unity System.Runtime.CompilerServices.MoveNextRunner:Run()
2026/01/04 00:53:59.324 26169 29702 Info Unity UnityEngine.WorkRequest:Invoke()
2026/01/04 00:53:59.324 26169 29702 Info Unity UnityEngine.UnitySynchronizationContext:Exec()
2026/01/04 00:53:59.606 26169 29702 Info Unity [PhaseProtocol] PollTextures PC0: track=valid, tex=1920x1080, cached=set, frames=1, lastFrame=13443ms ago
2026/01/04 00:53:59.606 26169 29702 Info Unity VRWorkspace.Streaming.PhaseProtocolClient:PollTextures()
2026/01/04 00:53:59.606 26169 29702 Info Unity RTTRemoteMenuController:Update()
2026/01/04 00:54:00.106 26169 29702 Info Unity [PhaseProtocol] PC0 auto-heal: already recovered, skip reconnect
2026/01/04 00:54:00.106 26169 29702 Info Unity VRWorkspace.Streaming.<AutoHealMonitorAsync>d__150:MoveNext()
2026/01/04 00:54:00.106 26169 29702 Info Unity System.Threading.ExecutionContext:RunInternal(ExecutionContext, ContextCallback, Object, Boolean)
2026/01/04 00:54:00.106 26169 29702 Info Unity System.Runtime.CompilerServices.MoveNextRunner:Run()
2026/01/04 00:54:00.106 26169 29702 Info Unity UnityEngine.WorkRequest:Invoke()
2026/01/04 00:54:00.106 26169 29702 Info Unity UnityEngine.UnitySynchronizationContext:Exec()
2026/01/04 00:54:00.107 26169 29702 Info Unity [PhaseProtocol] PC1 auto-heal: already recovered, skip reconnect
2026/01/04 00:54:00.107 26169 29702 Info Unity VRWorkspace.Streaming.<AutoHealMonitorAsync>d__150:MoveNext()
2026/01/04 00:54:00.107 26169 29702 Info Unity System.Threading.ExecutionContext:RunInternal(ExecutionContext, ContextCallback, Object, Boolean)
2026/01/04 00:54:00.107 26169 29702 Info Unity System.Runtime.CompilerServices.MoveNextRunner:Run()
2026/01/04 00:54:00.107 26169 29702 Info Unity UnityEngine.WorkRequest:Invoke()
2026/01/04 00:54:00.107 26169 29702 Info Unity UnityEngine.UnitySynchronizationContext:Exec()
2026/01/04 00:54:00.107 26169 29702 Warn Unity [PhaseProtocol] PC0 FRAME STALL detected! No frames for 13,9s (frames received: 1)
2026/01/04 00:54:00.107 26169 29702 Warn Unity VRWorkspace.Streaming.<FrameStallMonitorAsync>d__152:MoveNext()
2026/01/04 00:54:00.107 26169 29702 Warn Unity System.Threading.ExecutionContext:RunInternal(ExecutionContext, ContextCallback, Object, Boolean)
2026/01/04 00:54:00.107 26169 29702 Warn Unity System.Runtime.CompilerServices.MoveNextRunner:Run()
2026/01/04 00:54:00.107 26169 29702 Warn Unity UnityEngine.WorkRequest:Invoke()
2026/01/04 00:54:00.107 26169 29702 Warn Unity UnityEngine.UnitySynchronizationContext:Exec()
2026/01/04 00:54:00.108 26169 29702 Info Unity [PhaseProtocol] PC0 triggering reconnect due to frame stall
2026/01/04 00:54:00.108 26169 29702 Info Unity VRWorkspace.Streaming.<FrameStallMonitorAsync>d__152:MoveNext()
2026/01/04 00:54:00.108 26169 29702 Info Unity System.Threading.ExecutionContext:RunInternal(ExecutionContext, ContextCallback, Object, Boolean)
2026/01/04 00:54:00.108 26169 29702 Info Unity System.Runtime.CompilerServices.MoveNextRunner:Run()
2026/01/04 00:54:00.108 26169 29702 Info Unity UnityEngine.WorkRequest:Invoke()
2026/01/04 00:54:00.108 26169 29702 Info Unity UnityEngine.UnitySynchronizationContext:Exec()
2026/01/04 00:54:00.108 26169 29702 Info Unity [PhaseProtocol] PC0 auto-heal: attempt 1/5, waiting 2000ms...
2026/01/04 00:54:00.108 26169 29702 Info Unity VRWorkspace.Streaming.<AutoHealMonitorAsync>d__150:MoveNext()
2026/01/04 00:54:00.108 26169 29702 Info Unity System.Runtime.CompilerServices.AsyncTaskMethodBuilder:Start(TStateMachine&)
2026/01/04 00:54:00.108 26169 29702 Info Unity VRWorkspace.Streaming.PhaseProtocolClient:AutoHealMonitorAsync(Int32)
2026/01/04 00:54:00.108 26169 29702 Info Unity VRWorkspace.Streaming.<FrameStallMonitorAsync>d__152:MoveNext()
2026/01/04 00:54:00.108 26169 29702 Info Unity System.Threading.ExecutionContext:RunInternal(ExecutionContext, ContextCallback, Object, Boolean)
2026/01/04 00:54:00.108 26169 29702 Info Unity System.Runtime.CompilerServices.MoveNextRunner:Run()
2026/01/04 00:54:00.108 26169 29702 Info Unity UnityEngine.WorkRequest:Invoke()
2026/01/04 00:54:00.108 26169 29702 Info Unity UnityEngine.UnitySynchronizationContext:Exec()
2026/01/04 00:54:00.109 26169 29702 Warn Unity [PhaseProtocol] PC1 FRAME STALL detected! No frames for 13,9s (frames received: 1)
2026/01/04 00:54:00.109 26169 29702 Warn Unity VRWorkspace.Streaming.<FrameStallMonitorAsync>d__152:MoveNext()
2026/01/04 00:54:00.109 26169 29702 Warn Unity System.Threading.ExecutionContext:RunInternal(ExecutionContext, ContextCallback, Object, Boolean)
2026/01/04 00:54:00.109 26169 29702 Warn Unity System.Runtime.CompilerServices.MoveNextRunner:Run()
2026/01/04 00:54:00.109 26169 29702 Warn Unity UnityEngine.WorkRequest:Invoke()
2026/01/04 00:54:00.109 26169 29702 Warn Unity UnityEngine.UnitySynchronizationContext:Exec()
2026/01/04 00:54:00.109 26169 29702 Info Unity [PhaseProtocol] PC1 triggering reconnect due to frame stall
2026/01/04 00:54:00.109 26169 29702 Info Unity VRWorkspace.Streaming.<FrameStallMonitorAsync>d__152:MoveNext()
2026/01/04 00:54:00.109 26169 29702 Info Unity System.Threading.ExecutionContext:RunInternal(ExecutionContext, ContextCallback, Object, Boolean)
2026/01/04 00:54:00.109 26169 29702 Info Unity System.Runtime.CompilerServices.MoveNextRunner:Run()
2026/01/04 00:54:00.109 26169 29702 Info Unity UnityEngine.WorkRequest:Invoke()
2026/01/04 00:54:00.109 26169 29702 Info Unity UnityEngine.UnitySynchronizationContext:Exec()
2026/01/04 00:54:00.109 26169 29702 Info Unity [PhaseProtocol] PC1 auto-heal: attempt 1/5, waiting 2000ms...
2026/01/04 00:54:00.109 26169 29702 Info Unity VRWorkspace.Streaming.<AutoHealMonitorAsync>d__150:MoveNext()
2026/01/04 00:54:00.109 26169 29702 Info Unity System.Runtime.CompilerServices.AsyncTaskMethodBuilder:Start(TStateMachine&)
2026/01/04 00:54:00.109 26169 29702 Info Unity VRWorkspace.Streaming.PhaseProtocolClient:AutoHealMonitorAsync(Int32)
2026/01/04 00:54:00.109 26169 29702 Info Unity VRWorkspace.Streaming.<FrameStallMonitorAsync>d__152:MoveNext()
2026/01/04 00:54:00.109 26169 29702 Info Unity System.Threading.ExecutionContext:RunInternal(ExecutionContext, ContextCallback, Object, Boolean)
2026/01/04 00:54:00.109 26169 29702 Info Unity System.Runtime.CompilerServices.MoveNextRunner:Run()
2026/01/04 00:54:00.109 26169 29702 Info Unity UnityEngine.WorkRequest:Invoke()
2026/01/04 00:54:00.109 26169 29702 Info Unity UnityEngine.UnitySynchronizationContext:Exec()
2026/01/04 00:54:00.340 26169 29702 Info Unity [PhaseProtocol] Received: {"type":"frameTiming","serverTime":1767462838364,"currentFrame":865,"recentFrames":[{"frameNum":856,...
2026/01/04 00:54:00.340 26169 29702 Info Unity VRWorkspace.Streaming.<HandleTextMessageAsync>d__112:MoveNext()
2026/01/04 00:54:00.340 26169 29702 Info Unity System.Runtime.CompilerServices.AsyncTaskMethodBuilder:Start(TStateMachine&)
2026/01/04 00:54:00.340 26169 29702 Info Unity VRWorkspace.Streaming.PhaseProtocolClient:HandleTextMessageAsync(String)
2026/01/04 00:54:00.340 26169 29702 Info Unity VRWorkspace.Streaming.<ReceiveLoopAsync>d__111:MoveNext()
2026/01/04 00:54:00.340 26169 29702 Info Unity System.Threading.ExecutionContext:RunInternal(ExecutionContext, ContextCallback, Object, Boolean)
2026/01/04 00:54:00.340 26169 29702 Info Unity System.Runtime.CompilerServices.MoveNextRunner:Run()
2026/01/04 00:54:00.340 26169 29702 Info Unity UnityEngine.WorkRequest:Invoke()
2026/01/04 00:54:00.340 26169 29702 Info Unity UnityEngine.UnitySynchronizationContext:Exec()
2026/01/04 00:54:00.341 26169 29702 Info Unity [PhaseProtocol] Parsed type='frameTiming' from message len=535
2026/01/04 00:54:00.341 26169 29702 Info Unity VRWorkspace.Streaming.<HandleTextMessageAsync>d__112:MoveNext()
2026/01/04 00:54:00.341 26169 29702 Info Unity System.Runtime.CompilerServices.AsyncTaskMethodBuilder:Start(TStateMachine&)
2026/01/04 00:54:00.341 26169 29702 Info Unity VRWorkspace.Streaming.PhaseProtocolClient:HandleTextMessageAsync(String)
2026/01/04 00:54:00.341 26169 29702 Info Unity VRWorkspace.Streaming.<ReceiveLoopAsync>d__111:MoveNext()
2026/01/04 00:54:00.341 26169 29702 Info Unity System.Threading.ExecutionContext:RunInternal(ExecutionContext, ContextCallback, Object, Boolean)
2026/01/04 00:54:00.341 26169 29702 Info Unity System.Runtime.CompilerServices.MoveNextRunner:Run()
2026/01/04 00:54:00.341 26169 29702 Info Unity UnityEngine.WorkRequest:Invoke()
2026/01/04 00:54:00.341 26169 29702 Info Unity UnityEngine.UnitySynchronizationContext:Exec()
2026/01/04 00:54:00.606 26169 29702 Info Unity [PhaseProtocol] PollTextures PC0: track=valid, tex=1920x1080, cached=set, frames=1, lastFrame=14443ms ago
2026/01/04 00:54:00.606 26169 29702 Info Unity VRWorkspace.Streaming.PhaseProtocolClient:PollTextures()
2026/01/04 00:54:00.606 26169 29702 Info Unity RTTRemoteMenuController:Update()
2026/01/04 00:54:01.057 26169 29702 Info Unity [PhaseProtocol] Received: ping...
2026/01/04 00:54:01.057 26169 29702 Info Unity VRWorkspace.Streaming.<HandleTextMessageAsync>d__112:MoveNext()
2026/01/04 00:54:01.057 26169 29702 Info Unity System.Runtime.CompilerServices.AsyncTaskMethodBuilder:Start(TStateMachine&)
2026/01/04 00:54:01.057 26169 29702 Info Unity VRWorkspace.Streaming.PhaseProtocolClient:HandleTextMessageAsync(String)
2026/01/04 00:54:01.057 26169 29702 Info Unity VRWorkspace.Streaming.<ReceiveLoopAsync>d__111:MoveNext()
2026/01/04 00:54:01.057 26169 29702 Info Unity System.Threading.ExecutionContext:RunInternal(ExecutionContext, ContextCallback, Object, Boolean)
2026/01/04 00:54:01.057 26169 29702 Info Unity System.Runtime.CompilerServices.MoveNextRunner:Run()
2026/01/04 00:54:01.057 26169 29702 Info Unity UnityEngine.WorkRequest:Invoke()
2026/01/04 00:54:01.057 26169 29702 Info Unity UnityEngine.UnitySynchronizationContext:Exec()
2026/01/04 00:54:01.356 26169 29702 Info Unity [PhaseProtocol] Received: {"type":"frameTiming","serverTime":1767462839385,"currentFrame":927,"recentFrames":[{"frameNum":918,...
2026/01/04 00:54:01.356 26169 29702 Info Unity VRWorkspace.Streaming.<HandleTextMessageAsync>d__112:MoveNext()
2026/01/04 00:54:01.356 26169 29702 Info Unity System.Runtime.CompilerServices.AsyncTaskMethodBuilder:Start(TStateMachine&)
2026/01/04 00:54:01.356 26169 29702 Info Unity VRWorkspace.Streaming.PhaseProtocolClient:HandleTextMessageAsync(String)
2026/01/04 00:54:01.356 26169 29702 Info Unity VRWorkspace.Streaming.<ReceiveLoopAsync>d__111:MoveNext()
2026/01/04 00:54:01.356 26169 29702 Info Unity System.Threading.ExecutionContext:RunInternal(ExecutionContext, ContextCallback, Object, Boolean)
2026/01/04 00:54:01.356 26169 29702 Info Unity System.Runtime.CompilerServices.MoveNextRunner:Run()
2026/01/04 00:54:01.356 26169 29702 Info Unity UnityEngine.WorkRequest:Invoke()
2026/01/04 00:54:01.356 26169 29702 Info Unity UnityEngine.UnitySynchronizationContext:Exec()
2026/01/04 00:54:01.357 26169 29702 Info Unity [PhaseProtocol] Parsed type='frameTiming' from message len=535
2026/01/04 00:54:01.357 26169 29702 Info Unity VRWorkspace.Streaming.<HandleTextMessageAsync>d__112:MoveNext()
2026/01/04 00:54:01.357 26169 29702 Info Unity System.Runtime.CompilerServices.AsyncTaskMethodBuilder:Start(TStateMachine&)
2026/01/04 00:54:01.357 26169 29702 Info Unity VRWorkspace.Streaming.PhaseProtocolClient:HandleTextMessageAsync(String)
2026/01/04 00:54:01.357 26169 29702 Info Unity VRWorkspace.Streaming.<ReceiveLoopAsync>d__111:MoveNext()
2026/01/04 00:54:01.357 26169 29702 Info Unity System.Threading.ExecutionContext:RunInternal(ExecutionContext, ContextCallback, Object, Boolean)
2026/01/04 00:54:01.357 26169 29702 Info Unity System.Runtime.CompilerServices.MoveNextRunner:Run()
2026/01/04 00:54:01.357 26169 29702 Info Unity UnityEngine.WorkRequest:Invoke()
2026/01/04 00:54:01.357 26169 29702 Info Unity UnityEngine.UnitySynchronizationContext:Exec()
2026/01/04 00:54:01.607 26169 29702 Info Unity [PhaseProtocol] PollTextures PC0: track=valid, tex=1920x1080, cached=set, frames=1, lastFrame=15444ms ago
2026/01/04 00:54:01.607 26169 29702 Info Unity VRWorkspace.Streaming.PhaseProtocolClient:PollTextures()
2026/01/04 00:54:01.607 26169 29702 Info Unity RTTRemoteMenuController:Update()
2026/01/04 00:54:02.123 26169 29702 Info Unity [PhaseProtocol] PC0 auto-heal: already recovered, skip reconnect
2026/01/04 00:54:02.123 26169 29702 Info Unity VRWorkspace.Streaming.<AutoHealMonitorAsync>d__150:MoveNext()
2026/01/04 00:54:02.123 26169 29702 Info Unity System.Threading.ExecutionContext:RunInternal(ExecutionContext, ContextCallback, Object, Boolean)
2026/01/04 00:54:02.123 26169 29702 Info Unity System.Runtime.CompilerServices.MoveNextRunner:Run()
2026/01/04 00:54:02.123 26169 29702 Info Unity UnityEngine.WorkRequest:Invoke()
2026/01/04 00:54:02.123 26169 29702 Info Unity UnityEngine.UnitySynchronizationContext:Exec()
2026/01/04 00:54:02.124 26169 29702 Info Unity [PhaseProtocol] PC1 auto-heal: already recovered, skip reconnect
2026/01/04 00:54:02.124 26169 29702 Info Unity VRWorkspace.Streaming.<AutoHealMonitorAsync>d__150:MoveNext()
2026/01/04 00:54:02.124 26169 29702 Info Unity System.Threading.ExecutionContext:RunInternal(ExecutionContext, ContextCallback, Object, Boolean)
2026/01/04 00:54:02.124 26169 29702 Info Unity System.Runtime.CompilerServices.MoveNextRunner:Run()
2026/01/04 00:54:02.124 26169 29702 Info Unity UnityEngine.WorkRequest:Invoke()
2026/01/04 00:54:02.124 26169 29702 Info Unity UnityEngine.UnitySynchronizationContext:Exec()
2026/01/04 00:54:02.124 26169 29702 Warn Unity [PhaseProtocol] PC0 FRAME STALL detected! No frames for 16,0s (frames received: 1)
2026/01/04 00:54:02.124 26169 29702 Warn Unity VRWorkspace.Streaming.<FrameStallMonitorAsync>d__152:MoveNext()
2026/01/04 00:54:02.124 26169 29702 Warn Unity System.Threading.ExecutionContext:RunInternal(ExecutionContext, ContextCallback, Object, Boolean)
2026/01/04 00:54:02.124 26169 29702 Warn Unity System.Runtime.CompilerServices.MoveNextRunner:Run()
2026/01/04 00:54:02.124 26169 29702 Warn Unity UnityEngine.WorkRequest:Invoke()
2026/01/04 00:54:02.124 26169 29702 Warn Unity UnityEngine.UnitySynchronizationContext:Exec()
2026/01/04 00:54:02.125 26169 29702 Info Unity [PhaseProtocol] PC0 triggering reconnect due to frame stall
2026/01/04 00:54:02.125 26169 29702 Info Unity VRWorkspace.Streaming.<FrameStallMonitorAsync>d__152:MoveNext()
2026/01/04 00:54:02.125 26169 29702 Info Unity System.Threading.ExecutionContext:RunInternal(ExecutionContext, ContextCallback, Object, Boolean)
2026/01/04 00:54:02.125 26169 29702 Info Unity System.Runtime.CompilerServices.MoveNextRunner:Run()
2026/01/04 00:54:02.125 26169 29702 Info Unity UnityEngine.WorkRequest:Invoke()
2026/01/04 00:54:02.125 26169 29702 Info Unity UnityEngine.UnitySynchronizationContext:Exec()
2026/01/04 00:54:02.125 26169 29702 Info Unity [PhaseProtocol] PC0 auto-heal: attempt 1/5, waiting 2000ms...
2026/01/04 00:54:02.125 26169 29702 Info Unity VRWorkspace.Streaming.<AutoHealMonitorAsync>d__150:MoveNext()
2026/01/04 00:54:02.125 26169 29702 Info Unity System.Runtime.CompilerServices.AsyncTaskMethodBuilder:Start(TStateMachine&)
2026/01/04 00:54:02.125 26169 29702 Info Unity VRWorkspace.Streaming.PhaseProtocolClient:AutoHealMonitorAsync(Int32)
2026/01/04 00:54:02.125 26169 29702 Info Unity VRWorkspace.Streaming.<FrameStallMonitorAsync>d__152:MoveNext()
2026/01/04 00:54:02.125 26169 29702 Info Unity System.Threading.ExecutionContext:RunInternal(ExecutionContext, ContextCallback, Object, Boolean)
2026/01/04 00:54:02.125 26169 29702 Info Unity System.Runtime.CompilerServices.MoveNextRunner:Run()
2026/01/04 00:54:02.125 26169 29702 Info Unity UnityEngine.WorkRequest:Invoke()
2026/01/04 00:54:02.125 26169 29702 Info Unity UnityEngine.UnitySynchronizationContext:Exec()
2026/01/04 00:54:02.126 26169 29702 Warn Unity [PhaseProtocol] PC1 FRAME STALL detected! No frames for 15,9s (frames received: 1)
2026/01/04 00:54:02.126 26169 29702 Warn Unity VRWorkspace.Streaming.<FrameStallMonitorAsync>d__152:MoveNext()
2026/01/04 00:54:02.126 26169 29702 Warn Unity System.Threading.ExecutionContext:RunInternal(ExecutionContext, ContextCallback, Object, Boolean)
2026/01/04 00:54:02.126 26169 29702 Warn Unity System.Runtime.CompilerServices.MoveNextRunner:Run()
2026/01/04 00:54:02.126 26169 29702 Warn Unity UnityEngine.WorkRequest:Invoke()
2026/01/04 00:54:02.126 26169 29702 Warn Unity UnityEngine.UnitySynchronizationContext:Exec()
2026/01/04 00:54:02.126 26169 29702 Info Unity [PhaseProtocol] PC1 triggering reconnect due to frame stall
2026/01/04 00:54:02.126 26169 29702 Info Unity VRWorkspace.Streaming.<FrameStallMonitorAsync>d__152:MoveNext()
2026/01/04 00:54:02.126 26169 29702 Info Unity System.Threading.ExecutionContext:RunInternal(ExecutionContext, ContextCallback, Object, Boolean)
2026/01/04 00:54:02.126 26169 29702 Info Unity System.Runtime.CompilerServices.MoveNextRunner:Run()
2026/01/04 00:54:02.126 26169 29702 Info Unity UnityEngine.WorkRequest:Invoke()
2026/01/04 00:54:02.126 26169 29702 Info Unity UnityEngine.UnitySynchronizationContext:Exec()
2026/01/04 00:54:02.126 26169 29702 Info Unity [PhaseProtocol] PC1 auto-heal: attempt 1/5, waiting 2000ms...
2026/01/04 00:54:02.126 26169 29702 Info Unity VRWorkspace.Streaming.<AutoHealMonitorAsync>d__150:MoveNext()
2026/01/04 00:54:02.126 26169 29702 Info Unity System.Runtime.CompilerServices.AsyncTaskMethodBuilder:Start(TStateMachine&)
2026/01/04 00:54:02.126 26169 29702 Info Unity VRWorkspace.Streaming.PhaseProtocolClient:AutoHealMonitorAsync(Int32)
2026/01/04 00:54:02.126 26169 29702 Info Unity VRWorkspace.Streaming.<FrameStallMonitorAsync>d__152:MoveNext()
2026/01/04 00:54:02.126 26169 29702 Info Unity System.Threading.ExecutionContext:RunInternal(ExecutionContext, ContextCallback, Object, Boolean)
2026/01/04 00:54:02.126 26169 29702 Info Unity System.Runtime.CompilerServices.MoveNextRunner:Run()
2026/01/04 00:54:02.126 26169 29702 Info Unity UnityEngine.WorkRequest:Invoke()
2026/01/04 00:54:02.126 26169 29702 Info Unity UnityEngine.UnitySynchronizationContext:Exec()
2026/01/04 00:54:02.157 26169 29702 Info Unity [PhaseProtocol] Received: pong...
2026/01/04 00:54:02.157 26169 29702 Info Unity VRWorkspace.Streaming.<HandleTextMessageAsync>d__112:MoveNext()
2026/01/04 00:54:02.157 26169 29702 Info Unity System.Runtime.CompilerServices.AsyncTaskMethodBuilder:Start(TStateMachine&)
2026/01/04 00:54:02.157 26169 29702 Info Unity VRWorkspace.Streaming.PhaseProtocolClient:HandleTextMessageAsync(String)
2026/01/04 00:54:02.157 26169 29702 Info Unity VRWorkspace.Streaming.<ReceiveLoopAsync>d__111:MoveNext()
2026/01/04 00:54:02.157 26169 29702 Info Unity System.Threading.ExecutionContext:RunInternal(ExecutionContext, ContextCallback, Object, Boolean)
2026/01/04 00:54:02.157 26169 29702 Info Unity System.Runtime.CompilerServices.MoveNextRunner:Run()
2026/01/04 00:54:02.157 26169 29702 Info Unity UnityEngine.WorkRequest:Invoke()
2026/01/04 00:54:02.157 26169 29702 Info Unity UnityEngine.UnitySynchronizationContext:Exec()
2026/01/04 00:54:02.373 26169 29702 Info Unity [PhaseProtocol] Received: {"type":"frameTiming","serverTime":1767462840405,"currentFrame":988,"recentFrames":[{"frameNum":979,...
2026/01/04 00:54:02.373 26169 29702 Info Unity VRWorkspace.Streaming.<HandleTextMessageAsync>d__112:MoveNext()
2026/01/04 00:54:02.373 26169 29702 Info Unity System.Runtime.CompilerServices.AsyncTaskMethodBuilder:Start(TStateMachine&)
2026/01/04 00:54:02.373 26169 29702 Info Unity VRWorkspace.Streaming.PhaseProtocolClient:HandleTextMessageAsync(String)
2026/01/04 00:54:02.373 26169 29702 Info Unity VRWorkspace.Streaming.<ReceiveLoopAsync>d__111:MoveNext()
2026/01/04 00:54:02.373 26169 29702 Info Unity System.Threading.ExecutionContext:RunInternal(ExecutionContext, ContextCallback, Object, Boolean)
2026/01/04 00:54:02.373 26169 29702 Info Unity System.Runtime.CompilerServices.MoveNextRunner:Run()
2026/01/04 00:54:02.373 26169 29702 Info Unity UnityEngine.WorkRequest:Invoke()
2026/01/04 00:54:02.373 26169 29702 Info Unity UnityEngine.UnitySynchronizationContext:Exec()
2026/01/04 00:54:02.374 26169 29702 Info Unity [PhaseProtocol] Parsed type='frameTiming' from message len=535
2026/01/04 00:54:02.374 26169 29702 Info Unity VRWorkspace.Streaming.<HandleTextMessageAsync>d__112:MoveNext()
2026/01/04 00:54:02.374 26169 29702 Info Unity System.Runtime.CompilerServices.AsyncTaskMethodBuilder:Start(TStateMachine&)
2026/01/04 00:54:02.374 26169 29702 Info Unity VRWorkspace.Streaming.PhaseProtocolClient:HandleTextMessageAsync(String)
2026/01/04 00:54:02.374 26169 29702 Info Unity VRWorkspace.Streaming.<ReceiveLoopAsync>d__111:MoveNext()
2026/01/04 00:54:02.374 26169 29702 Info Unity System.Threading.ExecutionContext:RunInternal(ExecutionContext, ContextCallback, Object, Boolean)
2026/01/04 00:54:02.374 26169 29702 Info Unity System.Runtime.CompilerServices.MoveNextRunner:Run()
2026/01/04 00:54:02.374 26169 29702 Info Unity UnityEngine.WorkRequest:Invoke()
2026/01/04 00:54:02.374 26169 29702 Info Unity UnityEngine.UnitySynchronizationContext:Exec()
2026/01/04 00:54:02.607 26169 29702 Info Unity [PhaseProtocol] PollTextures PC0: track=valid, tex=1920x1080, cached=set, frames=1, lastFrame=16444ms ago
2026/01/04 00:54:02.607 26169 29702 Info Unity VRWorkspace.Streaming.PhaseProtocolClient:PollTextures()
2026/01/04 00:54:02.607 26169 29702 Info Unity RTTRemoteMenuController:Update()
2026/01/04 00:54:03.390 26169 29702 Info Unity [PhaseProtocol] Received: {"type":"frameTiming","serverTime":1767462841424,"currentFrame":1050,"recentFrames":[{"frameNum":104...
2026/01/04 00:54:03.390 26169 29702 Info Unity VRWorkspace.Streaming.<HandleTextMessageAsync>d__112:MoveNext()
2026/01/04 00:54:03.390 26169 29702 Info Unity System.Runtime.CompilerServices.AsyncTaskMethodBuilder:Start(TStateMachine&)
2026/01/04 00:54:03.390 26169 29702 Info Unity VRWorkspace.Streaming.PhaseProtocolClient:HandleTextMessageAsync(String)
2026/01/04 00:54:03.390 26169 29702 Info Unity VRWorkspace.Streaming.<ReceiveLoopAsync>d__111:MoveNext()
2026/01/04 00:54:03.390 26169 29702 Info Unity System.Threading.ExecutionContext:RunInternal(ExecutionContext, ContextCallback, Object, Boolean)
2026/01/04 00:54:03.390 26169 29702 Info Unity System.Runtime.CompilerServices.MoveNextRunner:Run()
2026/01/04 00:54:03.390 26169 29702 Info Unity UnityEngine.WorkRequest:Invoke()
2026/01/04 00:54:03.390 26169 29702 Info Unity UnityEngine.UnitySynchronizationContext:Exec()
2026/01/04 00:54:03.391 26169 29702 Info Unity [PhaseProtocol] Parsed type='frameTiming' from message len=546
2026/01/04 00:54:03.391 26169 29702 Info Unity VRWorkspace.Streaming.<HandleTextMessageAsync>d__112:MoveNext()
2026/01/04 00:54:03.391 26169 29702 Info Unity System.Runtime.CompilerServices.AsyncTaskMethodBuilder:Start(TStateMachine&)
2026/01/04 00:54:03.391 26169 29702 Info Unity VRWorkspace.Streaming.PhaseProtocolClient:HandleTextMessageAsync(String)
2026/01/04 00:54:03.391 26169 29702 Info Unity VRWorkspace.Streaming.<ReceiveLoopAsync>d__111:MoveNext()
2026/01/04 00:54:03.391 26169 29702 Info Unity System.Threading.ExecutionContext:RunInternal(ExecutionContext, ContextCallback, Object, Boolean)
2026/01/04 00:54:03.391 26169 29702 Info Unity System.Runtime.CompilerServices.MoveNextRunner:Run()
2026/01/04 00:54:03.391 26169 29702 Info Unity UnityEngine.WorkRequest:Invoke()
2026/01/04 00:54:03.391 26169 29702 Info Unity UnityEngine.UnitySynchronizationContext:Exec()
2026/01/04 00:54:03.607 26169 29702 Info Unity [PhaseProtocol] PollTextures PC0: track=valid, tex=1920x1080, cached=set, frames=1, lastFrame=17444ms ago
2026/01/04 00:54:03.607 26169 29702 Info Unity VRWorkspace.Streaming.PhaseProtocolClient:PollTextures()
2026/01/04 00:54:03.607 26169 29702 Info Unity RTTRemoteMenuController:Update()
2026/01/04 00:54:04.140 26169 29702 Info Unity [PhaseProtocol] PC0 auto-heal: already recovered, skip reconnect
2026/01/04 00:54:04.140 26169 29702 Info Unity VRWorkspace.Streaming.<AutoHealMonitorAsync>d__150:MoveNext()
2026/01/04 00:54:04.140 26169 29702 Info Unity System.Threading.ExecutionContext:RunInternal(ExecutionContext, ContextCallback, Object, Boolean)
2026/01/04 00:54:04.140 26169 29702 Info Unity System.Runtime.CompilerServices.MoveNextRunner:Run()
2026/01/04 00:54:04.140 26169 29702 Info Unity UnityEngine.WorkRequest:Invoke()
2026/01/04 00:54:04.140 26169 29702 Info Unity UnityEngine.UnitySynchronizationContext:Exec()
2026/01/04 00:54:04.141 26169 29702 Info Unity [PhaseProtocol] PC1 auto-heal: already recovered, skip reconnect
2026/01/04 00:54:04.141 26169 29702 Info Unity VRWorkspace.Streaming.<AutoHealMonitorAsync>d__150:MoveNext()
2026/01/04 00:54:04.141 26169 29702 Info Unity System.Threading.ExecutionContext:RunInternal(ExecutionContext, ContextCallback, Object, Boolean)
2026/01/04 00:54:04.141 26169 29702 Info Unity System.Runtime.CompilerServices.MoveNextRunner:Run()
2026/01/04 00:54:04.141 26169 29702 Info Unity UnityEngine.WorkRequest:Invoke()
2026/01/04 00:54:04.141 26169 29702 Info Unity UnityEngine.UnitySynchronizationContext:Exec()
2026/01/04 00:54:04.141 26169 29702 Warn Unity [PhaseProtocol] PC0 FRAME STALL detected! No frames for 18,0s (frames received: 1)
2026/01/04 00:54:04.141 26169 29702 Warn Unity VRWorkspace.Streaming.<FrameStallMonitorAsync>d__152:MoveNext()
2026/01/04 00:54:04.141 26169 29702 Warn Unity System.Threading.ExecutionContext:RunInternal(ExecutionContext, ContextCallback, Object, Boolean)
2026/01/04 00:54:04.141 26169 29702 Warn Unity System.Runtime.CompilerServices.MoveNextRunner:Run()
2026/01/04 00:54:04.141 26169 29702 Warn Unity UnityEngine.WorkRequest:Invoke()
2026/01/04 00:54:04.141 26169 29702 Warn Unity UnityEngine.UnitySynchronizationContext:Exec()
2026/01/04 00:54:04.142 26169 29702 Info Unity [PhaseProtocol] PC0 triggering reconnect due to frame stall
2026/01/04 00:54:04.142 26169 29702 Info Unity VRWorkspace.Streaming.<FrameStallMonitorAsync>d__152:MoveNext()
2026/01/04 00:54:04.142 26169 29702 Info Unity System.Threading.ExecutionContext:RunInternal(ExecutionContext, ContextCallback, Object, Boolean)
2026/01/04 00:54:04.142 26169 29702 Info Unity System.Runtime.CompilerServices.MoveNextRunner:Run()
2026/01/04 00:54:04.142 26169 29702 Info Unity UnityEngine.WorkRequest:Invoke()
2026/01/04 00:54:04.142 26169 29702 Info Unity UnityEngine.UnitySynchronizationContext:Exec()
2026/01/04 00:54:04.142 26169 29702 Info Unity [PhaseProtocol] PC0 auto-heal: attempt 1/5, waiting 2000ms...
2026/01/04 00:54:04.142 26169 29702 Info Unity VRWorkspace.Streaming.<AutoHealMonitorAsync>d__150:MoveNext()
2026/01/04 00:54:04.142 26169 29702 Info Unity System.Runtime.CompilerServices.AsyncTaskMethodBuilder:Start(TStateMachine&)
2026/01/04 00:54:04.142 26169 29702 Info Unity VRWorkspace.Streaming.PhaseProtocolClient:AutoHealMonitorAsync(Int32)
2026/01/04 00:54:04.142 26169 29702 Info Unity VRWorkspace.Streaming.<FrameStallMonitorAsync>d__152:MoveNext()
2026/01/04 00:54:04.142 26169 29702 Info Unity System.Threading.ExecutionContext:RunInternal(ExecutionContext, ContextCallback, Object, Boolean)
2026/01/04 00:54:04.142 26169 29702 Info Unity System.Runtime.CompilerServices.MoveNextRunner:Run()
2026/01/04 00:54:04.142 26169 29702 Info Unity UnityEngine.WorkRequest:Invoke()
2026/01/04 00:54:04.142 26169 29702 Info Unity UnityEngine.UnitySynchronizationContext:Exec()
2026/01/04 00:54:04.143 26169 29702 Warn Unity [PhaseProtocol] PC1 FRAME STALL detected! No frames for 18,0s (frames received: 1)
2026/01/04 00:54:04.143 26169 29702 Warn Unity VRWorkspace.Streaming.<FrameStallMonitorAsync>d__152:MoveNext()
2026/01/04 00:54:04.143 26169 29702 Warn Unity System.Threading.ExecutionContext:RunInternal(ExecutionContext, ContextCallback, Object, Boolean)
2026/01/04 00:54:04.143 26169 29702 Warn Unity System.Runtime.CompilerServices.MoveNextRunner:Run()
2026/01/04 00:54:04.143 26169 29702 Warn Unity UnityEngine.WorkRequest:Invoke()
2026/01/04 00:54:04.143 26169 29702 Warn Unity UnityEngine.UnitySynchronizationContext:Exec()
2026/01/04 00:54:04.143 26169 29702 Info Unity [PhaseProtocol] PC1 triggering reconnect due to frame stall
2026/01/04 00:54:04.143 26169 29702 Info Unity VRWorkspace.Streaming.<FrameStallMonitorAsync>d__152:MoveNext()
2026/01/04 00:54:04.143 26169 29702 Info Unity System.Threading.ExecutionContext:RunInternal(ExecutionContext, ContextCallback, Object, Boolean)
2026/01/04 00:54:04.143 26169 29702 Info Unity System.Runtime.CompilerServices.MoveNextRunner:Run()
2026/01/04 00:54:04.143 26169 29702 Info Unity UnityEngine.WorkRequest:Invoke()
2026/01/04 00:54:04.143 26169 29702 Info Unity UnityEngine.UnitySynchronizationContext:Exec()
2026/01/04 00:54:04.144 26169 29702 Info Unity [PhaseProtocol] PC1 auto-heal: attempt 1/5, waiting 2000ms...
2026/01/04 00:54:04.144 26169 29702 Info Unity VRWorkspace.Streaming.<AutoHealMonitorAsync>d__150:MoveNext()
2026/01/04 00:54:04.144 26169 29702 Info Unity System.Runtime.CompilerServices.AsyncTaskMethodBuilder:Start(TStateMachine&)
2026/01/04 00:54:04.144 26169 29702 Info Unity VRWorkspace.Streaming.PhaseProtocolClient:AutoHealMonitorAsync(Int32)
2026/01/04 00:54:04.144 26169 29702 Info Unity VRWorkspace.Streaming.<FrameStallMonitorAsync>d__152:MoveNext()
2026/01/04 00:54:04.144 26169 29702 Info Unity System.Threading.ExecutionContext:RunInternal(ExecutionContext, ContextCallback, Object, Boolean)
2026/01/04 00:54:04.144 26169 29702 Info Unity System.Runtime.CompilerServices.MoveNextRunner:Run()
2026/01/04 00:54:04.144 26169 29702 Info Unity UnityEngine.WorkRequest:Invoke()
2026/01/04 00:54:04.144 26169 29702 Info Unity UnityEngine.UnitySynchronizationContext:Exec()
2026/01/04 00:54:04.423 26169 29702 Info Unity [PhaseProtocol] Received: {"type":"frameTiming","serverTime":1767462842444,"currentFrame":1110,"recentFrames":[{"frameNum":110...
2026/01/04 00:54:04.423 26169 29702 Info Unity VRWorkspace.Streaming.<HandleTextMessageAsync>d__112:MoveNext()
2026/01/04 00:54:04.423 26169 29702 Info Unity System.Runtime.CompilerServices.AsyncTaskMethodBuilder:Start(TStateMachine&)
2026/01/04 00:54:04.423 26169 29702 Info Unity VRWorkspace.Streaming.PhaseProtocolClient:HandleTextMessageAsync(String)
2026/01/04 00:54:04.423 26169 29702 Info Unity VRWorkspace.Streaming.<ReceiveLoopAsync>d__111:MoveNext()
2026/01/04 00:54:04.423 26169 29702 Info Unity System.Threading.ExecutionContext:RunInternal(ExecutionContext, ContextCallback, Object, Boolean)
2026/01/04 00:54:04.423 26169 29702 Info Unity System.Runtime.CompilerServices.MoveNextRunner:Run()
2026/01/04 00:54:04.423 26169 29702 Info Unity UnityEngine.WorkRequest:Invoke()
2026/01/04 00:54:04.423 26169 29702 Info Unity UnityEngine.UnitySynchronizationContext:Exec()
2026/01/04 00:54:04.425 26169 29702 Info Unity [PhaseProtocol] Parsed type='frameTiming' from message len=546
2026/01/04 00:54:04.425 26169 29702 Info Unity VRWorkspace.Streaming.<HandleTextMessageAsync>d__112:MoveNext()
2026/01/04 00:54:04.425 26169 29702 Info Unity System.Runtime.CompilerServices.AsyncTaskMethodBuilder:Start(TStateMachine&)
2026/01/04 00:54:04.425 26169 29702 Info Unity VRWorkspace.Streaming.PhaseProtocolClient:HandleTextMessageAsync(String)
2026/01/04 00:54:04.425 26169 29702 Info Unity VRWorkspace.Streaming.<ReceiveLoopAsync>d__111:MoveNext()
2026/01/04 00:54:04.425 26169 29702 Info Unity System.Threading.ExecutionContext:RunInternal(ExecutionContext, ContextCallback, Object, Boolean)
2026/01/04 00:54:04.425 26169 29702 Info Unity System.Runtime.CompilerServices.MoveNextRunner:Run()
2026/01/04 00:54:04.425 26169 29702 Info Unity UnityEngine.WorkRequest:Invoke()
2026/01/04 00:54:04.425 26169 29702 Info Unity UnityEngine.UnitySynchronizationContext:Exec()
2026/01/04 00:54:04.607 26169 29702 Info Unity [PhaseProtocol] PollTextures PC0: track=valid, tex=1920x1080, cached=set, frames=1, lastFrame=18444ms ago
2026/01/04 00:54:04.607 26169 29702 Info Unity VRWorkspace.Streaming.PhaseProtocolClient:PollTextures()
2026/01/04 00:54:04.607 26169 29702 Info Unity RTTRemoteMenuController:Update()
2026/01/04 00:54:05.174 26169 29702 Info Unity [PhaseProtocol] Received: pong...
2026/01/04 00:54:05.174 26169 29702 Info Unity VRWorkspace.Streaming.<HandleTextMessageAsync>d__112:MoveNext()
2026/01/04 00:54:05.174 26169 29702 Info Unity System.Runtime.CompilerServices.AsyncTaskMethodBuilder:Start(TStateMachine&)
2026/01/04 00:54:05.174 26169 29702 Info Unity VRWorkspace.Streaming.PhaseProtocolClient:HandleTextMessageAsync(String)
2026/01/04 00:54:05.174 26169 29702 Info Unity VRWorkspace.Streaming.<ReceiveLoopAsync>d__111:MoveNext()
2026/01/04 00:54:05.174 26169 29702 Info Unity System.Threading.ExecutionContext:RunInternal(ExecutionContext, ContextCallback, Object, Boolean)
2026/01/04 00:54:05.174 26169 29702 Info Unity System.Runtime.CompilerServices.MoveNextRunner:Run()
2026/01/04 00:54:05.174 26169 29702 Info Unity UnityEngine.WorkRequest:Invoke()
2026/01/04 00:54:05.174 26169 29702 Info Unity UnityEngine.UnitySynchronizationContext:Exec()
2026/01/04 00:54:05.441 26169 29702 Info Unity [PhaseProtocol] Received: {"type":"frameTiming","serverTime":1767462843461,"currentFrame":1172,"recentFrames":[{"frameNum":116...
2026/01/04 00:54:05.441 26169 29702 Info Unity VRWorkspace.Streaming.<HandleTextMessageAsync>d__112:MoveNext()
2026/01/04 00:54:05.441 26169 29702 Info Unity System.Runtime.CompilerServices.AsyncTaskMethodBuilder:Start(TStateMachine&)
2026/01/04 00:54:05.441 26169 29702 Info Unity VRWorkspace.Streaming.PhaseProtocolClient:HandleTextMessageAsync(String)
2026/01/04 00:54:05.441 26169 29702 Info Unity VRWorkspace.Streaming.<ReceiveLoopAsync>d__111:MoveNext()
2026/01/04 00:54:05.441 26169 29702 Info Unity System.Threading.ExecutionContext:RunInternal(ExecutionContext, ContextCallback, Object, Boolean)
2026/01/04 00:54:05.441 26169 29702 Info Unity System.Runtime.CompilerServices.MoveNextRunner:Run()
2026/01/04 00:54:05.441 26169 29702 Info Unity UnityEngine.WorkRequest:Invoke()
2026/01/04 00:54:05.441 26169 29702 Info Unity UnityEngine.UnitySynchronizationContext:Exec()
2026/01/04 00:54:05.441 26169 29702 Info Unity [PhaseProtocol] Parsed type='frameTiming' from message len=546
2026/01/04 00:54:05.441 26169 29702 Info Unity VRWorkspace.Streaming.<HandleTextMessageAsync>d__112:MoveNext()
2026/01/04 00:54:05.441 26169 29702 Info Unity System.Runtime.CompilerServices.AsyncTaskMethodBuilder:Start(TStateMachine&)
2026/01/04 00:54:05.441 26169 29702 Info Unity VRWorkspace.Streaming.PhaseProtocolClient:HandleTextMessageAsync(String)
2026/01/04 00:54:05.441 26169 29702 Info Unity VRWorkspace.Streaming.<ReceiveLoopAsync>d__111:MoveNext()
2026/01/04 00:54:05.441 26169 29702 Info Unity System.Threading.ExecutionContext:RunInternal(ExecutionContext, ContextCallback, Object, Boolean)
2026/01/04 00:54:05.441 26169 29702 Info Unity System.Runtime.CompilerServices.MoveNextRunner:Run()
2026/01/04 00:54:05.441 26169 29702 Info Unity UnityEngine.WorkRequest:Invoke()
2026/01/04 00:54:05.441 26169 29702 Info Unity UnityEngine.UnitySynchronizationContext:Exec()
2026/01/04 00:54:05.607 26169 29702 Info Unity [PhaseProtocol] PollTextures PC0: track=valid, tex=1920x1080, cached=set, frames=1, lastFrame=19444ms ago
2026/01/04 00:54:05.607 26169 29702 Info Unity VRWorkspace.Streaming.PhaseProtocolClient:PollTextures()
2026/01/04 00:54:05.607 26169 29702 Info Unity RTTRemoteMenuController:Update()
2026/01/04 00:54:06.057 26169 29702 Info Unity [PhaseProtocol] Received: ping...
2026/01/04 00:54:06.057 26169 29702 Info Unity VRWorkspace.Streaming.<HandleTextMessageAsync>d__112:MoveNext()
2026/01/04 00:54:06.057 26169 29702 Info Unity System.Runtime.CompilerServices.AsyncTaskMethodBuilder:Start(TStateMachine&)
2026/01/04 00:54:06.057 26169 29702 Info Unity VRWorkspace.Streaming.PhaseProtocolClient:HandleTextMessageAsync(String)
2026/01/04 00:54:06.057 26169 29702 Info Unity VRWorkspace.Streaming.<ReceiveLoopAsync>d__111:MoveNext()
2026/01/04 00:54:06.057 26169 29702 Info Unity System.Threading.ExecutionContext:RunInternal(ExecutionContext, ContextCallback, Object, Boolean)
2026/01/04 00:54:06.057 26169 29702 Info Unity System.Runtime.CompilerServices.MoveNextRunner:Run()
2026/01/04 00:54:06.057 26169 29702 Info Unity UnityEngine.WorkRequest:Invoke()
2026/01/04 00:54:06.057 26169 29702 Info Unity UnityEngine.UnitySynchronizationContext:Exec()
2026/01/04 00:54:06.157 26169 29702 Info Unity [PhaseProtocol] PC0 auto-heal: already recovered, skip reconnect
2026/01/04 00:54:06.157 26169 29702 Info Unity VRWorkspace.Streaming.<AutoHealMonitorAsync>d__150:MoveNext()
2026/01/04 00:54:06.157 26169 29702 Info Unity System.Threading.ExecutionContext:RunInternal(ExecutionContext, ContextCallback, Object, Boolean)
2026/01/04 00:54:06.157 26169 29702 Info Unity System.Runtime.CompilerServices.MoveNextRunner:Run()
2026/01/04 00:54:06.157 26169 29702 Info Unity UnityEngine.WorkRequest:Invoke()
2026/01/04 00:54:06.157 26169 29702 Info Unity UnityEngine.UnitySynchronizationContext:Exec()
2026/01/04 00:54:06.158 26169 29702 Info Unity [PhaseProtocol] PC1 auto-heal: already recovered, skip reconnect
2026/01/04 00:54:06.158 26169 29702 Info Unity VRWorkspace.Streaming.<AutoHealMonitorAsync>d__150:MoveNext()
2026/01/04 00:54:06.158 26169 29702 Info Unity System.Threading.ExecutionContext:RunInternal(ExecutionContext, ContextCallback, Object, Boolean)
2026/01/04 00:54:06.158 26169 29702 Info Unity System.Runtime.CompilerServices.MoveNextRunner:Run()
2026/01/04 00:54:06.158 26169 29702 Info Unity UnityEngine.WorkRequest:Invoke()
2026/01/04 00:54:06.158 26169 29702 Info Unity UnityEngine.UnitySynchronizationContext:Exec()
2026/01/04 00:54:06.158 26169 29702 Warn Unity [PhaseProtocol] PC0 FRAME STALL detected! No frames for 20,0s (frames received: 1)
2026/01/04 00:54:06.158 26169 29702 Warn Unity VRWorkspace.Streaming.<FrameStallMonitorAsync>d__152:MoveNext()
2026/01/04 00:54:06.158 26169 29702 Warn Unity System.Threading.ExecutionContext:RunInternal(ExecutionContext, ContextCallback, Object, Boolean)
2026/01/04 00:54:06.158 26169 29702 Warn Unity System.Runtime.CompilerServices.MoveNextRunner:Run()
2026/01/04 00:54:06.158 26169 29702 Warn Unity UnityEngine.WorkRequest:Invoke()
2026/01/04 00:54:06.158 26169 29702 Warn Unity UnityEngine.UnitySynchronizationContext:Exec()
2026/01/04 00:54:06.159 26169 29702 Info Unity [PhaseProtocol] PC0 triggering reconnect due to frame stall
2026/01/04 00:54:06.159 26169 29702 Info Unity VRWorkspace.Streaming.<FrameStallMonitorAsync>d__152:MoveNext()
2026/01/04 00:54:06.159 26169 29702 Info Unity System.Threading.ExecutionContext:RunInternal(ExecutionContext, ContextCallback, Object, Boolean)
2026/01/04 00:54:06.159 26169 29702 Info Unity System.Runtime.CompilerServices.MoveNextRunner:Run()
2026/01/04 00:54:06.159 26169 29702 Info Unity UnityEngine.WorkRequest:Invoke()
2026/01/04 00:54:06.159 26169 29702 Info Unity UnityEngine.UnitySynchronizationContext:Exec()
2026/01/04 00:54:06.159 26169 29702 Info Unity [PhaseProtocol] PC0 auto-heal: attempt 1/5, waiting 2000ms...
2026/01/04 00:54:06.159 26169 29702 Info Unity VRWorkspace.Streaming.<AutoHealMonitorAsync>d__150:MoveNext()
2026/01/04 00:54:06.159 26169 29702 Info Unity System.Runtime.CompilerServices.AsyncTaskMethodBuilder:Start(TStateMachine&)
2026/01/04 00:54:06.159 26169 29702 Info Unity VRWorkspace.Streaming.PhaseProtocolClient:AutoHealMonitorAsync(Int32)
2026/01/04 00:54:06.159 26169 29702 Info Unity VRWorkspace.Streaming.<FrameStallMonitorAsync>d__152:MoveNext()
2026/01/04 00:54:06.159 26169 29702 Info Unity System.Threading.ExecutionContext:RunInternal(ExecutionContext, ContextCallback, Object, Boolean)
2026/01/04 00:54:06.159 26169 29702 Info Unity System.Runtime.CompilerServices.MoveNextRunner:Run()
2026/01/04 00:54:06.159 26169 29702 Info Unity UnityEngine.WorkRequest:Invoke()
2026/01/04 00:54:06.159 26169 29702 Info Unity UnityEngine.UnitySynchronizationContext:Exec()
2026/01/04 00:54:06.160 26169 29702 Warn Unity [PhaseProtocol] PC1 FRAME STALL detected! No frames for 20,0s (frames received: 1)
2026/01/04 00:54:06.160 26169 29702 Warn Unity VRWorkspace.Streaming.<FrameStallMonitorAsync>d__152:MoveNext()
2026/01/04 00:54:06.160 26169 29702 Warn Unity System.Threading.ExecutionContext:RunInternal(ExecutionContext, ContextCallback, Object, Boolean)
2026/01/04 00:54:06.160 26169 29702 Warn Unity System.Runtime.CompilerServices.MoveNextRunner:Run()
2026/01/04 00:54:06.160 26169 29702 Warn Unity UnityEngine.WorkRequest:Invoke()
2026/01/04 00:54:06.160 26169 29702 Warn Unity UnityEngine.UnitySynchronizationContext:Exec()
2026/01/04 00:54:06.160 26169 29702 Info Unity [PhaseProtocol] PC1 triggering reconnect due to frame stall
2026/01/04 00:54:06.160 26169 29702 Info Unity VRWorkspace.Streaming.<FrameStallMonitorAsync>d__152:MoveNext()
2026/01/04 00:54:06.160 26169 29702 Info Unity System.Threading.ExecutionContext:RunInternal(ExecutionContext, ContextCallback, Object, Boolean)
2026/01/04 00:54:06.160 26169 29702 Info Unity System.Runtime.CompilerServices.MoveNextRunner:Run()
2026/01/04 00:54:06.160 26169 29702 Info Unity UnityEngine.WorkRequest:Invoke()
2026/01/04 00:54:06.160 26169 29702 Info Unity UnityEngine.UnitySynchronizationContext:Exec()
2026/01/04 00:54:06.161 26169 29702 Info Unity [PhaseProtocol] PC1 auto-heal: attempt 1/5, waiting 2000ms...
2026/01/04 00:54:06.161 26169 29702 Info Unity VRWorkspace.Streaming.<AutoHealMonitorAsync>d__150:MoveNext()
2026/01/04 00:54:06.161 26169 29702 Info Unity System.Runtime.CompilerServices.AsyncTaskMethodBuilder:Start(TStateMachine&)
2026/01/04 00:54:06.161 26169 29702 Info Unity VRWorkspace.Streaming.PhaseProtocolClient:AutoHealMonitorAsync(Int32)
2026/01/04 00:54:06.161 26169 29702 Info Unity VRWorkspace.Streaming.<FrameStallMonitorAsync>d__152:MoveNext()
2026/01/04 00:54:06.161 26169 29702 Info Unity System.Threading.ExecutionContext:RunInternal(ExecutionContext, ContextCallback, Object, Boolean)
2026/01/04 00:54:06.161 26169 29702 Info Unity System.Runtime.CompilerServices.MoveNextRunner:Run()
2026/01/04 00:54:06.161 26169 29702 Info Unity UnityEngine.WorkRequest:Invoke()
2026/01/04 00:54:06.161 26169 29702 Info Unity UnityEngine.UnitySynchronizationContext:Exec()
2026/01/04 00:54:06.474 26169 29702 Info Unity [PhaseProtocol] Received: {"type":"frameTiming","serverTime":1767462844483,"currentFrame":1233,"recentFrames":[{"frameNum":122...
2026/01/04 00:54:06.474 26169 29702 Info Unity VRWorkspace.Streaming.<HandleTextMessageAsync>d__112:MoveNext()
2026/01/04 00:54:06.474 26169 29702 Info Unity System.Runtime.CompilerServices.AsyncTaskMethodBuilder:Start(TStateMachine&)
2026/01/04 00:54:06.474 26169 29702 Info Unity VRWorkspace.Streaming.PhaseProtocolClient:HandleTextMessageAsync(String)
2026/01/04 00:54:06.474 26169 29702 Info Unity VRWorkspace.Streaming.<ReceiveLoopAsync>d__111:MoveNext()
2026/01/04 00:54:06.474 26169 29702 Info Unity System.Threading.ExecutionContext:RunInternal(ExecutionContext, ContextCallback, Object, Boolean)
2026/01/04 00:54:06.474 26169 29702 Info Unity System.Runtime.CompilerServices.MoveNextRunner:Run()
2026/01/04 00:54:06.474 26169 29702 Info Unity UnityEngine.WorkRequest:Invoke()
2026/01/04 00:54:06.474 26169 29702 Info Unity UnityEngine.UnitySynchronizationContext:Exec()
2026/01/04 00:54:06.476 26169 29702 Info Unity [PhaseProtocol] Parsed type='frameTiming' from message len=546
2026/01/04 00:54:06.476 26169 29702 Info Unity VRWorkspace.Streaming.<HandleTextMessageAsync>d__112:MoveNext()
2026/01/04 00:54:06.476 26169 29702 Info Unity System.Runtime.CompilerServices.AsyncTaskMethodBuilder:Start(TStateMachine&)
2026/01/04 00:54:06.476 26169 29702 Info Unity VRWorkspace.Streaming.PhaseProtocolClient:HandleTextMessageAsync(String)
2026/01/04 00:54:06.476 26169 29702 Info Unity VRWorkspace.Streaming.<ReceiveLoopAsync>d__111:MoveNext()
2026/01/04 00:54:06.476 26169 29702 Info Unity System.Threading.ExecutionContext:RunInternal(ExecutionContext, ContextCallback, Object, Boolean)
2026/01/04 00:54:06.476 26169 29702 Info Unity System.Runtime.CompilerServices.MoveNextRunner:Run()
2026/01/04 00:54:06.476 26169 29702 Info Unity UnityEngine.WorkRequest:Invoke()
2026/01/04 00:54:06.476 26169 29702 Info Unity UnityEngine.UnitySynchronizationContext:Exec()
2026/01/04 00:54:06.607 26169 29702 Info Unity [PhaseProtocol] PollTextures PC0: track=valid, tex=1920x1080, cached=set, frames=1, lastFrame=20445ms ago
2026/01/04 00:54:06.607 26169 29702 Info Unity VRWorkspace.Streaming.PhaseProtocolClient:PollTextures()
2026/01/04 00:54:06.607 26169 29702 Info Unity RTTRemoteMenuController:Update()
2026/01/04 00:54:07.475 26169 29702 Info Unity [PhaseProtocol] Received: {"type":"frameTiming","serverTime":1767462845501,"currentFrame":1295,"recentFrames":[{"frameNum":128...
2026/01/04 00:54:07.475 26169 29702 Info Unity VRWorkspace.Streaming.<HandleTextMessageAsync>d__112:MoveNext()
2026/01/04 00:54:07.475 26169 29702 Info Unity System.Runtime.CompilerServices.AsyncTaskMethodBuilder:Start(TStateMachine&)
2026/01/04 00:54:07.475 26169 29702 Info Unity VRWorkspace.Streaming.PhaseProtocolClient:HandleTextMessageAsync(String)
2026/01/04 00:54:07.475 26169 29702 Info Unity VRWorkspace.Streaming.<ReceiveLoopAsync>d__111:MoveNext()
2026/01/04 00:54:07.475 26169 29702 Info Unity System.Threading.ExecutionContext:RunInternal(ExecutionContext, ContextCallback, Object, Boolean)
2026/01/04 00:54:07.475 26169 29702 Info Unity System.Runtime.CompilerServices.MoveNextRunner:Run()
2026/01/04 00:54:07.475 26169 29702 Info Unity UnityEngine.WorkRequest:Invoke()
2026/01/04 00:54:07.475 26169 29702 Info Unity UnityEngine.UnitySynchronizationContext:Exec()
2026/01/04 00:54:07.475 26169 29702 Info Unity [PhaseProtocol] Parsed type='frameTiming' from message len=546
2026/01/04 00:54:07.475 26169 29702 Info Unity VRWorkspace.Streaming.<HandleTextMessageAsync>d__112:MoveNext()
2026/01/04 00:54:07.475 26169 29702 Info Unity System.Runtime.CompilerServices.AsyncTaskMethodBuilder:Start(TStateMachine&)
2026/01/04 00:54:07.475 26169 29702 Info Unity VRWorkspace.Streaming.PhaseProtocolClient:HandleTextMessageAsync(String)
2026/01/04 00:54:07.475 26169 29702 Info Unity VRWorkspace.Streaming.<ReceiveLoopAsync>d__111:MoveNext()
2026/01/04 00:54:07.475 26169 29702 Info Unity System.Threading.ExecutionContext:RunInternal(ExecutionContext, ContextCallback, Object, Boolean)
2026/01/04 00:54:07.475 26169 29702 Info Unity System.Runtime.CompilerServices.MoveNextRunner:Run()
2026/01/04 00:54:07.475 26169 29702 Info Unity UnityEngine.WorkRequest:Invoke()
2026/01/04 00:54:07.475 26169 29702 Info Unity UnityEngine.UnitySynchronizationContext:Exec()
2026/01/04 00:54:07.608 26169 29702 Info Unity [PhaseProtocol] PollTextures PC0: track=valid, tex=1920x1080, cached=set, frames=1, lastFrame=21445ms ago
2026/01/04 00:54:07.608 26169 29702 Info Unity VRWorkspace.Streaming.PhaseProtocolClient:PollTextures()
2026/01/04 00:54:07.608 26169 29702 Info Unity RTTRemoteMenuController:Update()
2026/01/04 00:54:08.176 26169 29702 Info Unity [PhaseProtocol] PC0 auto-heal: already recovered, skip reconnect
2026/01/04 00:54:08.176 26169 29702 Info Unity VRWorkspace.Streaming.<AutoHealMonitorAsync>d__150:MoveNext()
2026/01/04 00:54:08.176 26169 29702 Info Unity System.Threading.ExecutionContext:RunInternal(ExecutionContext, ContextCallback, Object, Boolean)
2026/01/04 00:54:08.176 26169 29702 Info Unity System.Runtime.CompilerServices.MoveNextRunner:Run()
2026/01/04 00:54:08.176 26169 29702 Info Unity UnityEngine.WorkRequest:Invoke()
2026/01/04 00:54:08.176 26169 29702 Info Unity UnityEngine.UnitySynchronizationContext:Exec()
2026/01/04 00:54:08.176 26169 29702 Info Unity [PhaseProtocol] PC1 auto-heal: already recovered, skip reconnect
2026/01/04 00:54:08.176 26169 29702 Info Unity VRWorkspace.Streaming.<AutoHealMonitorAsync>d__150:MoveNext()
2026/01/04 00:54:08.176 26169 29702 Info Unity System.Threading.ExecutionContext:RunInternal(ExecutionContext, ContextCallback, Object, Boolean)
2026/01/04 00:54:08.176 26169 29702 Info Unity System.Runtime.CompilerServices.MoveNextRunner:Run()
2026/01/04 00:54:08.176 26169 29702 Info Unity UnityEngine.WorkRequest:Invoke()
2026/01/04 00:54:08.176 26169 29702 Info Unity UnityEngine.UnitySynchronizationContext:Exec()
2026/01/04 00:54:08.177 26169 29702 Warn Unity [PhaseProtocol] PC0 FRAME STALL detected! No frames for 22,0s (frames received: 1)
2026/01/04 00:54:08.177 26169 29702 Warn Unity VRWorkspace.Streaming.<FrameStallMonitorAsync>d__152:MoveNext()
2026/01/04 00:54:08.177 26169 29702 Warn Unity System.Threading.ExecutionContext:RunInternal(ExecutionContext, ContextCallback, Object, Boolean)
2026/01/04 00:54:08.177 26169 29702 Warn Unity System.Runtime.CompilerServices.MoveNextRunner:Run()
2026/01/04 00:54:08.177 26169 29702 Warn Unity UnityEngine.WorkRequest:Invoke()
2026/01/04 00:54:08.177 26169 29702 Warn Unity UnityEngine.UnitySynchronizationContext:Exec()
2026/01/04 00:54:08.177 26169 29702 Info Unity [PhaseProtocol] PC0 triggering reconnect due to frame stall
2026/01/04 00:54:08.177 26169 29702 Info Unity VRWorkspace.Streaming.<FrameStallMonitorAsync>d__152:MoveNext()
2026/01/04 00:54:08.177 26169 29702 Info Unity System.Threading.ExecutionContext:RunInternal(ExecutionContext, ContextCallback, Object, Boolean)
2026/01/04 00:54:08.177 26169 29702 Info Unity System.Runtime.CompilerServices.MoveNextRunner:Run()
2026/01/04 00:54:08.177 26169 29702 Info Unity UnityEngine.WorkRequest:Invoke()
2026/01/04 00:54:08.177 26169 29702 Info Unity UnityEngine.UnitySynchronizationContext:Exec()
2026/01/04 00:54:08.177 26169 29702 Info Unity [PhaseProtocol] PC0 auto-heal: attempt 1/5, waiting 2000ms...
2026/01/04 00:54:08.177 26169 29702 Info Unity VRWorkspace.Streaming.<AutoHealMonitorAsync>d__150:MoveNext()
2026/01/04 00:54:08.177 26169 29702 Info Unity System.Runtime.CompilerServices.AsyncTaskMethodBuilder:Start(TStateMachine&)
2026/01/04 00:54:08.177 26169 29702 Info Unity VRWorkspace.Streaming.PhaseProtocolClient:AutoHealMonitorAsync(Int32)
2026/01/04 00:54:08.177 26169 29702 Info Unity VRWorkspace.Streaming.<FrameStallMonitorAsync>d__152:MoveNext()
2026/01/04 00:54:08.177 26169 29702 Info Unity System.Threading.ExecutionContext:RunInternal(ExecutionContext, ContextCallback, Object, Boolean)
2026/01/04 00:54:08.177 26169 29702 Info Unity System.Runtime.CompilerServices.MoveNextRunner:Run()
2026/01/04 00:54:08.177 26169 29702 Info Unity UnityEngine.WorkRequest:Invoke()
2026/01/04 00:54:08.177 26169 29702 Info Unity UnityEngine.UnitySynchronizationContext:Exec()
2026/01/04 00:54:08.178 26169 29702 Warn Unity [PhaseProtocol] PC1 FRAME STALL detected! No frames for 22,0s (frames received: 1)
2026/01/04 00:54:08.178 26169 29702 Warn Unity VRWorkspace.Streaming.<FrameStallMonitorAsync>d__152:MoveNext()
2026/01/04 00:54:08.178 26169 29702 Warn Unity System.Threading.ExecutionContext:RunInternal(ExecutionContext, ContextCallback, Object, Boolean)
2026/01/04 00:54:08.178 26169 29702 Warn Unity System.Runtime.CompilerServices.MoveNextRunner:Run()
2026/01/04 00:54:08.178 26169 29702 Warn Unity UnityEngine.WorkRequest:Invoke()
2026/01/04 00:54:08.178 26169 29702 Warn Unity UnityEngine.UnitySynchronizationContext:Exec()
2026/01/04 00:54:08.178 26169 29702 Info Unity [PhaseProtocol] PC1 triggering reconnect due to frame stall
2026/01/04 00:54:08.178 26169 29702 Info Unity VRWorkspace.Streaming.<FrameStallMonitorAsync>d__152:MoveNext()
2026/01/04 00:54:08.178 26169 29702 Info Unity System.Threading.ExecutionContext:RunInternal(ExecutionContext, ContextCallback, Object, Boolean)
2026/01/04 00:54:08.178 26169 29702 Info Unity System.Runtime.CompilerServices.MoveNextRunner:Run()
2026/01/04 00:54:08.178 26169 29702 Info Unity UnityEngine.WorkRequest:Invoke()
2026/01/04 00:54:08.178 26169 29702 Info Unity UnityEngine.UnitySynchronizationContext:Exec()
2026/01/04 00:54:08.178 26169 29702 Info Unity [PhaseProtocol] PC1 auto-heal: attempt 1/5, waiting 2000ms...
2026/01/04 00:54:08.178 26169 29702 Info Unity VRWorkspace.Streaming.<AutoHealMonitorAsync>d__150:MoveNext()
2026/01/04 00:54:08.178 26169 29702 Info Unity System.Runtime.CompilerServices.AsyncTaskMethodBuilder:Start(TStateMachine&)
2026/01/04 00:54:08.178 26169 29702 Info Unity VRWorkspace.Streaming.PhaseProtocolClient:AutoHealMonitorAsync(Int32)
2026/01/04 00:54:08.178 26169 29702 Info Unity VRWorkspace.Streaming.<FrameStallMonitorAsync>d__152:MoveNext()
2026/01/04 00:54:08.178 26169 29702 Info Unity System.Threading.ExecutionContext:RunInternal(ExecutionContext, ContextCallback, Object, Boolean)
2026/01/04 00:54:08.178 26169 29702 Info Unity System.Runtime.CompilerServices.MoveNextRunner:Run()
2026/01/04 00:54:08.178 26169 29702 Info Unity UnityEngine.WorkRequest:Invoke()
2026/01/04 00:54:08.178 26169 29702 Info Unity UnityEngine.UnitySynchronizationContext:Exec()
2026/01/04 00:54:08.192 26169 29702 Info Unity [PhaseProtocol] Received: pong...
2026/01/04 00:54:08.192 26169 29702 Info Unity VRWorkspace.Streaming.<HandleTextMessageAsync>d__112:MoveNext()
2026/01/04 00:54:08.192 26169 29702 Info Unity System.Runtime.CompilerServices.AsyncTaskMethodBuilder:Start(TStateMachine&)
2026/01/04 00:54:08.192 26169 29702 Info Unity VRWorkspace.Streaming.PhaseProtocolClient:HandleTextMessageAsync(String)
2026/01/04 00:54:08.192 26169 29702 Info Unity VRWorkspace.Streaming.<ReceiveLoopAsync>d__111:MoveNext()
2026/01/04 00:54:08.192 26169 29702 Info Unity System.Threading.ExecutionContext:RunInternal(ExecutionContext, ContextCallback, Object, Boolean)
2026/01/04 00:54:08.192 26169 29702 Info Unity System.Runtime.CompilerServices.MoveNextRunner:Run()
2026/01/04 00:54:08.192 26169 29702 Info Unity UnityEngine.WorkRequest:Invoke()
2026/01/04 00:54:08.192 26169 29702 Info Unity UnityEngine.UnitySynchronizationContext:Exec()
2026/01/04 00:54:08.493 26169 29702 Info Unity [PhaseProtocol] Received: {"type":"frameTiming","serverTime":1767462846520,"currentFrame":1356,"recentFrames":[{"frameNum":134...
2026/01/04 00:54:08.493 26169 29702 Info Unity VRWorkspace.Streaming.<HandleTextMessageAsync>d__112:MoveNext()
2026/01/04 00:54:08.493 26169 29702 Info Unity System.Runtime.CompilerServices.AsyncTaskMethodBuilder:Start(TStateMachine&)
2026/01/04 00:54:08.493 26169 29702 Info Unity VRWorkspace.Streaming.PhaseProtocolClient:HandleTextMessageAsync(String)
2026/01/04 00:54:08.493 26169 29702 Info Unity VRWorkspace.Streaming.<ReceiveLoopAsync>d__111:MoveNext()
2026/01/04 00:54:08.493 26169 29702 Info Unity System.Threading.ExecutionContext:RunInternal(ExecutionContext, ContextCallback, Object, Boolean)
2026/01/04 00:54:08.493 26169 29702 Info Unity System.Runtime.CompilerServices.MoveNextRunner:Run()
2026/01/04 00:54:08.493 26169 29702 Info Unity UnityEngine.WorkRequest:Invoke()
2026/01/04 00:54:08.493 26169 29702 Info Unity UnityEngine.UnitySynchronizationContext:Exec()
2026/01/04 00:54:08.493 26169 29702 Info Unity [PhaseProtocol] Parsed type='frameTiming' from message len=546
2026/01/04 00:54:08.493 26169 29702 Info Unity VRWorkspace.Streaming.<HandleTextMessageAsync>d__112:MoveNext()
2026/01/04 00:54:08.493 26169 29702 Info Unity System.Runtime.CompilerServices.AsyncTaskMethodBuilder:Start(TStateMachine&)
2026/01/04 00:54:08.493 26169 29702 Info Unity VRWorkspace.Streaming.PhaseProtocolClient:HandleTextMessageAsync(String)
2026/01/04 00:54:08.493 26169 29702 Info Unity VRWorkspace.Streaming.<ReceiveLoopAsync>d__111:MoveNext()
2026/01/04 00:54:08.493 26169 29702 Info Unity System.Threading.ExecutionContext:RunInternal(ExecutionContext, ContextCallback, Object, Boolean)
2026/01/04 00:54:08.493 26169 29702 Info Unity System.Runtime.CompilerServices.MoveNextRunner:Run()
2026/01/04 00:54:08.493 26169 29702 Info Unity UnityEngine.WorkRequest:Invoke()
2026/01/04 00:54:08.493 26169 29702 Info Unity UnityEngine.UnitySynchronizationContext:Exec()
2026/01/04 00:54:08.609 26169 29702 Info Unity [PhaseProtocol] PollTextures PC0: track=valid, tex=1920x1080, cached=set, frames=1, lastFrame=22446ms ago
2026/01/04 00:54:08.609 26169 29702 Info Unity VRWorkspace.Streaming.PhaseProtocolClient:PollTextures()
2026/01/04 00:54:08.609 26169 29702 Info Unity RTTRemoteMenuController:Update()
2026/01/04 00:54:09.509 26169 29702 Info Unity [PhaseProtocol] Received: {"type":"frameTiming","serverTime":1767462847540,"currentFrame":1417,"recentFrames":[{"frameNum":140...
2026/01/04 00:54:09.509 26169 29702 Info Unity VRWorkspace.Streaming.<HandleTextMessageAsync>d__112:MoveNext()
2026/01/04 00:54:09.509 26169 29702 Info Unity System.Runtime.CompilerServices.AsyncTaskMethodBuilder:Start(TStateMachine&)
2026/01/04 00:54:09.509 26169 29702 Info Unity VRWorkspace.Streaming.PhaseProtocolClient:HandleTextMessageAsync(String)
2026/01/04 00:54:09.509 26169 29702 Info Unity VRWorkspace.Streaming.<ReceiveLoopAsync>d__111:MoveNext()
2026/01/04 00:54:09.509 26169 29702 Info Unity System.Threading.ExecutionContext:RunInternal(ExecutionContext, ContextCallback, Object, Boolean)
2026/01/04 00:54:09.509 26169 29702 Info Unity System.Runtime.CompilerServices.MoveNextRunner:Run()
2026/01/04 00:54:09.509 26169 29702 Info Unity UnityEngine.WorkRequest:Invoke()
2026/01/04 00:54:09.509 26169 29702 Info Unity UnityEngine.UnitySynchronizationContext:Exec()
2026/01/04 00:54:09.510 26169 29702 Info Unity [PhaseProtocol] Parsed type='frameTiming' from message len=546
2026/01/04 00:54:09.510 26169 29702 Info Unity VRWorkspace.Streaming.<HandleTextMessageAsync>d__112:MoveNext()
2026/01/04 00:54:09.510 26169 29702 Info Unity System.Runtime.CompilerServices.AsyncTaskMethodBuilder:Start(TStateMachine&)
2026/01/04 00:54:09.510 26169 29702 Info Unity VRWorkspace.Streaming.PhaseProtocolClient:HandleTextMessageAsync(String)
2026/01/04 00:54:09.510 26169 29702 Info Unity VRWorkspace.Streaming.<ReceiveLoopAsync>d__111:MoveNext()
2026/01/04 00:54:09.510 26169 29702 Info Unity System.Threading.ExecutionContext:RunInternal(ExecutionContext, ContextCallback, Object, Boolean)
2026/01/04 00:54:09.510 26169 29702 Info Unity System.Runtime.CompilerServices.MoveNextRunner:Run()
2026/01/04 00:54:09.510 26169 29702 Info Unity UnityEngine.WorkRequest:Invoke()
2026/01/04 00:54:09.510 26169 29702 Info Unity UnityEngine.UnitySynchronizationContext:Exec()
2026/01/04 00:54:09.610 26169 29702 Info Unity [PhaseProtocol] PollTextures PC0: track=valid, tex=1920x1080, cached=set, frames=1, lastFrame=23447ms ago
2026/01/04 00:54:09.610 26169 29702 Info Unity VRWorkspace.Streaming.PhaseProtocolClient:PollTextures()
2026/01/04 00:54:09.610 26169 29702 Info Unity RTTRemoteMenuController:Update()
2026/01/04 00:54:10.180 26169 29702 Info Unity [PhaseProtocol] PC0 auto-heal: already recovered, skip reconnect
2026/01/04 00:54:10.180 26169 29702 Info Unity VRWorkspace.Streaming.<AutoHealMonitorAsync>d__150:MoveNext()
2026/01/04 00:54:10.180 26169 29702 Info Unity System.Threading.ExecutionContext:RunInternal(ExecutionContext, ContextCallback, Object, Boolean)
2026/01/04 00:54:10.180 26169 29702 Info Unity System.Runtime.CompilerServices.MoveNextRunner:Run()
2026/01/04 00:54:10.180 26169 29702 Info Unity UnityEngine.WorkRequest:Invoke()
2026/01/04 00:54:10.180 26169 29702 Info Unity UnityEngine.UnitySynchronizationContext:Exec()
2026/01/04 00:54:10.181 26169 29702 Info Unity [PhaseProtocol] PC1 auto-heal: already recovered, skip reconnect
2026/01/04 00:54:10.181 26169 29702 Info Unity VRWorkspace.Streaming.<AutoHealMonitorAsync>d__150:MoveNext()
2026/01/04 00:54:10.181 26169 29702 Info Unity System.Threading.ExecutionContext:RunInternal(ExecutionContext, ContextCallback, Object, Boolean)
2026/01/04 00:54:10.181 26169 29702 Info Unity System.Runtime.CompilerServices.MoveNextRunner:Run()
2026/01/04 00:54:10.181 26169 29702 Info Unity UnityEngine.WorkRequest:Invoke()
2026/01/04 00:54:10.181 26169 29702 Info Unity UnityEngine.UnitySynchronizationContext:Exec()
2026/01/04 00:54:10.181 26169 29702 Warn Unity [PhaseProtocol] PC0 FRAME STALL detected! No frames for 24,0s (frames received: 1)
2026/01/04 00:54:10.181 26169 29702 Warn Unity VRWorkspace.Streaming.<FrameStallMonitorAsync>d__152:MoveNext()
2026/01/04 00:54:10.181 26169 29702 Warn Unity System.Threading.ExecutionContext:RunInternal(ExecutionContext, ContextCallback, Object, Boolean)
2026/01/04 00:54:10.181 26169 29702 Warn Unity System.Runtime.CompilerServices.MoveNextRunner:Run()
2026/01/04 00:54:10.181 26169 29702 Warn Unity UnityEngine.WorkRequest:Invoke()
2026/01/04 00:54:10.181 26169 29702 Warn Unity UnityEngine.UnitySynchronizationContext:Exec()
2026/01/04 00:54:10.182 26169 29702 Info Unity [PhaseProtocol] PC0 triggering reconnect due to frame stall
2026/01/04 00:54:10.182 26169 29702 Info Unity VRWorkspace.Streaming.<FrameStallMonitorAsync>d__152:MoveNext()
2026/01/04 00:54:10.182 26169 29702 Info Unity System.Threading.ExecutionContext:RunInternal(ExecutionContext, ContextCallback, Object, Boolean)
2026/01/04 00:54:10.182 26169 29702 Info Unity System.Runtime.CompilerServices.MoveNextRunner:Run()
2026/01/04 00:54:10.182 26169 29702 Info Unity UnityEngine.WorkRequest:Invoke()
2026/01/04 00:54:10.182 26169 29702 Info Unity UnityEngine.UnitySynchronizationContext:Exec()
2026/01/04 00:54:10.182 26169 29702 Info Unity [PhaseProtocol] PC0 auto-heal: attempt 1/5, waiting 2000ms...
2026/01/04 00:54:10.182 26169 29702 Info Unity VRWorkspace.Streaming.<AutoHealMonitorAsync>d__150:MoveNext()
2026/01/04 00:54:10.182 26169 29702 Info Unity System.Runtime.CompilerServices.AsyncTaskMethodBuilder:Start(TStateMachine&)
2026/01/04 00:54:10.182 26169 29702 Info Unity VRWorkspace.Streaming.PhaseProtocolClient:AutoHealMonitorAsync(Int32)
2026/01/04 00:54:10.182 26169 29702 Info Unity VRWorkspace.Streaming.<FrameStallMonitorAsync>d__152:MoveNext()
2026/01/04 00:54:10.182 26169 29702 Info Unity System.Threading.ExecutionContext:RunInternal(ExecutionContext, ContextCallback, Object, Boolean)
2026/01/04 00:54:10.182 26169 29702 Info Unity System.Runtime.CompilerServices.MoveNextRunner:Run()
2026/01/04 00:54:10.182 26169 29702 Info Unity UnityEngine.WorkRequest:Invoke()
2026/01/04 00:54:10.182 26169 29702 Info Unity UnityEngine.UnitySynchronizationContext:Exec()
2026/01/04 00:54:10.182 26169 29702 Warn Unity [PhaseProtocol] PC1 FRAME STALL detected! No frames for 24,0s (frames received: 1)
2026/01/04 00:54:10.182 26169 29702 Warn Unity VRWorkspace.Streaming.<FrameStallMonitorAsync>d__152:MoveNext()
2026/01/04 00:54:10.182 26169 29702 Warn Unity System.Threading.ExecutionContext:RunInternal(ExecutionContext, ContextCallback, Object, Boolean)
2026/01/04 00:54:10.182 26169 29702 Warn Unity System.Runtime.CompilerServices.MoveNextRunner:Run()
2026/01/04 00:54:10.182 26169 29702 Warn Unity UnityEngine.WorkRequest:Invoke()
2026/01/04 00:54:10.182 26169 29702 Warn Unity UnityEngine.UnitySynchronizationContext:Exec()
2026/01/04 00:54:10.183 26169 29702 Info Unity [PhaseProtocol] PC1 triggering reconnect due to frame stall
2026/01/04 00:54:10.183 26169 29702 Info Unity VRWorkspace.Streaming.<FrameStallMonitorAsync>d__152:MoveNext()
2026/01/04 00:54:10.183 26169 29702 Info Unity System.Threading.ExecutionContext:RunInternal(ExecutionContext, ContextCallback, Object, Boolean)
2026/01/04 00:54:10.183 26169 29702 Info Unity System.Runtime.CompilerServices.MoveNextRunner:Run()
2026/01/04 00:54:10.183 26169 29702 Info Unity UnityEngine.WorkRequest:Invoke()
2026/01/04 00:54:10.183 26169 29702 Info Unity UnityEngine.UnitySynchronizationContext:Exec()
2026/01/04 00:54:10.183 26169 29702 Info Unity [PhaseProtocol] PC1 auto-heal: attempt 1/5, waiting 2000ms...
2026/01/04 00:54:10.183 26169 29702 Info Unity VRWorkspace.Streaming.<AutoHealMonitorAsync>d__150:MoveNext()
2026/01/04 00:54:10.183 26169 29702 Info Unity System.Runtime.CompilerServices.AsyncTaskMethodBuilder:Start(TStateMachine&)
2026/01/04 00:54:10.183 26169 29702 Info Unity VRWorkspace.Streaming.PhaseProtocolClient:AutoHealMonitorAsync(Int32)
2026/01/04 00:54:10.183 26169 29702 Info Unity VRWorkspace.Streaming.<FrameStallMonitorAsync>d__152:MoveNext()
2026/01/04 00:54:10.183 26169 29702 Info Unity System.Threading.ExecutionContext:RunInternal(ExecutionContext, ContextCallback, Object, Boolean)
2026/01/04 00:54:10.183 26169 29702 Info Unity System.Runtime.CompilerServices.MoveNextRunner:Run()
2026/01/04 00:54:10.183 26169 29702 Info Unity UnityEngine.WorkRequest:Invoke()
2026/01/04 00:54:10.183 26169 29702 Info Unity UnityEngine.UnitySynchronizationContext:Exec()
2026/01/04 00:54:10.533 26169 29702 Info Unity [PhaseProtocol] Received: {"type":"frameTiming","serverTime":1767462848558,"currentFrame":1477,"recentFrames":[{"frameNum":146...
2026/01/04 00:54:10.533 26169 29702 Info Unity VRWorkspace.Streaming.<HandleTextMessageAsync>d__112:MoveNext()
2026/01/04 00:54:10.533 26169 29702 Info Unity System.Runtime.CompilerServices.AsyncTaskMethodBuilder:Start(TStateMachine&)
2026/01/04 00:54:10.533 26169 29702 Info Unity VRWorkspace.Streaming.PhaseProtocolClient:HandleTextMessageAsync(String)
2026/01/04 00:54:10.533 26169 29702 Info Unity VRWorkspace.Streaming.<ReceiveLoopAsync>d__111:MoveNext()
2026/01/04 00:54:10.533 26169 29702 Info Unity System.Threading.ExecutionContext:RunInternal(ExecutionContext, ContextCallback, Object, Boolean)
2026/01/04 00:54:10.533 26169 29702 Info Unity System.Runtime.CompilerServices.MoveNextRunner:Run()
2026/01/04 00:54:10.533 26169 29702 Info Unity UnityEngine.WorkRequest:Invoke()
2026/01/04 00:54:10.533 26169 29702 Info Unity UnityEngine.UnitySynchronizationContext:Exec()
2026/01/04 00:54:10.533 26169 29702 Info Unity [PhaseProtocol] Parsed type='frameTiming' from message len=546
2026/01/04 00:54:10.533 26169 29702 Info Unity VRWorkspace.Streaming.<HandleTextMessageAsync>d__112:MoveNext()
2026/01/04 00:54:10.533 26169 29702 Info Unity System.Runtime.CompilerServices.AsyncTaskMethodBuilder:Start(TStateMachine&)
2026/01/04 00:54:10.533 26169 29702 Info Unity VRWorkspace.Streaming.PhaseProtocolClient:HandleTextMessageAsync(String)
2026/01/04 00:54:10.533 26169 29702 Info Unity VRWorkspace.Streaming.<ReceiveLoopAsync>d__111:MoveNext()
2026/01/04 00:54:10.533 26169 29702 Info Unity System.Threading.ExecutionContext:RunInternal(ExecutionContext, ContextCallback, Object, Boolean)
2026/01/04 00:54:10.533 26169 29702 Info Unity System.Runtime.CompilerServices.MoveNextRunner:Run()
2026/01/04 00:54:10.533 26169 29702 Info Unity UnityEngine.WorkRequest:Invoke()
2026/01/04 00:54:10.533 26169 29702 Info Unity UnityEngine.UnitySynchronizationContext:Exec()
2026/01/04 00:54:10.633 26169 29702 Info Unity [PhaseProtocol] PollTextures PC0: track=valid, tex=1920x1080, cached=set, frames=1, lastFrame=24470ms ago
2026/01/04 00:54:10.633 26169 29702 Info Unity VRWorkspace.Streaming.PhaseProtocolClient:PollTextures()
2026/01/04 00:54:10.633 26169 29702 Info Unity RTTRemoteMenuController:Update()
2026/01/04 00:54:11.049 26169 29702 Info Unity [PhaseProtocol] Received: ping...
2026/01/04 00:54:11.049 26169 29702 Info Unity VRWorkspace.Streaming.<HandleTextMessageAsync>d__112:MoveNext()
2026/01/04 00:54:11.049 26169 29702 Info Unity System.Runtime.CompilerServices.AsyncTaskMethodBuilder:Start(TStateMachine&)
2026/01/04 00:54:11.049 26169 29702 Info Unity VRWorkspace.Streaming.PhaseProtocolClient:HandleTextMessageAsync(String)
2026/01/04 00:54:11.049 26169 29702 Info Unity VRWorkspace.Streaming.<ReceiveLoopAsync>d__111:MoveNext()
2026/01/04 00:54:11.049 26169 29702 Info Unity System.Threading.ExecutionContext:RunInternal(ExecutionContext, ContextCallback, Object, Boolean)
2026/01/04 00:54:11.049 26169 29702 Info Unity System.Runtime.CompilerServices.MoveNextRunner:Run()
2026/01/04 00:54:11.049 26169 29702 Info Unity UnityEngine.WorkRequest:Invoke()
2026/01/04 00:54:11.049 26169 29702 Info Unity UnityEngine.UnitySynchronizationContext:Exec()
2026/01/04 00:54:11.064 26169 29702 Info Unity [XR] [CardboardXrInputProvider]: Lifecycle stopped
2026/01/04 00:54:11.092 26169 29702 Info Unity [AndroidHelper] App paused - keeping locks active
