=== RemotePlayServer ===
[System] Running as Administrator: YES
[System] Process: C:\Users\super\OneDrive\Documents\VRWorkspaceProjects\RemotePlayServer\bin\release\net9.0-windows10.0.26100.0\RemotePlayServer.exe
[System] Local IP: 192.168.1.7

=== Dependency Check ===
[Dependencies] FFmpeg binaries found.
[Dependencies] ADB found on system.
[Dependencies] All dependencies ready.
[Encoder] AMD AMF (Hardware)
[Firewall] Rule 'RemotePlayServer' exists ✓
[Firewall] Rule 'RemotePlayServer-Discovery' exists ✓
[TextScale] Registry DPI for \\.\DISPLAY2: 120
[Guard] Saved original text scale for \\.\DISPLAY2: 125%
[TextScale] Actual DPI for \\.\DISPLAY1: 96
[Guard] Saved original text scale for \\.\DISPLAY1: 100%
[Guard] DPI snapshot: Source 0 = 100% (logPixels=96)
[Guard] DPI snapshot: Source 1 = 100% (logPixels=96)
[Guard] Saved DPI snapshot for 2 active monitors (via API)
[Guard] Snapshot captured.
[System] Startup recovery task registered.
=== Monitors ===
  \\.\DISPLAY2: 1920x1080 [Physical]
  \\.\DISPLAY1: 1920x1080 [Physical]
[ADB] Found adb at: C:\Users\super\AppData\Local\Android\Sdk\platform-tools\adb.exe
[ADB] Device connected: 10CF7M17UM003GH device
[ADB] Reverse port forwarding active: Android localhost:8288 → PC localhost:8288
[USB] ADB reverse ACTIVE: localhost:8288 via USB cable
[HTTP] http://+:8288/
[HTTP] Server: 192.168.1.7:8288
[Codec] Preferred codec: H264
[SIPSorcery] Pre-warming DTLS crypto...
[SIPSorcery] DTLS pre-warm done in 2629ms

=== QRCode (Scan to connect) ===
Data: {"ip":"192.168.1.7","port":"8288"}
█████████████████████████████████████
█████████████████████████████████████
████ ▄▄▄▄▄ █ ██▀▀ █▀▀▀▄█▀█ ▄▄▄▄▄ ████
████ █   █ █   ▄▄ █▀ ▀ ███ █   █ ████
████ █▄▄▄█ ██ █▀▀▄▄ █▀▄▄▀█ █▄▄▄█ ████
████▄▄▄▄▄▄▄█▄█ ▀▄█ █▄█ ▀▄█▄▄▄▄▄▄▄████
████▄▀  ▄█▄█▄▄  ▀█▀█▄ ▀██ ██▀ ▄  ████
████▄ ▄▄▀ ▄▄ ▄ ▄▄▀ ▀██▄ ███▀ ▀█▄▀████
████  █▄▄▀▄▄   █▄▄▀█▄█▀▀▀██ █▀▄ █████
████ ██ ▄▀▄▀▀ ██▄ █▄▄  ▄ █▄▄█▀▄██████
████▀▄▄▀  ▄  █ █   ██ ▀▀▀██▄ █▄█▄████
████ ▄ █ ▀▄▀ ▀▄▀ ▀▀ █▄▄▀▀ ▀▀▄▄█▄█████
████▄▄█▄██▄▄▀█ ▄▀ █▀▄█▄█ ▄▄▄ █   ████
████ ▄▄▄▄▄ ██▄██▀ █▀▀█▄  █▄█ ██▀▀████
████ █   █ █ ▄█▀██ █ ▀██ ▄▄  ▄█▄ ████
████ █▄▄▄█ █▄█ ▀ ▄ ▀█▄  ▄█▀█ ▄█▀▀████
████▄▄▄▄▄▄▄█▄▄█▄▄▄▄▄███▄█▄███▄▄██████
█████████████████████████████████████
▀▀▀▀▀▀▀▀▀▀▀▀▀▀▀▀▀▀▀▀▀▀▀▀▀▀▀▀▀▀▀▀▀▀▀▀▀

=== Connection Options ===
  [USB]  ADB reverse active — client connects via localhost:8288
  [LAN]  Auto-discovery active (UDP broadcast on port 8289)
  [WiFi] 192.168.1.7:8288 (Scan QR code above)

Server is running. Press ENTER to exit.
[Discovery] Probe listener started on UDP port 8289
[Discovery] Broadcasting on UDP port 8289 every 2s
[Discovery] Probe received from 192.168.1.12:58981 — replying with beacon
[Discovery] Probe received from 192.168.1.12:58981 — replying with beacon
[Discovery] Probe received from 192.168.1.12:56192 — replying with beacon
[Discovery] Probe received from 192.168.1.12:56192 — replying with beacon
[Discovery] Probe received from 192.168.1.12:56192 — replying with beacon
[Discovery] Probe received from 192.168.1.12:56192 — replying with beacon
[Discovery] Probe received from 192.168.1.12:56192 — replying with beacon
[Discovery] Probe received from 192.168.1.12:56192 — replying with beacon
[Signal] Client connected e4daca5e-6ea1-4b10-acc7-1ba68e011040, protocol=v2, transport=LAN
[Protocol] Client e4daca5e-6ea1-4b10-acc7-1ba68e011040 connected from 192.168.1.12 (v2 protocol, transport=WiFi)
[Protocol] Phase changed to: Phase1_HardwareDetect
[Protocol] Phase 1: Gathering hardware info...
[HardwareInfo] DXGI VRAM: 8546504704 bytes = 8150 MB
[GpuVendorDetector] Detected AMD GPU: AMD Radeon RX 7600
[HardwareInfo] DXGI VRAM: 8546504704 bytes = 8150 MB
[HardwareInfo] SetDllDirectory: C:\Users\super\OneDrive\Documents\VRWorkspaceProjects\RemotePlayServer\bin\release\net9.0-windows10.0.26100.0\bin
[HardwareInfo] FFmpeg.RootPath: C:\Users\super\OneDrive\Documents\VRWorkspaceProjects\RemotePlayServer\bin\release\net9.0-windows10.0.26100.0\bin
[HardwareInfo] Added to PATH: C:\Users\super\OneDrive\Documents\VRWorkspaceProjects\RemotePlayServer\bin\release\net9.0-windows10.0.26100.0\bin
[HardwareInfo] HEVC encoder 'hevc_amf': available
[HardwareInfo] Encoder: AMF, HwAccel: True, HEVC: True, Codecs: [H264, H265]
[Protocol] Monitor 0 (\\.\DISPLAY2): rect=(0,0) 1920x1080
[Protocol] Monitor 1 (\\.\DISPLAY1): rect=(1920,0) 1920x1080
[Protocol] Refreshed 2 monitor rects for cursor tracking (from 2 DXGI outputs)
[Protocol] Sent hardware info to client
[Protocol] Waiting for hardware_info_ack...
[Protocol] WaitForHardwareAck received: len=235, text={"type":"hardware_info_ack","clientCodecs":{"supportedCodecs":["H264","H265","VP9","VP8"],"preferred...
[Protocol] WaitForHardwareAck msgType=hardware_info_ack
[Protocol] Client codec capabilities: HEVC=True, preferred=H265, device=vivo V2352GA
[Protocol] Client screen resolution: 2800x1260
[Protocol] Encoder libvpx-vp9: available
[Protocol] Encoder libvpx: available
[Protocol] Server supported codecs: [H264, H265, VP9, VP8]
[Protocol] Client supported codecs: [H264, H265, VP9, VP8]
[Protocol] Preferred codec (config): H264
[Protocol] Codec negotiation: using preferred H264
[Protocol] Client perTrackPc: True
[Protocol] Received hardware_info_ack
[Protocol] Phase changed to: Phase1_SpeedTest
[Protocol] Phase 1: Waiting for client speed test result...
[Protocol] WaitForSpeedTest received: type=speedtest_request, len=69
[Protocol] Processing speedtest_request...
[Protocol] Handling speedtest_request: direction=download, duration=2000ms
[Protocol] Download test complete: sent 36MB in 2241ms = 134.8 Mbps
[Protocol] speedtest_request handled, continuing to wait...
[Protocol] WaitForSpeedTest received: type=speedtest_result, len=81
[Protocol] Processing speedtest_result...
[Protocol] speedtest_result parsed: 261.3Mbps, 16.2ms
[Protocol] ✓ Received speedtest_result from client: 261.3Mbps, 16.2ms ping
[Protocol] Calculating suggested config...
[Protocol] Sending suggested_config: 3x1920x1080@60fps, bitrate=15000kbps, codec=H264, transport=WiFi
[Protocol] ✓ suggested_config sent successfully
[Protocol] Phase changed to: Phase1_WaitingProceed
[Protocol] Phase 1: Waiting for client proceed...
[Protocol] WaitForProceed received: ping:1773490313877...
[Protocol] WaitForProceed received: ping:1773490315906...
[Protocol] WaitForProceed received: {"type":"proceed","phase":2}...
[Protocol] Received proceed message, phase=2, expected=2
[Protocol] Phase 1 complete, proceeding to Phase 2
[Protocol] Phase changed to: Phase2_ApplyConfig
[Protocol] Phase 2: Waiting for display config...
[Protocol] WaitForDisplayConfig received: {"type":"display_config","monitors":2,"resolution":{"w":1280,"h":720},"refreshRate":60,"bitrateKbps"...
[Protocol] Received display config: 2x1280x720@60fps
[Protocol] Applying new display config: 2 monitors @ 60fps (keeping native resolution)
[VDD] Physical monitor: \\.\DISPLAY2 (1920x1080@60Hz)
[VDD] Physical monitor: \\.\DISPLAY1 (1920x1080@60Hz)
[Protocol] Physical monitors (2) >= requested (2), using physical monitors
[Display] Setting up multi-monitor system...
[Display] Physical: 2, Virtual: 0
[Display] Ensuring \\.\DISPLAY2 is PRIMARY (original)
[Display] \\.\DISPLAY2 set as primary at (0,0) 1920x1080@60Hz
[Display] Multi-monitor system configured:
[Display]   \\.\DISPLAY2 1920x1080 at (0,0) [PHYSICAL] [PRIMARY]
[Display]   \\.\DISPLAY1 1920x1080 at (1920,0) [PHYSICAL]
[Display] Setting Windows Scale and Layout to 125%...
[DpiScaling] Setting 125% for 2 monitor(s)...
[DpiScaling] Monitor 0: current=100%, recommended=100%, max=175%
[DpiScaling] ✓ Set DPI to 125%
[DpiScaling] Monitor 1: current=100%, recommended=100%, max=175%
[DpiScaling] ✓ Set DPI to 125%
[Display] Scale and Layout set to 125%
[Guard] Watchdog spawned (PID=39608), monitoring server PID=38312
[Protocol] All monitors by X: \\.\DISPLAY2(P,x=0,PRI), \\.\DISPLAY1(P,x=1920)
[Protocol] Selected (all physical by X): \\.\DISPLAY2, \\.\DISPLAY1
[Protocol] Monitor 0 (\\.\DISPLAY2): rect=(0,0) 1920x1080
[Protocol] Monitor 1 (\\.\DISPLAY1): rect=(1920,0) 1920x1080
[Protocol] Refreshed 2 monitor rects for cursor tracking (from 2 DXGI outputs)
[Protocol] Available monitors: 2, using: 2
[PerMonitorCapture] Initializing 2 monitors @ 60fps (PARALLEL MODE - separate D3D11 devices)
[PerMonitorCapture] Monitor 0: Created D3D11 device (adapter=AMD Radeon RX 7600)
[PerMonitorCapture] Monitor 0: \\.\DISPLAY2 1920x1080 - duplication ready
[PerMonitorCapture] Monitor 1: Created D3D11 device (adapter=AMD Radeon RX 7600)
[PerMonitorCapture] Monitor 1: \\.\DISPLAY1 1920x1080 - duplication ready
[PerMonitorCapture] Initialized 2 monitors with SEPARATE D3D11 devices
[Protocol] Creating SIPSorceryStreamer with codec=H264, resolution=720p
[AdaptiveBitrate] Initialized: target=5600kbps, range=[3000-7000]kbps, warmup=15000ms
[SIPSorcery] Created: 2 monitors, 60fps, 720p, codec=H264
[TextureResizer] Initialized for 2 monitors, targetHeight=720p
[Protocol] Created TextureResizer for 2 monitors (targetHeight: 720p, type: standard)
[SIPSorcery] Stored pending device for monitor 0
[Protocol] Monitor 0: Using dedicated D3D11 device
[SIPSorcery] Stored pending device for monitor 1
[Protocol] Monitor 1: Using dedicated D3D11 device
[Protocol] Sent config_complete, ready for ICE exchange
[Protocol] Phase changed to: Phase2_IceExchange
[Protocol] Starting ICE exchange...
[Protocol] ICE RX: ping:1773490317931...
[Protocol] ICE legacy format message
[Protocol] ICE RX: {"type":"candidate","monitorIndex":0,"candidate":"301448726 1 udp 2122194687 192...
[Protocol] ICE message type: candidate
[Protocol] ICE RX: {"type":"candidate","monitorIndex":0,"candidate":"1763176435 1 udp 2122129151 28...
[Protocol] ICE message type: candidate
[Protocol] ICE RX: {"type":"candidate","monitorIndex":0,"candidate":"4176271329 1 udp 2122262783 24...
[Protocol] ICE message type: candidate
[Protocol] ICE RX: {"type":"candidate","monitorIndex":0,"candidate":"301448726 1 udp 2122194687 192...
[Protocol] ICE message type: candidate
[Protocol] ICE RX: {"type":"candidate","monitorIndex":0,"candidate":"1763176435 1 udp 2122129151 28...
[Protocol] ICE message type: candidate
[Protocol] ICE RX: {"type":"candidate","monitorIndex":0,"candidate":"4176271329 1 udp 2122262783 24...
[Protocol] ICE message type: candidate
[Protocol] ICE RX: {"type":"candidate","monitorIndex":0,"candidate":"301448726 1 udp 2122194687 192...
[Protocol] ICE message type: candidate
[Protocol] ICE RX: {"type":"candidate","monitorIndex":0,"candidate":"1763176435 1 udp 2122129151 28...
[Protocol] ICE message type: candidate
[Protocol] ICE RX: {"type":"candidate","monitorIndex":0,"candidate":"4176271329 1 udp 2122262783 24...
[Protocol] ICE message type: candidate
[Protocol] ICE RX: {"type":"candidate","monitorIndex":0,"candidate":"301448726 1 udp 2122194687 192...
[Protocol] ICE message type: candidate
[Protocol] ICE RX: {"type":"candidate","monitorIndex":0,"candidate":"1763176435 1 udp 2122129151 28...
[Protocol] ICE message type: candidate
[Protocol] ICE RX: {"type":"candidate","monitorIndex":0,"candidate":"4176271329 1 udp 2122262783 24...
[Protocol] ICE message type: candidate
[Protocol] ICE RX: {"type":"offer","monitorIndex":0,"sdp":"v=0\r\no=- 222083560441238604 2 IN IP4 1...
[Protocol] ICE message type: offer
[SIPSorcery] Sync state reset, Phase 3 pending activation
[Protocol] Received single offer for all monitors
[Protocol] Cleared answer state, preserved 12 pending ICE candidates
[Protocol] Monitor 0 native=1920x1080 -> encoder=1280x720
[Protocol] Monitor 1 native=1920x1080 -> encoder=1280x720
[Protocol] Parsed H264 PT from offer: 124
[Protocol] H264 codec: disabling perTrackPc (SIPSorcery H264 m-line conflict)
[SIPSorcery] Connection closed
[SIPSorcery] Sync state reset, Phase 3 pending activation
[SIPSorcery] Offer H264 pt=124, fmtp=implementation_name=MediaCodec;level-asymmetry-allowed=1;packetization-mode=1;profile-level-id=42e01f, perTrackPc=False
[SIPSorcery] Client SDP: a=fingerprint:sha-256 53:D2:65:3C:91:8A:DF:A7:B9:D7:D7:B9:2B:D7:EF:FA:89:B8:11:79:EA:54:E1:29:5C:90:C7:A6:7A:C9:39:65
[SIPSorcery] Client SDP: a=setup:actpass
[SIPSorcery] Client SDP: a=fingerprint:sha-256 53:D2:65:3C:91:8A:DF:A7:B9:D7:D7:B9:2B:D7:EF:FA:89:B8:11:79:EA:54:E1:29:5C:90:C7:A6:7A:C9:39:65
[SIPSorcery] Client SDP: a=setup:actpass
[SIPSorcery] Client SDP: a=fingerprint:sha-256 53:D2:65:3C:91:8A:DF:A7:B9:D7:D7:B9:2B:D7:EF:FA:89:B8:11:79:EA:54:E1:29:5C:90:C7:A6:7A:C9:39:65
[SIPSorcery] Client SDP: a=setup:actpass
[SIPSorcery] Client SDP: a=fingerprint:sha-256 53:D2:65:3C:91:8A:DF:A7:B9:D7:D7:B9:2B:D7:EF:FA:89:B8:11:79:EA:54:E1:29:5C:90:C7:A6:7A:C9:39:65
[SIPSorcery] Client SDP: a=setup:actpass
[SIPSorcery] Main PC: PeerConnection created (with STUN/TURN)
[SIPSorcery] Main PC: Added video track 0: 1280x720 (device=8387A103), SSRC=435955537
[SIPSorcery] Main PC: Added video track 1: 1280x720 (device=82ED39E3), SSRC=941743855
[SIPSorcery] Main PC: Added SendOnly Opus audio track (RTP transport)
[SIPSorcery] Main PC: Waiting for audio/cursor/h265video DataChannels (per-track or legacy)
[SIPSorcery] Main PC: Local ICE: 2566415119 1 udp 2113940223 2402:800:610d:eab:540f...
[SIPSorcery] Main PC: Local ICE: 1568937684 1 udp 2113940223 2402:800:610d:eab:85e:...
[SIPSorcery] Main PC: Local ICE: 2361428796 1 udp 2113937663 192.168.1.7 64800 typ ...
[SIPSorcery] Main PC: ICE state: checking
[SIPSorcery] Main PC: Signaling state: have_remote_offer
[SIPSorcery] Main PC: After setRemoteDescription: signalingState=have_remote_offer
[SIPSorcery] Main PC: After createAnswer: signalingState=have_remote_offer, answer.type=answer
[SIPSorcery] Main PC SDP: a=fingerprint:sha-256 97:B1:20:2A:51:AD:6F:AF:55:DD:C5:C6:03:F3:3E:A8:48:81:8C:CF:04:DF:73:F2:05:30:95:D3:FB:CE:D3:65
[SIPSorcery] Main PC SDP: a=setup:active
[SIPSorcery] Main PC SDP: a=fingerprint:sha-256 97:B1:20:2A:51:AD:6F:AF:55:DD:C5:C6:03:F3:3E:A8:48:81:8C:CF:04:DF:73:F2:05:30:95:D3:FB:CE:D3:65
[SIPSorcery] Main PC SDP: a=setup:active
[SIPSorcery] Main PC SDP: a=fingerprint:sha-256 97:B1:20:2A:51:AD:6F:AF:55:DD:C5:C6:03:F3:3E:A8:48:81:8C:CF:04:DF:73:F2:05:30:95:D3:FB:CE:D3:65
[SIPSorcery] Main PC SDP: a=setup:active
[SIPSorcery] Main PC SDP: a=fingerprint:sha-256 97:B1:20:2A:51:AD:6F:AF:55:DD:C5:C6:03:F3:3E:A8:48:81:8C:CF:04:DF:73:F2:05:30:95:D3:FB:CE:D3:65
[SIPSorcery] Main PC SDP: a=setup:active
[SIPSorcery] Main PC: Answer ready, 2123 bytes
[Protocol] SDP filtered m=video: m=video 9 UDP/TLS/RTP/SAVPF 124 (H264 PT=124)
[Protocol] SDP kept: a=rtpmap:124 H264/90000
[Protocol] SDP kept: a=fmtp:124 implementation_name=MediaCodec;level-asymmetry-allowed=1;packetization-mode=1;profile-level-id=420428
[Protocol] SDP filtered m=video: m=video 9 UDP/TLS/RTP/SAVPF 124 (H264 PT=124)
[Protocol] SDP kept: a=rtpmap:124 H264/90000
[Protocol] SDP kept: a=fmtp:124 implementation_name=MediaCodec;level-asymmetry-allowed=1;packetization-mode=1;profile-level-id=420428
[Protocol] Filtered SDP from 2123 to 2123 bytes
[Protocol] Extracted 1 embedded ICE candidates from answer
[Protocol] Answer JSON: {"type":"answer","monitorIndex":0,"sdp":"v=0\r\no=- 82899 0 IN IP4 127.0.0.1\r\ns=sipsorcery\r\nt=0 0\r\na=group:BUNDLE 0 1 2 3\r\nm=video 9 UDP/TLS/R...
[Protocol] Sent single answer, len=2205 bytes
[SIPSorcery] Main PC: Added remote ICE: candidate:301448726 1 udp 2122194687 192.168.1.12 ...
[SIPSorcery] Main PC: Added remote ICE: candidate:1763176435 1 udp 2122129151 28.118.72.20...
[SIPSorcery] Main PC: Added remote ICE: candidate:4176271329 1 udp 2122262783 2402:800:610...
[SIPSorcery] Main PC: Added remote ICE: candidate:301448726 1 udp 2122194687 192.168.1.12 ...
[SIPSorcery] Main PC: Added remote ICE: candidate:1763176435 1 udp 2122129151 28.118.72.20...
[SIPSorcery] Main PC: Added remote ICE: candidate:4176271329 1 udp 2122262783 2402:800:610...
[SIPSorcery] Main PC: Added remote ICE: candidate:301448726 1 udp 2122194687 192.168.1.12 ...
[SIPSorcery] Main PC: Added remote ICE: candidate:1763176435 1 udp 2122129151 28.118.72.20...
[SIPSorcery] Main PC: Added remote ICE: candidate:4176271329 1 udp 2122262783 2402:800:610...
[SIPSorcery] Main PC: Added remote ICE: candidate:301448726 1 udp 2122194687 192.168.1.12 ...
[SIPSorcery] Main PC: Added remote ICE: candidate:1763176435 1 udp 2122129151 28.118.72.20...
[SIPSorcery] Main PC: Added remote ICE: candidate:4176271329 1 udp 2122262783 2402:800:610...
[SIPSorcery] Main PC: Local ICE: 4243588485 1 udp 1677730047 171.241.42.76 64800 ty...
[SIPSorcery] Main PC: ICE state: connected
[SIPSorcery] Main PC: ICE CONNECTED - waiting for DTLS...
[SIPSorcery] Main PC: Peer state: connecting
[SIPSorcery] Main PC: Peer state: connected
[SIPSorcery] Main PC: DTLS CONNECTED - initializing encoders now
[GpuVendorDetector] Detected AMD GPU: AMD Radeon RX 7600
[SIPSorcery] Detected GPU vendor: AMD
[SIPSorcery] Track 0: Dimensions changed ( -> H264) or (0x0 -> 1280x720), recreating encoder
[SIPSorcery] Creating AMF encoder for AMD GPU
[AmfNativeWrapper] Initializing BGRA mode 1280x720 @ 60fps, 5600kbps, codec=H264
[Protocol] ICE RX: {"type":"proceed","phase":3}...
[Protocol] ICE message type: proceed
[Protocol] Received proceed phase 3, waiting for DTLS to complete (timeout=15s)...
[AmfNativeWrapper] Initialized BGRA mode successfully (zero-copy, codec=H264)
[SIPSorcery] Track 0: Amf encoder initialized (BGRA mode - no color conversion)
[SIPSorcery] Track 1: Dimensions changed ( -> H264) or (0x0 -> 1280x720), recreating encoder
[SIPSorcery] Creating AMF encoder for AMD GPU
[AmfNativeWrapper] Initializing BGRA mode 1280x720 @ 60fps, 5600kbps, codec=H264
[AmfNativeWrapper] Initialized BGRA mode successfully (zero-copy, codec=H264)
[SIPSorcery] Track 1: Amf encoder initialized (BGRA mode - no color conversion)
[OpusEncoder] Created: 48000Hz, 2ch, 128000bps, frame=10ms (1920B)
[AudioCapture] WASAPI format: 48000Hz, 2ch, 32bit, encoding=IeeeFloat, buffer=10ms (event-driven)
[AudioCapture] Started: 48000Hz, 2ch
[SIPSorcery] Audio pipeline started (WASAPI loopback -> Opus -> RTP primary)
[Protocol] All 2 tracks ready, sending ice_ready
[Protocol] DTLS completed, proceeding to Phase 3
[Protocol] Phase 2 complete, proceeding to Phase 3
[Protocol] Encoder supports BGRA mode - enabling zero-copy pipeline (no color conversion)
[Protocol] Starting early capture to prevent browser track timeout...
[Protocol] Independent track mode: 2 monitors, each track sends immediately after encoding
[MultimediaTimer] Timer resolution set to 1ms
[Protocol] Phase changed to: Phase3_WaitingStart
[Protocol] Phase 3: Waiting for start_streaming command...
[PerMonitorCapture] Created frame sync barrier for 2 monitors (capture sync only, no post-encode barrier)
[PerMonitorCapture] Started 2 parallel capture threads (synchronized)
[PerMonitorCapture] Monitor 0: Capture thread started @ 60fps, sleepThreshold=3ms (barrier sync: True)
[PerMonitorCapture] Monitor 1: Capture thread started @ 60fps, sleepThreshold=3ms (barrier sync: True)
[SIPSorcery] Audio path: RTP primary (independent UDP, avoids SCTP congestion from H.265 video DC)
[GpuTextureScaler] Monitor 1: Compute shader initialized
[TextureResizer] Created GPU scaler for monitor 1 (device=1E382ED3800)
[GpuTextureScaler] Monitor 1: Output texture 1280x720
[SIPSorcery] Main PC: DataChannel received: label=audio, id=1
[SIPSorcery] Main PC: Audio DataChannel wired for sending
[SIPSorcery] Main PC: DataChannel received: label=cursor, id=3
[SIPSorcery] Main PC: Cursor DataChannel wired for sending
[SIPSorcery] Main PC: DataChannel received: label=h265video-0, id=5
[SIPSorcery] Main PC: H265 Video DataChannel wired for track 0
[SIPSorcery] Main PC: DataChannel received: label=h265video-1, id=7
[SIPSorcery] Main PC: H265 Video DataChannel wired for track 1
[GpuTextureScaler] Monitor 0: Compute shader initialized
[TextureResizer] Created GPU scaler for monitor 0 (device=1E38387A0E0)
[GpuTextureScaler] Monitor 0: Output texture 1280x720
[Protocol] Phase 3: Waiting for all monitors to connect...
[Protocol] Phase 3: All monitors connected!
[Protocol] Phase changed to: Phase3_Streaming
[Protocol] Phase 3: Starting stream...
[SIPSorcery] Sync state reset, Phase 3 pending activation
[SIPSorcery] Sync state reset + Phase 3 active (frames will now be sent)
[Protocol] Capture thread already running, skipping start
[Protocol] Cursor tracking started
[Cursor] Converting shape: type=COLOR, size=32x32, pitch=128, bufLen=4096
[Cursor] Converted COLOR 32x32: opaque=144, transparent=880/1024
[KeepAlive] Server-side keep-alive started (5s interval)
[StallDetect] Server-side stall detection started (1500ms threshold, 5000ms warmup, frame-aware, escalating response)
[SIPSorcery] Track 0: Sent H264 codec config via DataChannel (44 bytes)
[SIPSorcery] Track 1: Sent H264 codec config via DataChannel (44 bytes)
[SIPSorcery] Stats: m0:23f(enc=24),lat=6978us, m1:491f(enc=492),lat=574us, audio:845pkts (84.5/sec), capture:10.1ms/cb(10.0ms data,910cb)
[AdaptiveBitrate] Auto-recovery: 5600 → 6100 kbps (stable for 16.0s)
[AdaptiveBitrate] Adjusting: 5600 → 6100 kbps (conditions_good (loss=0.0%, buffer=high_latency))
[AmfNativeWrapper] Bitrate changed to 6100kbps
[SIPSorcery] Track 0 bitrate → 6100kbps
[AmfNativeWrapper] Bitrate changed to 6100kbps
[SIPSorcery] Track 1 bitrate → 6100kbps
[SIPSorcery] Bitrate adjusted: 6100kbps (conditions_good (loss=0.0%, buffer=high_latency))
[Protocol] Bitrate adjusted: 6100kbps - conditions_good (loss=0.0%, buffer=high_latency)
[AdaptiveBitrate] Auto-recovery: 6100 → 6600 kbps (stable for 20.0s)
[AdaptiveBitrate] Adjusting: 6100 → 6600 kbps (conditions_good (loss=0.0%, buffer=healthy))
[AmfNativeWrapper] Bitrate changed to 6600kbps
[SIPSorcery] Track 0 bitrate → 6600kbps
[AmfNativeWrapper] Bitrate changed to 6600kbps
[SIPSorcery] Track 1 bitrate → 6600kbps
[SIPSorcery] Bitrate adjusted: 6600kbps (conditions_good (loss=0.0%, buffer=healthy))
[Protocol] Bitrate adjusted: 6600kbps - conditions_good (loss=0.0%, buffer=healthy)
[SIPSorcery] Stats: m0:109f(enc=110),lat=1694us, m1:1092f(enc=1093),lat=396us, audio:1845pkts (100.0/sec), capture:10.0ms/cb(10.0ms data,1000cb)
[AdaptiveBitrate] Auto-recovery: 6600 → 7000 kbps (stable for 24.0s)
[AdaptiveBitrate] Adjusting: 6600 → 7000 kbps (conditions_good (loss=0.0%, buffer=high_latency))
[AmfNativeWrapper] Bitrate changed to 7000kbps
[SIPSorcery] Track 0 bitrate → 7000kbps
[AmfNativeWrapper] Bitrate changed to 7000kbps
[SIPSorcery] Track 1 bitrate → 7000kbps
[SIPSorcery] Bitrate adjusted: 7000kbps (conditions_good (loss=0.0%, buffer=high_latency))
[Protocol] Bitrate adjusted: 7000kbps - conditions_good (loss=0.0%, buffer=high_latency)
[SIPSorcery] Stats: m0:131f(enc=132),lat=1456us, m1:1692f(enc=1693),lat=341us, audio:2845pkts (100.0/sec), capture:10.0ms/cb(10.0ms data,1000cb)
[SIPSorcery] Stats: m0:151f(enc=152),lat=1299us, m1:2291f(enc=2292),lat=315us, audio:3845pkts (100.0/sec), capture:10.0ms/cb(10.0ms data,1000cb)
[SIPSorcery] Stats: m0:200f(enc=201),lat=1056us, m1:2891f(enc=2892),lat=303us, audio:4845pkts (100.0/sec), capture:10.0ms/cb(10.0ms data,1000cb)
[SIPSorcery] Stats: m0:220f(enc=221),lat=986us, m1:3490f(enc=3491),lat=292us, audio:5845pkts (100.0/sec), capture:10.0ms/cb(10.0ms data,1000cb)
[Cursor] Converting shape: type=COLOR, size=32x32, pitch=128, bufLen=4096
[Cursor] Converted COLOR 32x32: opaque=117, transparent=907/1024
[SIPSorcery] Stats: m0:284f(enc=285),lat=837us, m1:4089f(enc=4090),lat=285us, audio:6845pkts (100.0/sec), capture:10.0ms/cb(10.0ms data,1000cb)
[SIPSorcery] Stats: m0:323f(enc=324),lat=771us, m1:4688f(enc=4689),lat=280us, audio:7845pkts (100.0/sec), capture:10.0ms/cb(10.0ms data,1000cb)
[SIPSorcery] Stats: m0:362f(enc=363),lat=719us, m1:5287f(enc=5288),lat=275us, audio:8845pkts (100.0/sec), capture:10.0ms/cb(10.0ms data,1000cb)
[SIPSorcery] Stats: m0:399f(enc=400),lat=680us, m1:5887f(enc=5888),lat=273us, audio:9845pkts (100.0/sec), capture:10.0ms/cb(10.0ms data,1000cb)
[Cursor] Converting shape: type=COLOR, size=32x32, pitch=128, bufLen=4096
[Cursor] Converted COLOR 32x32: opaque=285, transparent=739/1024
[SIPSorcery] Stats: m0:475f(enc=476),lat=616us, m1:6485f(enc=6486),lat=270us, audio:10845pkts (100.0/sec), capture:10.0ms/cb(10.0ms data,1000cb)
[Protocol] Phase3 RX: type=skip_to_live, len=35
[Cursor] Converting shape: type=MONOCHROME, size=32x64, pitch=4, bufLen=256
[Cursor] Monochrome 32x32: black=0, white=0, inverse=26, transparent=998
[Cursor] Converted MONOCHROME 32x32: opaque=90, transparent=934/1024
[SIPSorcery] Stats: m0:616f(enc=617),lat=548us, m1:6949f(enc=6950),lat=270us, audio:11845pkts (100.0/sec), capture:10.0ms/cb(10.0ms data,1000cb)
[Cursor] Converting shape: type=COLOR, size=32x32, pitch=128, bufLen=4096
[Cursor] Converted COLOR 32x32: opaque=117, transparent=907/1024
[SIPSorcery] Stats: m0:742f(enc=743),lat=511us, m1:7547f(enc=7548),lat=269us, audio:12845pkts (100.0/sec), capture:10.0ms/cb(10.0ms data,1000cb)
[SIPSorcery] Stats: m0:791f(enc=792),lat=497us, m1:8146f(enc=8147),lat=269us, audio:13845pkts (100.0/sec), capture:10.0ms/cb(10.0ms data,1000cb)
[SIPSorcery] Stats: m0:916f(enc=917),lat=471us, m1:8734f(enc=8735),lat=269us, audio:14845pkts (100.0/sec), capture:10.0ms/cb(10.0ms data,1000cb)
[SIPSorcery] Stats: m0:1346f(enc=1347),lat=421us, m1:9314f(enc=9315),lat=271us, audio:15845pkts (100.0/sec), capture:10.0ms/cb(10.0ms data,1000cb)
[SIPSorcery] Stats: m0:1775f(enc=1776),lat=396us, m1:9911f(enc=9912),lat=272us, audio:16846pkts (100.1/sec), capture:10.0ms/cb(10.0ms data,1001cb)
[SIPSorcery] Stats: m0:2176f(enc=2177),lat=380us, m1:10510f(enc=10511),lat=272us, audio:17846pkts (100.0/sec), capture:10.0ms/cb(10.0ms data,1000cb)
[SIPSorcery] Stats: m0:2514f(enc=2515),lat=368us, m1:11109f(enc=11110),lat=271us, audio:18846pkts (100.0/sec), capture:10.0ms/cb(10.0ms data,1000cb)
[SIPSorcery] Stats: m0:2814f(enc=2815),lat=359us, m1:11709f(enc=11710),lat=270us, audio:19846pkts (100.0/sec), capture:10.0ms/cb(10.0ms data,1000cb)
[SIPSorcery] Stats: m0:3114f(enc=3115),lat=351us, m1:12309f(enc=12310),lat=269us, audio:20846pkts (100.0/sec), capture:10.0ms/cb(10.0ms data,1000cb)
[SIPSorcery] Stats: m0:3413f(enc=3414),lat=347us, m1:12908f(enc=12909),lat=268us, audio:21846pkts (100.0/sec), capture:10.0ms/cb(10.0ms data,1000cb)
[SIPSorcery] Stats: m0:3716f(enc=3717),lat=341us, m1:13503f(enc=13504),lat=268us, audio:22846pkts (100.0/sec), capture:10.0ms/cb(10.0ms data,1000cb)
[SIPSorcery] Stats: m0:4019f(enc=4020),lat=336us, m1:14098f(enc=14099),lat=267us, audio:23846pkts (100.0/sec), capture:10.0ms/cb(10.0ms data,1000cb)
[SIPSorcery] Stats: m0:4345f(enc=4346),lat=332us, m1:14688f(enc=14689),lat=268us, audio:24846pkts (100.0/sec), capture:10.0ms/cb(10.0ms data,1000cb)
[SIPSorcery] Stats: m0:4645f(enc=4646),lat=329us, m1:15287f(enc=15288),lat=267us, audio:25846pkts (100.0/sec), capture:10.0ms/cb(10.0ms data,1000cb)
[SIPSorcery] Stats: m0:4944f(enc=4945),lat=326us, m1:15885f(enc=15886),lat=267us, audio:26846pkts (100.0/sec), capture:10.0ms/cb(10.0ms data,1000cb)
[SIPSorcery] Stats: m0:5245f(enc=5246),lat=323us, m1:16484f(enc=16485),lat=267us, audio:27846pkts (100.0/sec), capture:10.0ms/cb(10.0ms data,1000cb)
[SIPSorcery] Stats: m0:5544f(enc=5545),lat=321us, m1:17083f(enc=17084),lat=267us, audio:28846pkts (100.0/sec), capture:10.0ms/cb(10.0ms data,1000cb)
[SIPSorcery] Stats: m0:5844f(enc=5845),lat=319us, m1:17682f(enc=17683),lat=266us, audio:29846pkts (100.0/sec), capture:10.0ms/cb(10.0ms data,1000cb)
[SIPSorcery] Stats: m0:6144f(enc=6145),lat=316us, m1:18282f(enc=18283),lat=265us, audio:30846pkts (100.0/sec), capture:10.0ms/cb(10.0ms data,1000cb)
[SIPSorcery] Stats: m0:6445f(enc=6446),lat=315us, m1:18881f(enc=18882),lat=264us, audio:31846pkts (100.0/sec), capture:10.0ms/cb(10.0ms data,1000cb)
[SIPSorcery] Stats: m0:6744f(enc=6745),lat=313us, m1:19480f(enc=19481),lat=264us, audio:32846pkts (100.0/sec), capture:10.0ms/cb(10.0ms data,1000cb)
[SIPSorcery] Stats: m0:7043f(enc=7044),lat=312us, m1:20080f(enc=20081),lat=263us, audio:33846pkts (100.0/sec), capture:10.0ms/cb(10.0ms data,1000cb)
[SIPSorcery] Stats: m0:7408f(enc=7409),lat=310us, m1:20675f(enc=20676),lat=263us, audio:34846pkts (100.0/sec), capture:10.0ms/cb(10.0ms data,1000cb)
[SIPSorcery] Stats: m0:7673f(enc=7674),lat=309us, m1:21269f(enc=21270),lat=263us, audio:35846pkts (100.0/sec), capture:10.0ms/cb(10.0ms data,1000cb)
[SIPSorcery] Stats: m0:7832f(enc=7833),lat=309us, m1:21868f(enc=21869),lat=263us, audio:36846pkts (100.0/sec), capture:10.0ms/cb(10.0ms data,1000cb)
[SIPSorcery] Stats: m0:7851f(enc=7852),lat=309us, m1:22467f(enc=22468),lat=262us, audio:37846pkts (100.0/sec), capture:10.0ms/cb(10.0ms data,1000cb)
[SIPSorcery] Stats: m0:7962f(enc=7963),lat=308us, m1:23066f(enc=23067),lat=262us, audio:38846pkts (100.0/sec), capture:10.0ms/cb(10.0ms data,1000cb)
[SIPSorcery] Stats: m0:8286f(enc=8287),lat=307us, m1:23663f(enc=23664),lat=262us, audio:39846pkts (100.0/sec), capture:10.0ms/cb(10.0ms data,1000cb)
[Protocol] Phase3 RX: type=skip_to_live, len=35
[SIPSorcery] Stats: m0:8597f(enc=8598),lat=307us, m1:24262f(enc=24263),lat=262us, audio:40846pkts (100.0/sec), capture:10.0ms/cb(10.0ms data,1000cb)
[SIPSorcery] Stats: m0:8815f(enc=8816),lat=308us, m1:24862f(enc=24863),lat=262us, audio:41846pkts (100.0/sec), capture:10.0ms/cb(10.0ms data,1000cb)
[SIPSorcery] Stats: m0:8878f(enc=8879),lat=308us, m1:25461f(enc=25462),lat=262us, audio:42846pkts (100.0/sec), capture:10.0ms/cb(10.0ms data,1000cb)
[SIPSorcery] Stats: m0:8917f(enc=8918),lat=308us, m1:26061f(enc=26062),lat=262us, audio:43846pkts (100.0/sec), capture:10.0ms/cb(10.0ms data,1000cb)
[Protocol] Phase3 RX: type=skip_to_live, len=35
[Protocol] Phase3 RX: type=candidate, len=160
[SIPSorcery] Main PC: Added remote ICE: candidate:2484389011 1 udp 2122194687 192.168.1.12...
[Protocol] Phase3 RX: type=candidate, len=162
[SIPSorcery] Main PC: Added remote ICE: candidate:3975452022 1 udp 2122129151 28.118.72.20...
[Protocol] Phase3 RX: type=candidate, len=185
[SIPSorcery] Main PC: Added remote ICE: candidate:2098179428 1 udp 2122262783 2402:800:610...
[Protocol] Phase3 RX: type=candidate, len=160
[SIPSorcery] Main PC: Added remote ICE: candidate:2484389011 1 udp 2122194687 192.168.1.12...
[Protocol] Phase3 RX: type=candidate, len=162
[SIPSorcery] Main PC: Added remote ICE: candidate:3975452022 1 udp 2122129151 28.118.72.20...
[Protocol] Phase3 RX: type=candidate, len=185
[SIPSorcery] Main PC: Added remote ICE: candidate:2098179428 1 udp 2122262783 2402:800:610...
[Protocol] Phase3 RX: type=candidate, len=160
[SIPSorcery] Main PC: Added remote ICE: candidate:2484389011 1 udp 2122194687 192.168.1.12...
[Protocol] Phase3 RX: type=candidate, len=162
[SIPSorcery] Main PC: Added remote ICE: candidate:3975452022 1 udp 2122129151 28.118.72.20...
[Protocol] Phase3 RX: type=candidate, len=185
[SIPSorcery] Main PC: Added remote ICE: candidate:2098179428 1 udp 2122262783 2402:800:610...
[Protocol] Phase3 RX: type=candidate, len=160
[SIPSorcery] Main PC: Added remote ICE: candidate:2484389011 1 udp 2122194687 192.168.1.12...
[Protocol] Phase3 RX: type=candidate, len=162
[SIPSorcery] Main PC: Added remote ICE: candidate:3975452022 1 udp 2122129151 28.118.72.20...
[Protocol] Phase3 RX: type=candidate, len=185
[SIPSorcery] Main PC: Added remote ICE: candidate:2098179428 1 udp 2122262783 2402:800:610...
[Protocol] Phase3 RX: type=offer, len=10046
[Protocol] Received reconnect offer during streaming (JSON format)
[SIPSorcery] Track 0: Dropping stale P-frame before first IDR (22575 bytes) - requesting keyframe
[SIPSorcery] Track 1: Dropping stale P-frame before first IDR (18076 bytes) - requesting keyframe
[SIPSorcery] Sync state reset, Phase 3 pending activation
[SIPSorcery] Stats: m0:0f(enc=0),lat=611us, m1:0f(enc=0),lat=262us, audio:44846pkts (100.0/sec), capture:10.0ms/cb(10.0ms data,1000cb)
[SIPSorcery] Sync state reset, Phase 3 pending activation
[Protocol] Received single offer for all monitors
[Protocol] Cleared answer state, preserved 0 pending ICE candidates
[Protocol] Monitor 0 native=1920x1080 -> encoder=1280x720
[Protocol] Monitor 1 native=1920x1080 -> encoder=1280x720
[Protocol] Parsed H264 PT from offer: 124
[OpusEncoder] Disposed
[SIPSorcery] Main PC: Audio DataChannel closed
[SIPSorcery] Main PC: Cursor DataChannel closed
[SIPSorcery] Main PC: H265 Video DataChannel closed for track 0
[SIPSorcery] Main PC: H265 Video DataChannel closed for track 1
[SIPSorcery] Main PC: Peer state: closed
[SIPSorcery] Main PC: Peer state CLOSED unexpectedly - awaiting client reconnect offer
[SIPSorcery] Connection closed
[SIPSorcery] Sync state reset, Phase 3 pending activation
[SIPSorcery] Offer H264 pt=124, fmtp=implementation_name=MediaCodec;level-asymmetry-allowed=1;packetization-mode=1;profile-level-id=42e01f, perTrackPc=False
[SIPSorcery] Client SDP: a=fingerprint:sha-256 1B:57:D9:A9:24:08:B2:A6:E4:23:77:C1:16:AE:F4:EC:3A:7F:95:C3:08:6A:98:C8:6C:2D:6A:B2:8C:28:15:5F
[SIPSorcery] Client SDP: a=setup:actpass
[SIPSorcery] Client SDP: a=fingerprint:sha-256 1B:57:D9:A9:24:08:B2:A6:E4:23:77:C1:16:AE:F4:EC:3A:7F:95:C3:08:6A:98:C8:6C:2D:6A:B2:8C:28:15:5F
[SIPSorcery] Client SDP: a=setup:actpass
[SIPSorcery] Client SDP: a=fingerprint:sha-256 1B:57:D9:A9:24:08:B2:A6:E4:23:77:C1:16:AE:F4:EC:3A:7F:95:C3:08:6A:98:C8:6C:2D:6A:B2:8C:28:15:5F
[SIPSorcery] Client SDP: a=setup:actpass
[SIPSorcery] Client SDP: a=fingerprint:sha-256 1B:57:D9:A9:24:08:B2:A6:E4:23:77:C1:16:AE:F4:EC:3A:7F:95:C3:08:6A:98:C8:6C:2D:6A:B2:8C:28:15:5F
[SIPSorcery] Client SDP: a=setup:actpass
[SIPSorcery] Main PC: PeerConnection created (with STUN/TURN)
[SIPSorcery] Main PC: Added video track 0: 1280x720 (device=8387A103), SSRC=1403770505
[SIPSorcery] Main PC: Added video track 1: 1280x720 (device=82ED39E3), SSRC=459771524
[SIPSorcery] Main PC: Added SendOnly Opus audio track (RTP transport)
[SIPSorcery] Main PC: Waiting for audio/cursor/h265video DataChannels (per-track or legacy)
[SIPSorcery] Main PC: ICE state: checking
[SIPSorcery] Main PC: Signaling state: have_remote_offer
[SIPSorcery] Main PC: After setRemoteDescription: signalingState=have_remote_offer
[SIPSorcery] Main PC: Local ICE: 2566415119 1 udp 2113940223 2402:800:610d:eab:540f...
[SIPSorcery] Main PC: Local ICE: 1568937684 1 udp 2113940223 2402:800:610d:eab:85e:...
[SIPSorcery] Main PC: Local ICE: 2361428796 1 udp 2113937663 192.168.1.7 50540 typ ...
[SIPSorcery] Main PC: After createAnswer: signalingState=have_remote_offer, answer.type=answer
[SIPSorcery] Main PC SDP: a=fingerprint:sha-256 5C:C7:A4:89:F3:89:03:DB:87:8D:F8:76:71:1A:1B:5A:29:37:4B:F2:E1:AB:F9:D0:6A:FF:02:82:46:2A:2B:2E
[SIPSorcery] Main PC SDP: a=setup:active
[SIPSorcery] Main PC SDP: a=fingerprint:sha-256 5C:C7:A4:89:F3:89:03:DB:87:8D:F8:76:71:1A:1B:5A:29:37:4B:F2:E1:AB:F9:D0:6A:FF:02:82:46:2A:2B:2E
[SIPSorcery] Main PC SDP: a=setup:active
[SIPSorcery] Main PC SDP: a=fingerprint:sha-256 5C:C7:A4:89:F3:89:03:DB:87:8D:F8:76:71:1A:1B:5A:29:37:4B:F2:E1:AB:F9:D0:6A:FF:02:82:46:2A:2B:2E
[SIPSorcery] Main PC SDP: a=setup:active
[SIPSorcery] Main PC SDP: a=fingerprint:sha-256 5C:C7:A4:89:F3:89:03:DB:87:8D:F8:76:71:1A:1B:5A:29:37:4B:F2:E1:AB:F9:D0:6A:FF:02:82:46:2A:2B:2E
[SIPSorcery] Main PC SDP: a=setup:active
[SIPSorcery] Main PC: Answer ready, 2124 bytes
[Protocol] SDP filtered m=video: m=video 9 UDP/TLS/RTP/SAVPF 124 (H264 PT=124)
[Protocol] SDP kept: a=rtpmap:124 H264/90000
[Protocol] SDP kept: a=fmtp:124 implementation_name=MediaCodec;level-asymmetry-allowed=1;packetization-mode=1;profile-level-id=420428
[Protocol] SDP filtered m=video: m=video 9 UDP/TLS/RTP/SAVPF 124 (H264 PT=124)
[Protocol] SDP kept: a=rtpmap:124 H264/90000
[Protocol] SDP kept: a=fmtp:124 implementation_name=MediaCodec;level-asymmetry-allowed=1;packetization-mode=1;profile-level-id=420428
[Protocol] Filtered SDP from 2124 to 2124 bytes
[Protocol] Extracted 1 embedded ICE candidates from answer
[Protocol] Answer JSON: {"type":"answer","monitorIndex":0,"sdp":"v=0\r\no=- 39082 0 IN IP4 127.0.0.1\r\ns=sipsorcery\r\nt=0 0\r\na=group:BUNDLE 0 1 2 3\r\nm=video 9 UDP/TLS/R...
[Protocol] Sent single answer, len=2206 bytes
[SIPSorcery] Main PC: Local ICE: 4243588485 1 udp 1677730047 171.241.42.76 50540 ty...
[SIPSorcery] Main PC: ICE state: connected
[SIPSorcery] Main PC: ICE CONNECTED - waiting for DTLS...
[SIPSorcery] Main PC: Peer state: connecting
[SIPSorcery] Main PC: Peer state: connected
[SIPSorcery] Main PC: DTLS CONNECTED - initializing encoders now
[GpuVendorDetector] Detected AMD GPU: AMD Radeon RX 7600
[SIPSorcery] Detected GPU vendor: AMD
[OpusEncoder] Created: 48000Hz, 2ch, 128000bps, frame=10ms (1920B)
[AudioCapture] WASAPI format: 48000Hz, 2ch, 32bit, encoding=IeeeFloat, buffer=10ms (event-driven)
[AudioCapture] Started: 48000Hz, 2ch
[SIPSorcery] Audio pipeline started (WASAPI loopback -> Opus -> RTP primary)
[Protocol] All 2 tracks ready, sending ice_ready
[Protocol] Reconnect in Phase 3: requested streamer re-activation
[Protocol] Encoder supports BGRA mode - enabling zero-copy pipeline (no color conversion)
[Protocol] Starting early capture to prevent browser track timeout...
[Protocol] Capture thread already running, skipping start
[SIPSorcery] Sync state reset + Phase 3 active (frames will now be sent)
[SIPSorcery] Audio path: RTP primary (independent UDP, avoids SCTP congestion from H.265 video DC)
[SIPSorcery] Main PC: DataChannel received: label=audio, id=1
[SIPSorcery] Main PC: Audio DataChannel wired for sending
[SIPSorcery] Main PC: DataChannel received: label=cursor, id=3
[SIPSorcery] Main PC: Cursor DataChannel wired for sending
[SIPSorcery] Main PC: DataChannel received: label=h265video-0, id=5
[SIPSorcery] Main PC: H265 Video DataChannel wired for track 0
[SIPSorcery] Main PC: DataChannel received: label=h265video-1, id=7
[SIPSorcery] Main PC: H265 Video DataChannel wired for track 1
[Protocol] Phase3 RX: type=reconnect_ack, len=24
[SIPSorcery] Track 1: Sent H264 codec config via DataChannel (44 bytes)
[Protocol] Phase3 RX: type=skip_to_live, len=35
[Protocol] Phase3 RX: type=skip_to_live, len=35
[Protocol] Phase3 RX: type=skip_to_live, len=35
[Protocol] Phase3 RX: type=candidate, len=158
[SIPSorcery] Main PC: Added remote ICE: candidate:22359240 1 udp 2122194687 192.168.1.12 3...
[Protocol] Phase3 RX: type=candidate, len=162
[SIPSorcery] Main PC: Added remote ICE: candidate:2041937197 1 udp 2122129151 28.118.72.20...
[Protocol] Phase3 RX: type=candidate, len=185
[SIPSorcery] Main PC: Added remote ICE: candidate:3897443647 1 udp 2122262783 2402:800:610...
[Protocol] Phase3 RX: type=candidate, len=158
[SIPSorcery] Main PC: Added remote ICE: candidate:22359240 1 udp 2122194687 192.168.1.12 5...
[Protocol] Phase3 RX: type=candidate, len=162
[SIPSorcery] Main PC: Added remote ICE: candidate:2041937197 1 udp 2122129151 28.118.72.20...
[Protocol] Phase3 RX: type=candidate, len=185
[SIPSorcery] Main PC: Added remote ICE: candidate:3897443647 1 udp 2122262783 2402:800:610...
[Protocol] Phase3 RX: type=candidate, len=158
[SIPSorcery] Main PC: Added remote ICE: candidate:22359240 1 udp 2122194687 192.168.1.12 5...
[Protocol] Phase3 RX: type=candidate, len=162
[SIPSorcery] Main PC: Added remote ICE: candidate:2041937197 1 udp 2122129151 28.118.72.20...
[Protocol] Phase3 RX: type=candidate, len=185
[SIPSorcery] Main PC: Added remote ICE: candidate:3897443647 1 udp 2122262783 2402:800:610...
[Protocol] Phase3 RX: type=candidate, len=158
[SIPSorcery] Main PC: Added remote ICE: candidate:22359240 1 udp 2122194687 192.168.1.12 5...
[Protocol] Phase3 RX: type=candidate, len=162
[SIPSorcery] Main PC: Added remote ICE: candidate:2041937197 1 udp 2122129151 28.118.72.20...
[Protocol] Phase3 RX: type=candidate, len=185
[SIPSorcery] Main PC: Added remote ICE: candidate:3897443647 1 udp 2122262783 2402:800:610...
[Protocol] Phase3 RX: type=offer, len=10046
[Protocol] Received reconnect offer during streaming (JSON format)
[SIPSorcery] Track 1: Dropping stale P-frame before first IDR (8557 bytes) - requesting keyframe
[SIPSorcery] Sync state reset, Phase 3 pending activation
[SIPSorcery] Sync state reset, Phase 3 pending activation
[Protocol] Received single offer for all monitors
[Protocol] Cleared answer state, preserved 0 pending ICE candidates
[Protocol] Monitor 0 native=1920x1080 -> encoder=1280x720
[Protocol] Monitor 1 native=1920x1080 -> encoder=1280x720
[Protocol] Parsed H264 PT from offer: 124
[OpusEncoder] Disposed
[SIPSorcery] Main PC: Audio DataChannel closed
[SIPSorcery] Main PC: Cursor DataChannel closed
[SIPSorcery] Main PC: H265 Video DataChannel closed for track 0
[SIPSorcery] Main PC: H265 Video DataChannel closed for track 1
[SIPSorcery] Main PC: Peer state: closed
[SIPSorcery] Main PC: Peer state CLOSED unexpectedly - awaiting client reconnect offer
[SIPSorcery] Connection closed
[SIPSorcery] Sync state reset, Phase 3 pending activation
[SIPSorcery] Offer H264 pt=124, fmtp=implementation_name=MediaCodec;level-asymmetry-allowed=1;packetization-mode=1;profile-level-id=42e01f, perTrackPc=False
[SIPSorcery] Client SDP: a=fingerprint:sha-256 2C:B3:D3:68:93:14:A2:A3:68:28:0A:29:60:E2:2A:46:62:0D:D6:AD:BC:CD:99:96:93:DD:5A:1A:E3:AF:5C:D3
[SIPSorcery] Client SDP: a=setup:actpass
[SIPSorcery] Client SDP: a=fingerprint:sha-256 2C:B3:D3:68:93:14:A2:A3:68:28:0A:29:60:E2:2A:46:62:0D:D6:AD:BC:CD:99:96:93:DD:5A:1A:E3:AF:5C:D3
[SIPSorcery] Client SDP: a=setup:actpass
[SIPSorcery] Client SDP: a=fingerprint:sha-256 2C:B3:D3:68:93:14:A2:A3:68:28:0A:29:60:E2:2A:46:62:0D:D6:AD:BC:CD:99:96:93:DD:5A:1A:E3:AF:5C:D3
[SIPSorcery] Client SDP: a=setup:actpass
[SIPSorcery] Client SDP: a=fingerprint:sha-256 2C:B3:D3:68:93:14:A2:A3:68:28:0A:29:60:E2:2A:46:62:0D:D6:AD:BC:CD:99:96:93:DD:5A:1A:E3:AF:5C:D3
[SIPSorcery] Client SDP: a=setup:actpass
[SIPSorcery] Main PC: PeerConnection created (with STUN/TURN)
[SIPSorcery] Main PC: Added video track 0: 1280x720 (device=8387A103), SSRC=859004541
[SIPSorcery] Main PC: Added video track 1: 1280x720 (device=82ED39E3), SSRC=1069494767
[SIPSorcery] Main PC: Added SendOnly Opus audio track (RTP transport)
[SIPSorcery] Main PC: Waiting for audio/cursor/h265video DataChannels (per-track or legacy)
[SIPSorcery] Main PC: ICE state: checking
[SIPSorcery] Main PC: Signaling state: have_remote_offer
[SIPSorcery] Main PC: After setRemoteDescription: signalingState=have_remote_offer
[SIPSorcery] Main PC: Local ICE: 2566415119 1 udp 2113940223 2402:800:610d:eab:540f...
[SIPSorcery] Main PC: Local ICE: 1568937684 1 udp 2113940223 2402:800:610d:eab:85e:...
[SIPSorcery] Main PC: Local ICE: 2361428796 1 udp 2113937663 192.168.1.7 61210 typ ...
[SIPSorcery] Main PC: After createAnswer: signalingState=have_remote_offer, answer.type=answer
[SIPSorcery] Main PC SDP: a=fingerprint:sha-256 54:19:CD:06:76:B9:B7:B4:51:C3:85:FA:03:0D:95:E9:D2:4E:4C:8A:4B:97:69:DA:4B:8B:7E:50:7A:A8:F4:07
[SIPSorcery] Main PC SDP: a=setup:active
[SIPSorcery] Main PC SDP: a=fingerprint:sha-256 54:19:CD:06:76:B9:B7:B4:51:C3:85:FA:03:0D:95:E9:D2:4E:4C:8A:4B:97:69:DA:4B:8B:7E:50:7A:A8:F4:07
[SIPSorcery] Main PC SDP: a=setup:active
[SIPSorcery] Main PC SDP: a=fingerprint:sha-256 54:19:CD:06:76:B9:B7:B4:51:C3:85:FA:03:0D:95:E9:D2:4E:4C:8A:4B:97:69:DA:4B:8B:7E:50:7A:A8:F4:07
[SIPSorcery] Main PC SDP: a=setup:active
[SIPSorcery] Main PC SDP: a=fingerprint:sha-256 54:19:CD:06:76:B9:B7:B4:51:C3:85:FA:03:0D:95:E9:D2:4E:4C:8A:4B:97:69:DA:4B:8B:7E:50:7A:A8:F4:07
[SIPSorcery] Main PC SDP: a=setup:active
[SIPSorcery] Main PC: Answer ready, 2124 bytes
[Protocol] SDP filtered m=video: m=video 9 UDP/TLS/RTP/SAVPF 124 (H264 PT=124)
[Protocol] SDP kept: a=rtpmap:124 H264/90000
[Protocol] SDP kept: a=fmtp:124 implementation_name=MediaCodec;level-asymmetry-allowed=1;packetization-mode=1;profile-level-id=420428
[Protocol] SDP filtered m=video: m=video 9 UDP/TLS/RTP/SAVPF 124 (H264 PT=124)
[Protocol] SDP kept: a=rtpmap:124 H264/90000
[Protocol] SDP kept: a=fmtp:124 implementation_name=MediaCodec;level-asymmetry-allowed=1;packetization-mode=1;profile-level-id=420428
[Protocol] Filtered SDP from 2124 to 2124 bytes
[Protocol] Extracted 1 embedded ICE candidates from answer
[Protocol] Answer JSON: {"type":"answer","monitorIndex":0,"sdp":"v=0\r\no=- 98378 0 IN IP4 127.0.0.1\r\ns=sipsorcery\r\nt=0 0\r\na=group:BUNDLE 0 1 2 3\r\nm=video 9 UDP/TLS/R...
[Protocol] Sent single answer, len=2206 bytes
[SIPSorcery] Main PC: Local ICE: 4243588485 1 udp 1677730047 171.241.42.76 61210 ty...
[SIPSorcery] Main PC: ICE state: connected
[SIPSorcery] Main PC: ICE CONNECTED - waiting for DTLS...
[SIPSorcery] Main PC: Peer state: connecting
[SIPSorcery] Main PC: Peer state: connected
[SIPSorcery] Main PC: DTLS CONNECTED - initializing encoders now
[GpuVendorDetector] Detected AMD GPU: AMD Radeon RX 7600
[SIPSorcery] Detected GPU vendor: AMD
[OpusEncoder] Created: 48000Hz, 2ch, 128000bps, frame=10ms (1920B)
[AudioCapture] WASAPI format: 48000Hz, 2ch, 32bit, encoding=IeeeFloat, buffer=10ms (event-driven)
[AudioCapture] Started: 48000Hz, 2ch
[SIPSorcery] Audio pipeline started (WASAPI loopback -> Opus -> RTP primary)
[Protocol] All 2 tracks ready, sending ice_ready
[Protocol] Reconnect in Phase 3: requested streamer re-activation
[Protocol] Encoder supports BGRA mode - enabling zero-copy pipeline (no color conversion)
[Protocol] Starting early capture to prevent browser track timeout...
[Protocol] Capture thread already running, skipping start
[SIPSorcery] Audio path: RTP primary (independent UDP, avoids SCTP congestion from H.265 video DC)
[SIPSorcery] Sync state reset + Phase 3 active (frames will now be sent)
[SIPSorcery] Main PC: DataChannel received: label=audio, id=1
[SIPSorcery] Main PC: Audio DataChannel wired for sending
[SIPSorcery] Main PC: DataChannel received: label=cursor, id=3
[SIPSorcery] Main PC: Cursor DataChannel wired for sending
[SIPSorcery] Main PC: DataChannel received: label=h265video-0, id=5
[SIPSorcery] Main PC: H265 Video DataChannel wired for track 0
[SIPSorcery] Main PC: DataChannel received: label=h265video-1, id=7
[SIPSorcery] Main PC: H265 Video DataChannel wired for track 1
[SIPSorcery] Track 1: Sent H264 codec config via DataChannel (44 bytes)
[Protocol] Phase3 RX: type=reconnect_ack, len=24
[Protocol] Phase3 RX: type=skip_to_live, len=35
[SIPSorcery] Stats: m0:0f(enc=0),lat=611us, m1:188f(enc=189),lat=262us, audio:45738pkts (89.2/sec), capture:10.0ms/cb(10.0ms data,315cb)
[SIPSorcery] Stats: m0:0f(enc=0),lat=611us, m1:192f(enc=193),lat=262us, audio:45743pkts (0.5/sec), capture:9.4ms/cb(10.0ms data,5cb)
[Protocol] Phase3 RX: type=update_config, len=48
[Protocol] update_config received: fps=, resolutionHeight=1080
[Protocol] Dynamic resolution change requested: 720p → 1080p
[SIPSorcery] Streaming paused (connection maintained)
[TextureResizer] Target height changed: 720p → 1080p
[SIPSorcery] Forcing re-initialization of encoders...
[GpuVendorDetector] Detected AMD GPU: AMD Radeon RX 7600
[SIPSorcery] Detected GPU vendor: AMD
[SIPSorcery] Streaming resumed
[Protocol] Resolution changed to 1080p, encoders re-initialized
[SIPSorcery] Resolution Height update: 720 → 1080
[SIPSorcery] Resolution changed, deferred encoder update to capture thread
[AdaptiveBitrate] Initialized: target=12000kbps, range=[6000-15000]kbps, warmup=15000ms
[Protocol] config_updated sent: Resolution: 1080p, Bitrate controller re-initialized for 1080p, resolution=1080p
[Protocol] Phase3 RX: type=skip_to_live, len=35
[SIPSorcery] Track 1: Dimensions changed (H264 -> H264) or (1280x720 -> 1920x1080), recreating encoder
[AmfNativeWrapper] Disposed
[GpuVendorDetector] Detected AMD GPU: AMD Radeon RX 7600
[SIPSorcery] Creating AMF encoder for AMD GPU
[AmfNativeWrapper] Initializing BGRA mode 1920x1080 @ 60fps, 12000kbps, codec=H264
[AmfNativeWrapper] Initialized BGRA mode successfully (zero-copy, codec=H264)
[SIPSorcery] Track 1: Amf encoder initialized (BGRA mode - no color conversion)
[SIPSorcery] Track 1: Sent H264 codec config via DataChannel (45 bytes)
[Protocol] Phase3 RX: type=candidate, len=160
[SIPSorcery] Main PC: Added remote ICE: candidate:1404018849 1 udp 2122194687 192.168.1.12...
[Protocol] Phase3 RX: type=candidate, len=162
[SIPSorcery] Main PC: Added remote ICE: candidate:3023562729 1 udp 2122129151 28.118.72.20...
[Protocol] Phase3 RX: type=candidate, len=184
[SIPSorcery] Main PC: Added remote ICE: candidate:727933607 1 udp 2122262783 2402:800:610d...
[Protocol] Phase3 RX: type=candidate, len=160
[SIPSorcery] Main PC: Added remote ICE: candidate:1404018849 1 udp 2122194687 192.168.1.12...
[Protocol] Phase3 RX: type=candidate, len=162
[SIPSorcery] Main PC: Added remote ICE: candidate:3023562729 1 udp 2122129151 28.118.72.20...
[Protocol] Phase3 RX: type=candidate, len=184
[SIPSorcery] Main PC: Added remote ICE: candidate:727933607 1 udp 2122262783 2402:800:610d...
[Protocol] Phase3 RX: type=candidate, len=160
[SIPSorcery] Main PC: Added remote ICE: candidate:1404018849 1 udp 2122194687 192.168.1.12...
[Protocol] Phase3 RX: type=candidate, len=162
[SIPSorcery] Main PC: Added remote ICE: candidate:3023562729 1 udp 2122129151 28.118.72.20...
[Protocol] Phase3 RX: type=candidate, len=184
[SIPSorcery] Main PC: Added remote ICE: candidate:727933607 1 udp 2122262783 2402:800:610d...
[Protocol] Phase3 RX: type=candidate, len=160
[SIPSorcery] Main PC: Added remote ICE: candidate:1404018849 1 udp 2122194687 192.168.1.12...
[Protocol] Phase3 RX: type=candidate, len=162
[SIPSorcery] Main PC: Added remote ICE: candidate:3023562729 1 udp 2122129151 28.118.72.20...
[Protocol] Phase3 RX: type=candidate, len=184
[SIPSorcery] Main PC: Added remote ICE: candidate:727933607 1 udp 2122262783 2402:800:610d...
[Protocol] Phase3 RX: type=offer, len=10046
[Protocol] Received reconnect offer during streaming (JSON format)
[SIPSorcery] Track 1: Dropping stale P-frame before first IDR (38570 bytes) - requesting keyframe
[SIPSorcery] Sync state reset, Phase 3 pending activation
[SIPSorcery] Sync state reset, Phase 3 pending activation
[Protocol] Received single offer for all monitors
[Protocol] Cleared answer state, preserved 0 pending ICE candidates
[Protocol] Monitor 0 native=1920x1080 -> encoder=1920x1080
[Protocol] Monitor 1 native=1920x1080 -> encoder=1920x1080
[Protocol] Parsed H264 PT from offer: 124
[OpusEncoder] Disposed
[SIPSorcery] Main PC: Audio DataChannel closed
[SIPSorcery] Main PC: Cursor DataChannel closed
[SIPSorcery] Main PC: H265 Video DataChannel closed for track 0
[SIPSorcery] Main PC: H265 Video DataChannel closed for track 1
[SIPSorcery] Main PC: Peer state: closed
[SIPSorcery] Main PC: Peer state CLOSED unexpectedly - awaiting client reconnect offer
[SIPSorcery] Connection closed
[SIPSorcery] Sync state reset, Phase 3 pending activation
[SIPSorcery] Offer H264 pt=124, fmtp=implementation_name=MediaCodec;level-asymmetry-allowed=1;packetization-mode=1;profile-level-id=42e01f, perTrackPc=False
[SIPSorcery] Client SDP: a=fingerprint:sha-256 6B:7B:BF:80:1D:F2:9B:5A:6D:AC:7C:66:39:98:6B:79:D7:26:0F:07:53:E7:EE:1A:26:3D:8C:09:12:03:00:BD
[SIPSorcery] Client SDP: a=setup:actpass
[SIPSorcery] Client SDP: a=fingerprint:sha-256 6B:7B:BF:80:1D:F2:9B:5A:6D:AC:7C:66:39:98:6B:79:D7:26:0F:07:53:E7:EE:1A:26:3D:8C:09:12:03:00:BD
[SIPSorcery] Client SDP: a=setup:actpass
[SIPSorcery] Client SDP: a=fingerprint:sha-256 6B:7B:BF:80:1D:F2:9B:5A:6D:AC:7C:66:39:98:6B:79:D7:26:0F:07:53:E7:EE:1A:26:3D:8C:09:12:03:00:BD
[SIPSorcery] Client SDP: a=setup:actpass
[SIPSorcery] Client SDP: a=fingerprint:sha-256 6B:7B:BF:80:1D:F2:9B:5A:6D:AC:7C:66:39:98:6B:79:D7:26:0F:07:53:E7:EE:1A:26:3D:8C:09:12:03:00:BD
[SIPSorcery] Client SDP: a=setup:actpass
[SIPSorcery] Main PC: PeerConnection created (with STUN/TURN)
[SIPSorcery] Main PC: Added video track 0: 1920x1080 (device=8387A103), SSRC=1674081632
[SIPSorcery] Main PC: Added video track 1: 1920x1080 (device=82ED39E3), SSRC=648220804
[SIPSorcery] Main PC: Added SendOnly Opus audio track (RTP transport)
[SIPSorcery] Main PC: Waiting for audio/cursor/h265video DataChannels (per-track or legacy)
[SIPSorcery] Main PC: ICE state: checking
[SIPSorcery] Main PC: Signaling state: have_remote_offer
[SIPSorcery] Main PC: After setRemoteDescription: signalingState=have_remote_offer
[SIPSorcery] Main PC: Local ICE: 2566415119 1 udp 2113940223 2402:800:610d:eab:540f...
[SIPSorcery] Main PC: Local ICE: 1568937684 1 udp 2113940223 2402:800:610d:eab:85e:...
[SIPSorcery] Main PC: Local ICE: 2361428796 1 udp 2113937663 192.168.1.7 56374 typ ...
[SIPSorcery] Main PC: After createAnswer: signalingState=have_remote_offer, answer.type=answer
[SIPSorcery] Main PC SDP: a=fingerprint:sha-256 0A:12:09:D9:1C:51:88:DC:57:3D:B0:21:1D:49:CF:F8:A6:4B:0F:88:28:F6:F4:07:52:A8:89:26:AF:EB:8F:C3
[SIPSorcery] Main PC SDP: a=setup:active
[SIPSorcery] Main PC SDP: a=fingerprint:sha-256 0A:12:09:D9:1C:51:88:DC:57:3D:B0:21:1D:49:CF:F8:A6:4B:0F:88:28:F6:F4:07:52:A8:89:26:AF:EB:8F:C3
[SIPSorcery] Main PC SDP: a=setup:active
[SIPSorcery] Main PC SDP: a=fingerprint:sha-256 0A:12:09:D9:1C:51:88:DC:57:3D:B0:21:1D:49:CF:F8:A6:4B:0F:88:28:F6:F4:07:52:A8:89:26:AF:EB:8F:C3
[SIPSorcery] Main PC SDP: a=setup:active
[SIPSorcery] Main PC SDP: a=fingerprint:sha-256 0A:12:09:D9:1C:51:88:DC:57:3D:B0:21:1D:49:CF:F8:A6:4B:0F:88:28:F6:F4:07:52:A8:89:26:AF:EB:8F:C3
[SIPSorcery] Main PC SDP: a=setup:active
[SIPSorcery] Main PC: Answer ready, 2123 bytes
[Protocol] SDP filtered m=video: m=video 9 UDP/TLS/RTP/SAVPF 124 (H264 PT=124)
[Protocol] SDP kept: a=rtpmap:124 H264/90000
[Protocol] SDP kept: a=fmtp:124 implementation_name=MediaCodec;level-asymmetry-allowed=1;packetization-mode=1;profile-level-id=420428
[Protocol] SDP filtered m=video: m=video 9 UDP/TLS/RTP/SAVPF 124 (H264 PT=124)
[Protocol] SDP kept: a=rtpmap:124 H264/90000
[Protocol] SDP kept: a=fmtp:124 implementation_name=MediaCodec;level-asymmetry-allowed=1;packetization-mode=1;profile-level-id=420428
[Protocol] Filtered SDP from 2123 to 2123 bytes
[Protocol] Extracted 1 embedded ICE candidates from answer
[Protocol] Answer JSON: {"type":"answer","monitorIndex":0,"sdp":"v=0\r\no=- 26603 0 IN IP4 127.0.0.1\r\ns=sipsorcery\r\nt=0 0\r\na=group:BUNDLE 0 1 2 3\r\nm=video 9 UDP/TLS/R...
[Protocol] Sent single answer, len=2205 bytes
[SIPSorcery] Main PC: Local ICE: 4243588485 1 udp 1677730047 171.241.42.76 56374 ty...
[SIPSorcery] Main PC: ICE state: connected
[SIPSorcery] Main PC: ICE CONNECTED - waiting for DTLS...
[SIPSorcery] Main PC: Peer state: connecting
[SIPSorcery] Main PC: Peer state: connected
[SIPSorcery] Main PC: DTLS CONNECTED - initializing encoders now
[GpuVendorDetector] Detected AMD GPU: AMD Radeon RX 7600
[SIPSorcery] Detected GPU vendor: AMD
[SIPSorcery] Track 0: Dimensions changed (H264 -> H264) or (1280x720 -> 1920x1080), recreating encoder
[AmfNativeWrapper] Disposed
[SIPSorcery] Creating AMF encoder for AMD GPU
[AmfNativeWrapper] Initializing BGRA mode 1920x1080 @ 60fps, 12000kbps, codec=H264
[AmfNativeWrapper] Initialized BGRA mode successfully (zero-copy, codec=H264)
[SIPSorcery] Track 0: Amf encoder initialized (BGRA mode - no color conversion)
[OpusEncoder] Created: 48000Hz, 2ch, 128000bps, frame=10ms (1920B)
[AudioCapture] WASAPI format: 48000Hz, 2ch, 32bit, encoding=IeeeFloat, buffer=10ms (event-driven)
[AudioCapture] Started: 48000Hz, 2ch
[SIPSorcery] Audio pipeline started (WASAPI loopback -> Opus -> RTP primary)
[Protocol] All 2 tracks ready, sending ice_ready
[Protocol] Reconnect in Phase 3: requested streamer re-activation
[Protocol] Encoder supports BGRA mode - enabling zero-copy pipeline (no color conversion)
[Protocol] Starting early capture to prevent browser track timeout...
[Protocol] Capture thread already running, skipping start
[SIPSorcery] Audio path: RTP primary (independent UDP, avoids SCTP congestion from H.265 video DC)
[SIPSorcery] Main PC: DataChannel received: label=audio, id=1
[SIPSorcery] Main PC: Audio DataChannel wired for sending
[SIPSorcery] Main PC: DataChannel received: label=cursor, id=3
[SIPSorcery] Main PC: Cursor DataChannel wired for sending
[SIPSorcery] Main PC: DataChannel received: label=h265video-0, id=5
[SIPSorcery] Main PC: H265 Video DataChannel wired for track 0
[SIPSorcery] Main PC: DataChannel received: label=h265video-1, id=7
[SIPSorcery] Main PC: H265 Video DataChannel wired for track 1
[SIPSorcery] Sync state reset + Phase 3 active (frames will now be sent)
[SIPSorcery] Track 1: Sent H264 codec config via DataChannel (45 bytes)
[SIPSorcery] Track 0: Sent H264 codec config via DataChannel (45 bytes)
[Protocol] Phase3 RX: type=reconnect_ack, len=24
[SIPSorcery] Stats: m0:10f(enc=11),lat=611us, m1:172f(enc=173),lat=263us, audio:46320pkts (57.7/sec), capture:10.0ms/cb(10.0ms data,293cb)
[Protocol] Phase3 RX: type=skip_to_live, len=35
[Protocol] Phase3 RX: type=candidate, len=160
[SIPSorcery] Main PC: Added remote ICE: candidate:3452676108 1 udp 2122194687 192.168.1.12...
[Protocol] Phase3 RX: type=candidate, len=162
[SIPSorcery] Main PC: Added remote ICE: candidate:3986810626 1 udp 2122129151 28.118.72.20...
[Protocol] Phase3 RX: type=candidate, len=184
[SIPSorcery] Main PC: Added remote ICE: candidate:113249348 1 udp 2122262783 2402:800:610d...
[Protocol] Phase3 RX: type=candidate, len=160
[SIPSorcery] Main PC: Added remote ICE: candidate:3452676108 1 udp 2122194687 192.168.1.12...
[Protocol] Phase3 RX: type=candidate, len=162
[SIPSorcery] Main PC: Added remote ICE: candidate:3986810626 1 udp 2122129151 28.118.72.20...
[Protocol] Phase3 RX: type=candidate, len=184
[SIPSorcery] Main PC: Added remote ICE: candidate:113249348 1 udp 2122262783 2402:800:610d...
[Protocol] Phase3 RX: type=candidate, len=160
[SIPSorcery] Main PC: Added remote ICE: candidate:3452676108 1 udp 2122194687 192.168.1.12...
[Protocol] Phase3 RX: type=candidate, len=162
[SIPSorcery] Main PC: Added remote ICE: candidate:3986810626 1 udp 2122129151 28.118.72.20...
[Protocol] Phase3 RX: type=candidate, len=184
[SIPSorcery] Main PC: Added remote ICE: candidate:113249348 1 udp 2122262783 2402:800:610d...
[Protocol] Phase3 RX: type=candidate, len=160
[SIPSorcery] Main PC: Added remote ICE: candidate:3452676108 1 udp 2122194687 192.168.1.12...
[Protocol] Phase3 RX: type=candidate, len=162
[SIPSorcery] Main PC: Added remote ICE: candidate:3986810626 1 udp 2122129151 28.118.72.20...
[Protocol] Phase3 RX: type=candidate, len=184
[SIPSorcery] Main PC: Added remote ICE: candidate:113249348 1 udp 2122262783 2402:800:610d...
[Protocol] Phase3 RX: type=offer, len=10046
[Protocol] Received reconnect offer during streaming (JSON format)
[SIPSorcery] Track 0: Dropping stale P-frame before first IDR (38638 bytes) - requesting keyframe
[SIPSorcery] Sync state reset, Phase 3 pending activation
[SIPSorcery] Sync state reset, Phase 3 pending activation
[Protocol] Received single offer for all monitors
[Protocol] Cleared answer state, preserved 0 pending ICE candidates
[Protocol] Monitor 0 native=1920x1080 -> encoder=1920x1080
[Protocol] Monitor 1 native=1920x1080 -> encoder=1920x1080
[Protocol] Parsed H264 PT from offer: 124
[OpusEncoder] Disposed
[SIPSorcery] Main PC: Audio DataChannel closed
[SIPSorcery] Main PC: Cursor DataChannel closed
[SIPSorcery] Main PC: H265 Video DataChannel closed for track 0
[SIPSorcery] Main PC: H265 Video DataChannel closed for track 1
[SIPSorcery] Main PC: Peer state: closed
[SIPSorcery] Main PC: Peer state CLOSED unexpectedly - awaiting client reconnect offer
[SIPSorcery] Connection closed
[SIPSorcery] Sync state reset, Phase 3 pending activation
[SIPSorcery] Offer H264 pt=124, fmtp=implementation_name=MediaCodec;level-asymmetry-allowed=1;packetization-mode=1;profile-level-id=42e01f, perTrackPc=False
[SIPSorcery] Client SDP: a=fingerprint:sha-256 7A:B4:53:7B:FA:05:0C:68:77:79:B6:5C:C7:87:78:93:4F:54:5E:FB:C3:DA:91:2B:E2:28:43:8E:BF:40:51:FC
[SIPSorcery] Client SDP: a=setup:actpass
[SIPSorcery] Client SDP: a=fingerprint:sha-256 7A:B4:53:7B:FA:05:0C:68:77:79:B6:5C:C7:87:78:93:4F:54:5E:FB:C3:DA:91:2B:E2:28:43:8E:BF:40:51:FC
[SIPSorcery] Client SDP: a=setup:actpass
[SIPSorcery] Client SDP: a=fingerprint:sha-256 7A:B4:53:7B:FA:05:0C:68:77:79:B6:5C:C7:87:78:93:4F:54:5E:FB:C3:DA:91:2B:E2:28:43:8E:BF:40:51:FC
[SIPSorcery] Client SDP: a=setup:actpass
[SIPSorcery] Client SDP: a=fingerprint:sha-256 7A:B4:53:7B:FA:05:0C:68:77:79:B6:5C:C7:87:78:93:4F:54:5E:FB:C3:DA:91:2B:E2:28:43:8E:BF:40:51:FC
[SIPSorcery] Client SDP: a=setup:actpass
[SIPSorcery] Main PC: PeerConnection created (with STUN/TURN)
[SIPSorcery] Main PC: Added video track 0: 1920x1080 (device=8387A103), SSRC=1356681090
[SIPSorcery] Main PC: Added video track 1: 1920x1080 (device=82ED39E3), SSRC=157046212
[SIPSorcery] Main PC: Added SendOnly Opus audio track (RTP transport)
[SIPSorcery] Main PC: Waiting for audio/cursor/h265video DataChannels (per-track or legacy)
[SIPSorcery] Main PC: ICE state: checking
[SIPSorcery] Main PC: Signaling state: have_remote_offer
[SIPSorcery] Main PC: After setRemoteDescription: signalingState=have_remote_offer
[SIPSorcery] Main PC: Local ICE: 2566415119 1 udp 2113940223 2402:800:610d:eab:540f...
[SIPSorcery] Main PC: Local ICE: 1568937684 1 udp 2113940223 2402:800:610d:eab:85e:...
[SIPSorcery] Main PC: Local ICE: 2361428796 1 udp 2113937663 192.168.1.7 56378 typ ...
[SIPSorcery] Main PC: After createAnswer: signalingState=have_remote_offer, answer.type=answer
[SIPSorcery] Main PC SDP: a=fingerprint:sha-256 A9:A9:50:69:A5:09:5A:3B:04:01:D7:4A:EE:BA:B8:F9:D1:E8:B2:99:4D:8C:E8:37:E7:5D:C6:0A:7E:FF:C8:7C
[SIPSorcery] Main PC SDP: a=setup:active
[SIPSorcery] Main PC SDP: a=fingerprint:sha-256 A9:A9:50:69:A5:09:5A:3B:04:01:D7:4A:EE:BA:B8:F9:D1:E8:B2:99:4D:8C:E8:37:E7:5D:C6:0A:7E:FF:C8:7C
[SIPSorcery] Main PC SDP: a=setup:active
[SIPSorcery] Main PC SDP: a=fingerprint:sha-256 A9:A9:50:69:A5:09:5A:3B:04:01:D7:4A:EE:BA:B8:F9:D1:E8:B2:99:4D:8C:E8:37:E7:5D:C6:0A:7E:FF:C8:7C
[SIPSorcery] Main PC SDP: a=setup:active
[SIPSorcery] Main PC SDP: a=fingerprint:sha-256 A9:A9:50:69:A5:09:5A:3B:04:01:D7:4A:EE:BA:B8:F9:D1:E8:B2:99:4D:8C:E8:37:E7:5D:C6:0A:7E:FF:C8:7C
[SIPSorcery] Main PC SDP: a=setup:active
[SIPSorcery] Main PC: Answer ready, 2124 bytes
[Protocol] SDP filtered m=video: m=video 9 UDP/TLS/RTP/SAVPF 124 (H264 PT=124)
[Protocol] SDP kept: a=rtpmap:124 H264/90000
[Protocol] SDP kept: a=fmtp:124 implementation_name=MediaCodec;level-asymmetry-allowed=1;packetization-mode=1;profile-level-id=420428
[Protocol] SDP filtered m=video: m=video 9 UDP/TLS/RTP/SAVPF 124 (H264 PT=124)
[Protocol] SDP kept: a=rtpmap:124 H264/90000
[Protocol] SDP kept: a=fmtp:124 implementation_name=MediaCodec;level-asymmetry-allowed=1;packetization-mode=1;profile-level-id=420428
[Protocol] Filtered SDP from 2124 to 2124 bytes
[Protocol] Extracted 1 embedded ICE candidates from answer
[Protocol] Answer JSON: {"type":"answer","monitorIndex":0,"sdp":"v=0\r\no=- 96561 0 IN IP4 127.0.0.1\r\ns=sipsorcery\r\nt=0 0\r\na=group:BUNDLE 0 1 2 3\r\nm=video 9 UDP/TLS/R...
[Protocol] Sent single answer, len=2206 bytes
[SIPSorcery] Main PC: Local ICE: 4243588485 1 udp 1677730047 171.241.42.76 56378 ty...
[SIPSorcery] Main PC: ICE state: connected
[SIPSorcery] Main PC: ICE CONNECTED - waiting for DTLS...
[SIPSorcery] Main PC: Peer state: connecting
[SIPSorcery] Main PC: Peer state: connected
[SIPSorcery] Main PC: DTLS CONNECTED - initializing encoders now
[GpuVendorDetector] Detected AMD GPU: AMD Radeon RX 7600
[SIPSorcery] Detected GPU vendor: AMD
[OpusEncoder] Created: 48000Hz, 2ch, 128000bps, frame=10ms (1920B)
[AudioCapture] WASAPI format: 48000Hz, 2ch, 32bit, encoding=IeeeFloat, buffer=10ms (event-driven)
[AudioCapture] Started: 48000Hz, 2ch
[SIPSorcery] Audio pipeline started (WASAPI loopback -> Opus -> RTP primary)
[Protocol] All 2 tracks ready, sending ice_ready
[Protocol] Reconnect in Phase 3: requested streamer re-activation
[Protocol] Encoder supports BGRA mode - enabling zero-copy pipeline (no color conversion)
[Protocol] Starting early capture to prevent browser track timeout...
[Protocol] Capture thread already running, skipping start
[SIPSorcery] Audio path: RTP primary (independent UDP, avoids SCTP congestion from H.265 video DC)
[Protocol] Phase3 RX: type=reconnect_ack, len=24
[SIPSorcery] Main PC: DataChannel received: label=audio, id=1
[SIPSorcery] Main PC: Audio DataChannel wired for sending
[SIPSorcery] Main PC: DataChannel received: label=cursor, id=3
[SIPSorcery] Main PC: Cursor DataChannel wired for sending
[SIPSorcery] Sync state reset + Phase 3 active (frames will now be sent)
[SIPSorcery] Main PC: DataChannel received: label=h265video-0, id=5
[SIPSorcery] Main PC: H265 Video DataChannel wired for track 0
[SIPSorcery] Main PC: DataChannel received: label=h265video-1, id=7
[SIPSorcery] Main PC: H265 Video DataChannel wired for track 1
[SIPSorcery] Track 1: Sent H264 codec config via DataChannel (45 bytes)
[SIPSorcery] Stats: m0:0f(enc=0),lat=1150us, m1:14f(enc=15),lat=263us, audio:46628pkts (30.8/sec), capture:10.2ms/cb(10.0ms data,26cb)
[SIPSorcery] Stats: m0:0f(enc=0),lat=1150us, m1:18f(enc=19),lat=263us, audio:46633pkts (0.5/sec), capture:9.4ms/cb(10.0ms data,5cb)
[Protocol] Phase3 RX: type=skip_to_live, len=35
[SIPSorcery] Track 0: Sent H264 codec config via DataChannel (45 bytes)
[SIPSorcery] Stats: m0:3f(enc=3),lat=1150us, m1:192f(enc=193),lat=263us, audio:46923pkts (29.0/sec), capture:10.0ms/cb(10.0ms data,290cb)
[AdaptiveBitrate] Auto-recovery: 12000 → 12750 kbps (stable for 15.2s)
[AdaptiveBitrate] Adjusting: 12000 → 12750 kbps (conditions_good (loss=0.0%, buffer=high_latency))
[AmfNativeWrapper] Bitrate changed to 12750kbps
[SIPSorcery] Track 0 bitrate → 12750kbps
[AmfNativeWrapper] Bitrate changed to 12750kbps
[SIPSorcery] Track 1 bitrate → 12750kbps
[SIPSorcery] Bitrate adjusted: 12750kbps (conditions_good (loss=0.0%, buffer=high_latency))
[Protocol] Bitrate adjusted: 12750kbps - conditions_good (loss=0.0%, buffer=high_latency)
[SIPSorcery] Stats: m0:14f(enc=15),lat=1149us, m1:397f(enc=398),lat=263us, audio:47266pkts (34.3/sec), capture:10.0ms/cb(10.0ms data,343cb)
[Protocol] Phase3 RX: type=skip_to_live, len=35
[Protocol] Phase3 RX: type=candidate, len=160
[SIPSorcery] Main PC: Added remote ICE: candidate:3873389029 1 udp 2122194687 192.168.1.12...
[Protocol] Phase3 RX: type=candidate, len=160
[SIPSorcery] Main PC: Added remote ICE: candidate:21462701 1 udp 2122129151 28.118.72.208 ...
[Protocol] Phase3 RX: type=candidate, len=185
[SIPSorcery] Main PC: Added remote ICE: candidate:2652109795 1 udp 2122262783 2402:800:610...
[Protocol] Phase3 RX: type=candidate, len=160
[SIPSorcery] Main PC: Added remote ICE: candidate:3873389029 1 udp 2122194687 192.168.1.12...
[Protocol] Phase3 RX: type=candidate, len=160
[SIPSorcery] Main PC: Added remote ICE: candidate:21462701 1 udp 2122129151 28.118.72.208 ...
[Protocol] Phase3 RX: type=candidate, len=185
[SIPSorcery] Main PC: Added remote ICE: candidate:2652109795 1 udp 2122262783 2402:800:610...
[Protocol] Phase3 RX: type=candidate, len=160
[SIPSorcery] Main PC: Added remote ICE: candidate:3873389029 1 udp 2122194687 192.168.1.12...
[Protocol] Phase3 RX: type=candidate, len=160
[SIPSorcery] Main PC: Added remote ICE: candidate:21462701 1 udp 2122129151 28.118.72.208 ...
[Protocol] Phase3 RX: type=candidate, len=185
[SIPSorcery] Main PC: Added remote ICE: candidate:2652109795 1 udp 2122262783 2402:800:610...
[Protocol] Phase3 RX: type=candidate, len=160
[SIPSorcery] Main PC: Added remote ICE: candidate:3873389029 1 udp 2122194687 192.168.1.12...
[Protocol] Phase3 RX: type=candidate, len=160
[SIPSorcery] Main PC: Added remote ICE: candidate:21462701 1 udp 2122129151 28.118.72.208 ...
[Protocol] Phase3 RX: type=candidate, len=185
[SIPSorcery] Main PC: Added remote ICE: candidate:2652109795 1 udp 2122262783 2402:800:610...
[Protocol] Phase3 RX: type=offer, len=10046
[Protocol] Received reconnect offer during streaming (JSON format)
[SIPSorcery] Track 0: Dropping stale P-frame before first IDR (3247 bytes) - requesting keyframe
[SIPSorcery] Track 1: Dropping stale P-frame before first IDR (28958 bytes) - requesting keyframe
[SIPSorcery] Sync state reset, Phase 3 pending activation
[SIPSorcery] Sync state reset, Phase 3 pending activation
[Protocol] Received single offer for all monitors
[Protocol] Cleared answer state, preserved 0 pending ICE candidates
[Protocol] Monitor 0 native=1920x1080 -> encoder=1920x1080
[Protocol] Monitor 1 native=1920x1080 -> encoder=1920x1080
[Protocol] Parsed H264 PT from offer: 124
[OpusEncoder] Disposed
[SIPSorcery] Main PC: Audio DataChannel closed
[SIPSorcery] Main PC: Cursor DataChannel closed
[SIPSorcery] Main PC: H265 Video DataChannel closed for track 0
[SIPSorcery] Main PC: H265 Video DataChannel closed for track 1
[SIPSorcery] Main PC: Peer state: closed
[SIPSorcery] Main PC: Peer state CLOSED unexpectedly - awaiting client reconnect offer
[SIPSorcery] Connection closed
[SIPSorcery] Sync state reset, Phase 3 pending activation
[SIPSorcery] Offer H264 pt=124, fmtp=implementation_name=MediaCodec;level-asymmetry-allowed=1;packetization-mode=1;profile-level-id=42e01f, perTrackPc=False
[SIPSorcery] Client SDP: a=fingerprint:sha-256 5F:1A:2E:8D:33:67:F2:6E:9A:F2:DA:B1:81:F0:EC:64:3D:80:55:C6:AC:D3:D3:78:2A:58:79:A8:95:F9:F3:58
[SIPSorcery] Client SDP: a=setup:actpass
[SIPSorcery] Client SDP: a=fingerprint:sha-256 5F:1A:2E:8D:33:67:F2:6E:9A:F2:DA:B1:81:F0:EC:64:3D:80:55:C6:AC:D3:D3:78:2A:58:79:A8:95:F9:F3:58
[SIPSorcery] Client SDP: a=setup:actpass
[SIPSorcery] Client SDP: a=fingerprint:sha-256 5F:1A:2E:8D:33:67:F2:6E:9A:F2:DA:B1:81:F0:EC:64:3D:80:55:C6:AC:D3:D3:78:2A:58:79:A8:95:F9:F3:58
[SIPSorcery] Client SDP: a=setup:actpass
[SIPSorcery] Client SDP: a=fingerprint:sha-256 5F:1A:2E:8D:33:67:F2:6E:9A:F2:DA:B1:81:F0:EC:64:3D:80:55:C6:AC:D3:D3:78:2A:58:79:A8:95:F9:F3:58
[SIPSorcery] Client SDP: a=setup:actpass
[SIPSorcery] Main PC: PeerConnection created (with STUN/TURN)
[SIPSorcery] Main PC: Added video track 0: 1920x1080 (device=8387A103), SSRC=714913893
[SIPSorcery] Main PC: Added video track 1: 1920x1080 (device=82ED39E3), SSRC=1682499560
[SIPSorcery] Main PC: Added SendOnly Opus audio track (RTP transport)
[SIPSorcery] Main PC: Waiting for audio/cursor/h265video DataChannels (per-track or legacy)
[SIPSorcery] Main PC: ICE state: checking
[SIPSorcery] Main PC: Signaling state: have_remote_offer
[SIPSorcery] Main PC: After setRemoteDescription: signalingState=have_remote_offer
[SIPSorcery] Main PC: Local ICE: 2566415119 1 udp 2113940223 2402:800:610d:eab:540f...
[SIPSorcery] Main PC: Local ICE: 1568937684 1 udp 2113940223 2402:800:610d:eab:85e:...
[SIPSorcery] Main PC: Local ICE: 2361428796 1 udp 2113937663 192.168.1.7 62478 typ ...
[SIPSorcery] Main PC: After createAnswer: signalingState=have_remote_offer, answer.type=answer
[SIPSorcery] Main PC SDP: a=fingerprint:sha-256 E2:9C:E8:65:9D:2C:7C:B1:64:2C:9A:D9:03:C6:98:D3:B2:7F:B6:73:D3:F3:62:5A:EC:EF:A7:8D:C7:8C:C0:5A
[SIPSorcery] Main PC SDP: a=setup:active
[SIPSorcery] Main PC SDP: a=fingerprint:sha-256 E2:9C:E8:65:9D:2C:7C:B1:64:2C:9A:D9:03:C6:98:D3:B2:7F:B6:73:D3:F3:62:5A:EC:EF:A7:8D:C7:8C:C0:5A
[SIPSorcery] Main PC SDP: a=setup:active
[SIPSorcery] Main PC SDP: a=fingerprint:sha-256 E2:9C:E8:65:9D:2C:7C:B1:64:2C:9A:D9:03:C6:98:D3:B2:7F:B6:73:D3:F3:62:5A:EC:EF:A7:8D:C7:8C:C0:5A
[SIPSorcery] Main PC SDP: a=setup:active
[SIPSorcery] Main PC SDP: a=fingerprint:sha-256 E2:9C:E8:65:9D:2C:7C:B1:64:2C:9A:D9:03:C6:98:D3:B2:7F:B6:73:D3:F3:62:5A:EC:EF:A7:8D:C7:8C:C0:5A
[SIPSorcery] Main PC SDP: a=setup:active
[SIPSorcery] Main PC: Answer ready, 2123 bytes
[Protocol] SDP filtered m=video: m=video 9 UDP/TLS/RTP/SAVPF 124 (H264 PT=124)
[Protocol] SDP kept: a=rtpmap:124 H264/90000
[Protocol] SDP kept: a=fmtp:124 implementation_name=MediaCodec;level-asymmetry-allowed=1;packetization-mode=1;profile-level-id=420428
[Protocol] SDP filtered m=video: m=video 9 UDP/TLS/RTP/SAVPF 124 (H264 PT=124)
[Protocol] SDP kept: a=rtpmap:124 H264/90000
[Protocol] SDP kept: a=fmtp:124 implementation_name=MediaCodec;level-asymmetry-allowed=1;packetization-mode=1;profile-level-id=420428
[Protocol] Filtered SDP from 2123 to 2123 bytes
[Protocol] Extracted 1 embedded ICE candidates from answer
[Protocol] Answer JSON: {"type":"answer","monitorIndex":0,"sdp":"v=0\r\no=- 19736 0 IN IP4 127.0.0.1\r\ns=sipsorcery\r\nt=0 0\r\na=group:BUNDLE 0 1 2 3\r\nm=video 9 UDP/TLS/R...
[Protocol] Sent single answer, len=2205 bytes
[SIPSorcery] Main PC: Local ICE: 4243588485 1 udp 1677730047 171.241.42.76 62478 ty...
[SIPSorcery] Main PC: ICE state: connected
[SIPSorcery] Main PC: ICE CONNECTED - waiting for DTLS...
[SIPSorcery] Main PC: Peer state: connecting
[SIPSorcery] Main PC: Peer state: connected
[SIPSorcery] Main PC: DTLS CONNECTED - initializing encoders now
[GpuVendorDetector] Detected AMD GPU: AMD Radeon RX 7600
[SIPSorcery] Detected GPU vendor: AMD
[OpusEncoder] Created: 48000Hz, 2ch, 128000bps, frame=10ms (1920B)
[AudioCapture] WASAPI format: 48000Hz, 2ch, 32bit, encoding=IeeeFloat, buffer=10ms (event-driven)
[AudioCapture] Started: 48000Hz, 2ch
[SIPSorcery] Audio pipeline started (WASAPI loopback -> Opus -> RTP primary)
[Protocol] All 2 tracks ready, sending ice_ready
[Protocol] Reconnect in Phase 3: requested streamer re-activation
[Protocol] Encoder supports BGRA mode - enabling zero-copy pipeline (no color conversion)
[Protocol] Starting early capture to prevent browser track timeout...
[Protocol] Capture thread already running, skipping start
[SIPSorcery] Sync state reset + Phase 3 active (frames will now be sent)
[SIPSorcery] Audio path: RTP primary (independent UDP, avoids SCTP congestion from H.265 video DC)
[SIPSorcery] Main PC: DataChannel received: label=audio, id=1
[SIPSorcery] Main PC: Audio DataChannel wired for sending
[SIPSorcery] Main PC: DataChannel received: label=cursor, id=3
[SIPSorcery] Main PC: Cursor DataChannel wired for sending
[SIPSorcery] Main PC: DataChannel received: label=h265video-0, id=5
[SIPSorcery] Main PC: H265 Video DataChannel wired for track 0
[SIPSorcery] Main PC: DataChannel received: label=h265video-1, id=7
[SIPSorcery] Main PC: H265 Video DataChannel wired for track 1
[SIPSorcery] Track 1: Sent H264 codec config via DataChannel (45 bytes)
[Protocol] Phase3 RX: type=reconnect_ack, len=24
[SIPSorcery] Stats: m0:0f(enc=0),lat=1429us, m1:76f(enc=77),lat=263us, audio:47500pkts (23.4/sec), capture:10.0ms/cb(10.0ms data,126cb)
[AdaptiveBitrate] Auto-recovery: 12750 → 13312 kbps (stable for 19.4s)
[AdaptiveBitrate] Adjusting: 12750 → 13312 kbps (conditions_good (loss=0.0%, buffer=high_latency))
[AmfNativeWrapper] Bitrate changed to 13312kbps
[SIPSorcery] Track 0 bitrate → 13312kbps
[AmfNativeWrapper] Bitrate changed to 13312kbps
[SIPSorcery] Track 1 bitrate → 13312kbps
[SIPSorcery] Bitrate adjusted: 13312kbps (conditions_good (loss=0.0%, buffer=high_latency))
[Protocol] Bitrate adjusted: 13312kbps - conditions_good (loss=0.0%, buffer=high_latency)
[SIPSorcery] Stats: m0:0f(enc=0),lat=1429us, m1:120f(enc=121),lat=263us, audio:47575pkts (7.5/sec), capture:10.0ms/cb(10.0ms data,75cb)
[SIPSorcery] Stats: m0:0f(enc=0),lat=1429us, m1:124f(enc=125),lat=263us, audio:47580pkts (0.5/sec), capture:9.4ms/cb(10.0ms data,5cb)
[SIPSorcery] Track 0: Sent H264 codec config via DataChannel (45 bytes)
[AdaptiveBitrate] DC congestion ceiling set: 11980kbps (triggered at 13312kbps)
[WARN] [SIPSorcery] Track 1: DC buffer HIGH (1050KB), dropping P-frame
[AmfNativeWrapper] Bitrate changed to 10649kbps
[AmfNativeWrapper] Bitrate changed to 10649kbps
[WARN] [SIPSorcery] Track 1: DC buffer HIGH (1041KB), deferring IDR
[Protocol] Phase3 RX: type=request_keyframe_burst, len=60
[SIPSorcery] Keyframe burst: monitor=1, count=5
[SIPSorcery] Stats: m0:50f(enc=51),lat=1423us, m1:296f(enc=297),lat=264us, audio:47870pkts (29.0/sec), capture:10.0ms/cb(10.0ms data,290cb)
[Protocol] Phase3 RX: type=skip_to_live, len=49
[Protocol] Phase3 RX: type=request_keyframe_burst, len=60
[SIPSorcery] Keyframe burst: monitor=1, count=5
[AmfNativeWrapper] Bitrate changed to 13312kbps
[AmfNativeWrapper] Bitrate changed to 10649kbps
[Protocol] Phase3 RX: type=candidate, len=160
[SIPSorcery] Main PC: Added remote ICE: candidate:2114438983 1 udp 2122194687 192.168.1.12...
[Protocol] Phase3 RX: type=candidate, len=161
[SIPSorcery] Main PC: Added remote ICE: candidate:115840674 1 udp 2122129151 28.118.72.208...
[Protocol] Phase3 RX: type=candidate, len=185
[SIPSorcery] Main PC: Added remote ICE: candidate:2535239344 1 udp 2122262783 2402:800:610...
[Protocol] Phase3 RX: type=candidate, len=160
[SIPSorcery] Main PC: Added remote ICE: candidate:2114438983 1 udp 2122194687 192.168.1.12...
[Protocol] Phase3 RX: type=candidate, len=161
[SIPSorcery] Main PC: Added remote ICE: candidate:115840674 1 udp 2122129151 28.118.72.208...
[Protocol] Phase3 RX: type=candidate, len=185
[SIPSorcery] Main PC: Added remote ICE: candidate:2535239344 1 udp 2122262783 2402:800:610...
[Protocol] Phase3 RX: type=candidate, len=160
[SIPSorcery] Main PC: Added remote ICE: candidate:2114438983 1 udp 2122194687 192.168.1.12...
[Protocol] Phase3 RX: type=candidate, len=161
[SIPSorcery] Main PC: Added remote ICE: candidate:115840674 1 udp 2122129151 28.118.72.208...
[Protocol] Phase3 RX: type=candidate, len=185
[SIPSorcery] Main PC: Added remote ICE: candidate:2535239344 1 udp 2122262783 2402:800:610...
[Protocol] Phase3 RX: type=candidate, len=160
[SIPSorcery] Main PC: Added remote ICE: candidate:2114438983 1 udp 2122194687 192.168.1.12...
[Protocol] Phase3 RX: type=candidate, len=161
[SIPSorcery] Main PC: Added remote ICE: candidate:115840674 1 udp 2122129151 28.118.72.208...
[Protocol] Phase3 RX: type=candidate, len=185
[SIPSorcery] Main PC: Added remote ICE: candidate:2535239344 1 udp 2122262783 2402:800:610...
[Protocol] Phase3 RX: type=offer, len=10046
[Protocol] Received reconnect offer during streaming (JSON format)
[SIPSorcery] Track 0: Dropping stale P-frame before first IDR (181329 bytes) - requesting keyframe
[SIPSorcery] Track 1: Dropping stale P-frame before first IDR (14733 bytes) - requesting keyframe
[SIPSorcery] Sync state reset, Phase 3 pending activation
[SIPSorcery] Sync state reset, Phase 3 pending activation
[Protocol] Received single offer for all monitors
[Protocol] Cleared answer state, preserved 0 pending ICE candidates
[Protocol] Monitor 0 native=1920x1080 -> encoder=1920x1080
[Protocol] Monitor 1 native=1920x1080 -> encoder=1920x1080
[Protocol] Parsed H264 PT from offer: 124
[OpusEncoder] Disposed
[SIPSorcery] Main PC: Audio DataChannel closed
[SIPSorcery] Main PC: Cursor DataChannel closed
[SIPSorcery] Main PC: H265 Video DataChannel closed for track 0
[SIPSorcery] Main PC: H265 Video DataChannel closed for track 1
[SIPSorcery] Main PC: Peer state: closed
[SIPSorcery] Main PC: Peer state CLOSED unexpectedly - awaiting client reconnect offer
[SIPSorcery] Connection closed
[SIPSorcery] Sync state reset, Phase 3 pending activation
[SIPSorcery] Offer H264 pt=124, fmtp=implementation_name=MediaCodec;level-asymmetry-allowed=1;packetization-mode=1;profile-level-id=42e01f, perTrackPc=False
[SIPSorcery] Client SDP: a=fingerprint:sha-256 8D:D4:5E:05:A4:75:E5:2C:D8:11:90:FF:17:B5:34:A8:80:DE:6D:DD:55:40:A7:7E:6F:04:5F:91:15:CA:07:1D
[SIPSorcery] Client SDP: a=setup:actpass
[SIPSorcery] Client SDP: a=fingerprint:sha-256 8D:D4:5E:05:A4:75:E5:2C:D8:11:90:FF:17:B5:34:A8:80:DE:6D:DD:55:40:A7:7E:6F:04:5F:91:15:CA:07:1D
[SIPSorcery] Client SDP: a=setup:actpass
[SIPSorcery] Client SDP: a=fingerprint:sha-256 8D:D4:5E:05:A4:75:E5:2C:D8:11:90:FF:17:B5:34:A8:80:DE:6D:DD:55:40:A7:7E:6F:04:5F:91:15:CA:07:1D
[SIPSorcery] Client SDP: a=setup:actpass
[SIPSorcery] Client SDP: a=fingerprint:sha-256 8D:D4:5E:05:A4:75:E5:2C:D8:11:90:FF:17:B5:34:A8:80:DE:6D:DD:55:40:A7:7E:6F:04:5F:91:15:CA:07:1D
[SIPSorcery] Client SDP: a=setup:actpass
[SIPSorcery] Main PC: PeerConnection created (with STUN/TURN)
[SIPSorcery] Main PC: Added video track 0: 1920x1080 (device=8387A103), SSRC=1484822961
[SIPSorcery] Main PC: Added video track 1: 1920x1080 (device=82ED39E3), SSRC=848466735
[SIPSorcery] Main PC: Added SendOnly Opus audio track (RTP transport)
[SIPSorcery] Main PC: Waiting for audio/cursor/h265video DataChannels (per-track or legacy)
[SIPSorcery] Main PC: ICE state: checking
[SIPSorcery] Main PC: Signaling state: have_remote_offer
[SIPSorcery] Main PC: After setRemoteDescription: signalingState=have_remote_offer
[SIPSorcery] Main PC: Local ICE: 2566415119 1 udp 2113940223 2402:800:610d:eab:540f...
[SIPSorcery] Main PC: Local ICE: 1568937684 1 udp 2113940223 2402:800:610d:eab:85e:...
[SIPSorcery] Main PC: Local ICE: 2361428796 1 udp 2113937663 192.168.1.7 63020 typ ...
[SIPSorcery] Main PC: After createAnswer: signalingState=have_remote_offer, answer.type=answer
[SIPSorcery] Main PC SDP: a=fingerprint:sha-256 00:9A:5D:FA:C5:81:0E:46:AD:59:09:7F:34:F1:A3:3C:C1:FB:E6:A6:70:35:D2:A8:30:96:23:C0:1C:0B:18:FD
[SIPSorcery] Main PC SDP: a=setup:active
[SIPSorcery] Main PC SDP: a=fingerprint:sha-256 00:9A:5D:FA:C5:81:0E:46:AD:59:09:7F:34:F1:A3:3C:C1:FB:E6:A6:70:35:D2:A8:30:96:23:C0:1C:0B:18:FD
[SIPSorcery] Main PC SDP: a=setup:active
[SIPSorcery] Main PC SDP: a=fingerprint:sha-256 00:9A:5D:FA:C5:81:0E:46:AD:59:09:7F:34:F1:A3:3C:C1:FB:E6:A6:70:35:D2:A8:30:96:23:C0:1C:0B:18:FD
[SIPSorcery] Main PC SDP: a=setup:active
[SIPSorcery] Main PC SDP: a=fingerprint:sha-256 00:9A:5D:FA:C5:81:0E:46:AD:59:09:7F:34:F1:A3:3C:C1:FB:E6:A6:70:35:D2:A8:30:96:23:C0:1C:0B:18:FD
[SIPSorcery] Main PC SDP: a=setup:active
[SIPSorcery] Main PC: Answer ready, 2124 bytes
[Protocol] SDP filtered m=video: m=video 9 UDP/TLS/RTP/SAVPF 124 (H264 PT=124)
[Protocol] SDP kept: a=rtpmap:124 H264/90000
[Protocol] SDP kept: a=fmtp:124 implementation_name=MediaCodec;level-asymmetry-allowed=1;packetization-mode=1;profile-level-id=420428
[Protocol] SDP filtered m=video: m=video 9 UDP/TLS/RTP/SAVPF 124 (H264 PT=124)
[Protocol] SDP kept: a=rtpmap:124 H264/90000
[Protocol] SDP kept: a=fmtp:124 implementation_name=MediaCodec;level-asymmetry-allowed=1;packetization-mode=1;profile-level-id=420428
[Protocol] Filtered SDP from 2124 to 2124 bytes
[Protocol] Extracted 1 embedded ICE candidates from answer
[Protocol] Answer JSON: {"type":"answer","monitorIndex":0,"sdp":"v=0\r\no=- 40835 0 IN IP4 127.0.0.1\r\ns=sipsorcery\r\nt=0 0\r\na=group:BUNDLE 0 1 2 3\r\nm=video 9 UDP/TLS/R...
[Protocol] Sent single answer, len=2206 bytes
[SIPSorcery] Main PC: Local ICE: 4243588485 1 udp 1677730047 171.241.42.76 63020 ty...
[SIPSorcery] Main PC: ICE state: connected
[SIPSorcery] Main PC: ICE CONNECTED - waiting for DTLS...
[SIPSorcery] Main PC: Peer state: connecting
[SIPSorcery] Main PC: Peer state: connected
[SIPSorcery] Main PC: DTLS CONNECTED - initializing encoders now
[GpuVendorDetector] Detected AMD GPU: AMD Radeon RX 7600
[SIPSorcery] Detected GPU vendor: AMD
[OpusEncoder] Created: 48000Hz, 2ch, 128000bps, frame=10ms (1920B)
[AudioCapture] WASAPI format: 48000Hz, 2ch, 32bit, encoding=IeeeFloat, buffer=10ms (event-driven)
[AudioCapture] Started: 48000Hz, 2ch
[SIPSorcery] Audio pipeline started (WASAPI loopback -> Opus -> RTP primary)
[Protocol] All 2 tracks ready, sending ice_ready
[Protocol] Reconnect in Phase 3: requested streamer re-activation
[Protocol] Encoder supports BGRA mode - enabling zero-copy pipeline (no color conversion)
[Protocol] Starting early capture to prevent browser track timeout...
[Protocol] Capture thread already running, skipping start
[SIPSorcery] Audio path: RTP primary (independent UDP, avoids SCTP congestion from H.265 video DC)
[SIPSorcery] Sync state reset + Phase 3 active (frames will now be sent)
[SIPSorcery] Main PC: DataChannel received: label=audio, id=1
[SIPSorcery] Main PC: Audio DataChannel wired for sending
[SIPSorcery] Main PC: DataChannel received: label=cursor, id=3
[SIPSorcery] Main PC: Cursor DataChannel wired for sending
[SIPSorcery] Main PC: DataChannel received: label=h265video-0, id=5
[SIPSorcery] Main PC: H265 Video DataChannel wired for track 0
[SIPSorcery] Main PC: DataChannel received: label=h265video-1, id=7
[SIPSorcery] Main PC: H265 Video DataChannel wired for track 1
[SIPSorcery] Track 1: Sent H264 codec config via DataChannel (45 bytes)
[Protocol] Phase3 RX: type=reconnect_ack, len=24
[Protocol] Phase3 RX: type=skip_to_live, len=35
[SIPSorcery] Stats: m0:0f(enc=0),lat=1437us, m1:75f(enc=76),lat=264us, audio:48158pkts (28.8/sec), capture:10.0ms/cb(10.0ms data,137cb)
[SIPSorcery] Stats: m0:0f(enc=0),lat=1437us, m1:142f(enc=143),lat=264us, audio:48271pkts (11.3/sec), capture:10.0ms/cb(10.0ms data,112cb)
[SIPSorcery] Stats: m0:0f(enc=0),lat=1437us, m1:247f(enc=248),lat=264us, audio:48446pkts (17.5/sec), capture:10.0ms/cb(10.0ms data,175cb)
[SIPSorcery] Stats: m0:0f(enc=0),lat=1437us, m1:291f(enc=292),lat=264us, audio:48521pkts (7.5/sec), capture:10.0ms/cb(10.0ms data,75cb)
[SIPSorcery] Stats: m0:0f(enc=0),lat=1437us, m1:295f(enc=296),lat=264us, audio:48526pkts (0.5/sec), capture:9.4ms/cb(10.0ms data,5cb)
[Protocol] Phase3 RX: type=candidate, len=160
[SIPSorcery] Main PC: Added remote ICE: candidate:1797184678 1 udp 2122194687 192.168.1.12...
[Protocol] Phase3 RX: type=candidate, len=161
[SIPSorcery] Main PC: Added remote ICE: candidate:335449411 1 udp 2122129151 28.118.72.208...
[Protocol] Phase3 RX: type=candidate, len=185
[SIPSorcery] Main PC: Added remote ICE: candidate:2181412177 1 udp 2122262783 2402:800:610...
[Protocol] Phase3 RX: type=candidate, len=160
[SIPSorcery] Main PC: Added remote ICE: candidate:1797184678 1 udp 2122194687 192.168.1.12...
[Protocol] Phase3 RX: type=candidate, len=161
[SIPSorcery] Main PC: Added remote ICE: candidate:335449411 1 udp 2122129151 28.118.72.208...
[Protocol] Phase3 RX: type=candidate, len=185
[SIPSorcery] Main PC: Added remote ICE: candidate:2181412177 1 udp 2122262783 2402:800:610...
[Protocol] Phase3 RX: type=candidate, len=160
[SIPSorcery] Main PC: Added remote ICE: candidate:1797184678 1 udp 2122194687 192.168.1.12...
[Protocol] Phase3 RX: type=candidate, len=161
[SIPSorcery] Main PC: Added remote ICE: candidate:335449411 1 udp 2122129151 28.118.72.208...
[Protocol] Phase3 RX: type=candidate, len=185
[SIPSorcery] Main PC: Added remote ICE: candidate:2181412177 1 udp 2122262783 2402:800:610...
[Protocol] Phase3 RX: type=candidate, len=160
[SIPSorcery] Main PC: Added remote ICE: candidate:1797184678 1 udp 2122194687 192.168.1.12...
[Protocol] Phase3 RX: type=candidate, len=161
[SIPSorcery] Main PC: Added remote ICE: candidate:335449411 1 udp 2122129151 28.118.72.208...
[Protocol] Phase3 RX: type=candidate, len=185
[SIPSorcery] Main PC: Added remote ICE: candidate:2181412177 1 udp 2122262783 2402:800:610...
[Protocol] Phase3 RX: type=offer, len=10046
[Protocol] Received reconnect offer during streaming (JSON format)
[SIPSorcery] Track 1: Dropping stale P-frame before first IDR (29064 bytes) - requesting keyframe
[SIPSorcery] Sync state reset, Phase 3 pending activation
[SIPSorcery] Sync state reset, Phase 3 pending activation
[Protocol] Received single offer for all monitors
[Protocol] Cleared answer state, preserved 0 pending ICE candidates
[Protocol] Monitor 0 native=1920x1080 -> encoder=1920x1080
[Protocol] Monitor 1 native=1920x1080 -> encoder=1920x1080
[Protocol] Parsed H264 PT from offer: 124
[OpusEncoder] Disposed
[SIPSorcery] Main PC: Audio DataChannel closed
[SIPSorcery] Main PC: Cursor DataChannel closed
[SIPSorcery] Main PC: H265 Video DataChannel closed for track 0
[SIPSorcery] Main PC: H265 Video DataChannel closed for track 1
[SIPSorcery] Main PC: Peer state: closed
[SIPSorcery] Main PC: Peer state CLOSED unexpectedly - awaiting client reconnect offer
[SIPSorcery] Connection closed
[SIPSorcery] Sync state reset, Phase 3 pending activation
[SIPSorcery] Offer H264 pt=124, fmtp=implementation_name=MediaCodec;level-asymmetry-allowed=1;packetization-mode=1;profile-level-id=42e01f, perTrackPc=False
[SIPSorcery] Client SDP: a=fingerprint:sha-256 26:E2:CC:87:7E:3A:31:DB:44:9D:35:1C:A8:77:E3:FD:85:24:A7:E9:F2:18:98:B4:20:95:8F:94:5E:47:D9:BA
[SIPSorcery] Client SDP: a=setup:actpass
[SIPSorcery] Client SDP: a=fingerprint:sha-256 26:E2:CC:87:7E:3A:31:DB:44:9D:35:1C:A8:77:E3:FD:85:24:A7:E9:F2:18:98:B4:20:95:8F:94:5E:47:D9:BA
[SIPSorcery] Client SDP: a=setup:actpass
[SIPSorcery] Client SDP: a=fingerprint:sha-256 26:E2:CC:87:7E:3A:31:DB:44:9D:35:1C:A8:77:E3:FD:85:24:A7:E9:F2:18:98:B4:20:95:8F:94:5E:47:D9:BA
[SIPSorcery] Client SDP: a=setup:actpass
[SIPSorcery] Client SDP: a=fingerprint:sha-256 26:E2:CC:87:7E:3A:31:DB:44:9D:35:1C:A8:77:E3:FD:85:24:A7:E9:F2:18:98:B4:20:95:8F:94:5E:47:D9:BA
[SIPSorcery] Client SDP: a=setup:actpass
[SIPSorcery] Main PC: PeerConnection created (with STUN/TURN)
[SIPSorcery] Main PC: Added video track 0: 1920x1080 (device=8387A103), SSRC=815520463
[SIPSorcery] Main PC: Added video track 1: 1920x1080 (device=82ED39E3), SSRC=432056391
[SIPSorcery] Main PC: Added SendOnly Opus audio track (RTP transport)
[SIPSorcery] Main PC: Waiting for audio/cursor/h265video DataChannels (per-track or legacy)
[SIPSorcery] Main PC: ICE state: checking
[SIPSorcery] Main PC: Signaling state: have_remote_offer
[SIPSorcery] Main PC: After setRemoteDescription: signalingState=have_remote_offer
[SIPSorcery] Main PC: Local ICE: 2566415119 1 udp 2113940223 2402:800:610d:eab:540f...
[SIPSorcery] Main PC: Local ICE: 1568937684 1 udp 2113940223 2402:800:610d:eab:85e:...
[SIPSorcery] Main PC: Local ICE: 2361428796 1 udp 2113937663 192.168.1.7 63024 typ ...
[SIPSorcery] Main PC: After createAnswer: signalingState=have_remote_offer, answer.type=answer
[SIPSorcery] Main PC SDP: a=fingerprint:sha-256 5A:16:D1:66:22:CF:6B:32:5C:02:1D:56:18:0D:9A:49:B2:D0:67:FD:EE:CD:40:16:E0:88:FA:27:FA:0A:4F:43
[SIPSorcery] Main PC SDP: a=setup:active
[SIPSorcery] Main PC SDP: a=fingerprint:sha-256 5A:16:D1:66:22:CF:6B:32:5C:02:1D:56:18:0D:9A:49:B2:D0:67:FD:EE:CD:40:16:E0:88:FA:27:FA:0A:4F:43
[SIPSorcery] Main PC SDP: a=setup:active
[SIPSorcery] Main PC SDP: a=fingerprint:sha-256 5A:16:D1:66:22:CF:6B:32:5C:02:1D:56:18:0D:9A:49:B2:D0:67:FD:EE:CD:40:16:E0:88:FA:27:FA:0A:4F:43
[SIPSorcery] Main PC SDP: a=setup:active
[SIPSorcery] Main PC SDP: a=fingerprint:sha-256 5A:16:D1:66:22:CF:6B:32:5C:02:1D:56:18:0D:9A:49:B2:D0:67:FD:EE:CD:40:16:E0:88:FA:27:FA:0A:4F:43
[SIPSorcery] Main PC SDP: a=setup:active
[SIPSorcery] Main PC: Answer ready, 2123 bytes
[Protocol] SDP filtered m=video: m=video 9 UDP/TLS/RTP/SAVPF 124 (H264 PT=124)
[Protocol] SDP kept: a=rtpmap:124 H264/90000
[Protocol] SDP kept: a=fmtp:124 implementation_name=MediaCodec;level-asymmetry-allowed=1;packetization-mode=1;profile-level-id=420428
[Protocol] SDP filtered m=video: m=video 9 UDP/TLS/RTP/SAVPF 124 (H264 PT=124)
[Protocol] SDP kept: a=rtpmap:124 H264/90000
[Protocol] SDP kept: a=fmtp:124 implementation_name=MediaCodec;level-asymmetry-allowed=1;packetization-mode=1;profile-level-id=420428
[Protocol] Filtered SDP from 2123 to 2123 bytes
[Protocol] Extracted 1 embedded ICE candidates from answer
[Protocol] Answer JSON: {"type":"answer","monitorIndex":0,"sdp":"v=0\r\no=- 96320 0 IN IP4 127.0.0.1\r\ns=sipsorcery\r\nt=0 0\r\na=group:BUNDLE 0 1 2 3\r\nm=video 9 UDP/TLS/R...
[Protocol] Sent single answer, len=2205 bytes
[SIPSorcery] Main PC: Local ICE: 4243588485 1 udp 1677730047 171.241.42.76 63024 ty...
[SIPSorcery] Main PC: ICE state: connected
[SIPSorcery] Main PC: ICE CONNECTED - waiting for DTLS...
[SIPSorcery] Main PC: Peer state: connecting
[SIPSorcery] Main PC: Peer state: connected
[SIPSorcery] Main PC: DTLS CONNECTED - initializing encoders now
[GpuVendorDetector] Detected AMD GPU: AMD Radeon RX 7600
[SIPSorcery] Detected GPU vendor: AMD
[OpusEncoder] Created: 48000Hz, 2ch, 128000bps, frame=10ms (1920B)
[AudioCapture] WASAPI format: 48000Hz, 2ch, 32bit, encoding=IeeeFloat, buffer=10ms (event-driven)
[AudioCapture] Started: 48000Hz, 2ch
[SIPSorcery] Audio pipeline started (WASAPI loopback -> Opus -> RTP primary)
[Protocol] All 2 tracks ready, sending ice_ready
[Protocol] Reconnect in Phase 3: requested streamer re-activation
[Protocol] Encoder supports BGRA mode - enabling zero-copy pipeline (no color conversion)
[Protocol] Starting early capture to prevent browser track timeout...
[Protocol] Capture thread already running, skipping start
[SIPSorcery] Audio path: RTP primary (independent UDP, avoids SCTP congestion from H.265 video DC)
[SIPSorcery] Sync state reset + Phase 3 active (frames will now be sent)
[SIPSorcery] Main PC: DataChannel received: label=audio, id=1
[SIPSorcery] Main PC: Audio DataChannel wired for sending
[SIPSorcery] Main PC: DataChannel received: label=cursor, id=3
[SIPSorcery] Main PC: Cursor DataChannel wired for sending
[SIPSorcery] Main PC: DataChannel received: label=h265video-0, id=5
[SIPSorcery] Main PC: H265 Video DataChannel wired for track 0
[SIPSorcery] Main PC: DataChannel received: label=h265video-1, id=7
[SIPSorcery] Main PC: H265 Video DataChannel wired for track 1
[SIPSorcery] Track 1: Sent H264 codec config via DataChannel (45 bytes)
[Protocol] Phase3 RX: type=reconnect_ack, len=24
[Protocol] Phase3 RX: type=skip_to_live, len=35
[SIPSorcery] Stats: m0:0f(enc=0),lat=1437us, m1:101f(enc=102),lat=265us, audio:48763pkts (23.7/sec), capture:10.1ms/cb(10.0ms data,169cb)
[SIPSorcery] Stats: m0:0f(enc=0),lat=1437us, m1:194f(enc=195),lat=265us, audio:48919pkts (15.6/sec), capture:9.9ms/cb(10.0ms data,157cb)
[SIPSorcery] Stats: m0:0f(enc=0),lat=1437us, m1:305f(enc=306),lat=265us, audio:49106pkts (18.7/sec), capture:10.0ms/cb(10.0ms data,186cb)
[Protocol] Phase3 RX: type=candidate, len=160
[SIPSorcery] Main PC: Added remote ICE: candidate:2680614973 1 udp 2122194687 192.168.1.12...
[Protocol] Phase3 RX: type=candidate, len=162
[SIPSorcery] Main PC: Added remote ICE: candidate:3878068696 1 udp 2122129151 28.118.72.20...
[Protocol] Phase3 RX: type=candidate, len=185
[SIPSorcery] Main PC: Added remote ICE: candidate:1994234314 1 udp 2122262783 2402:800:610...
[Protocol] Phase3 RX: type=candidate, len=160
[SIPSorcery] Main PC: Added remote ICE: candidate:2680614973 1 udp 2122194687 192.168.1.12...
[Protocol] Phase3 RX: type=candidate, len=162
[SIPSorcery] Main PC: Added remote ICE: candidate:3878068696 1 udp 2122129151 28.118.72.20...
[Protocol] Phase3 RX: type=candidate, len=185
[SIPSorcery] Main PC: Added remote ICE: candidate:1994234314 1 udp 2122262783 2402:800:610...
[Protocol] Phase3 RX: type=candidate, len=160
[SIPSorcery] Main PC: Added remote ICE: candidate:2680614973 1 udp 2122194687 192.168.1.12...
[Protocol] Phase3 RX: type=candidate, len=162
[SIPSorcery] Main PC: Added remote ICE: candidate:3878068696 1 udp 2122129151 28.118.72.20...
[Protocol] Phase3 RX: type=candidate, len=185
[SIPSorcery] Main PC: Added remote ICE: candidate:1994234314 1 udp 2122262783 2402:800:610...
[Protocol] Phase3 RX: type=candidate, len=160
[SIPSorcery] Main PC: Added remote ICE: candidate:2680614973 1 udp 2122194687 192.168.1.12...
[Protocol] Phase3 RX: type=candidate, len=162
[SIPSorcery] Main PC: Added remote ICE: candidate:3878068696 1 udp 2122129151 28.118.72.20...
[Protocol] Phase3 RX: type=candidate, len=185
[SIPSorcery] Main PC: Added remote ICE: candidate:1994234314 1 udp 2122262783 2402:800:610...
[Protocol] Phase3 RX: type=offer, len=10046
[Protocol] Received reconnect offer during streaming (JSON format)
[SIPSorcery] Track 1: Dropping stale P-frame before first IDR (10288 bytes) - requesting keyframe
[SIPSorcery] Sync state reset, Phase 3 pending activation
[SIPSorcery] Sync state reset, Phase 3 pending activation
[Protocol] Received single offer for all monitors
[Protocol] Cleared answer state, preserved 0 pending ICE candidates
[Protocol] Monitor 0 native=1920x1080 -> encoder=1920x1080
[Protocol] Monitor 1 native=1920x1080 -> encoder=1920x1080
[Protocol] Parsed H264 PT from offer: 124
[OpusEncoder] Disposed
[SIPSorcery] Main PC: Audio DataChannel closed
[SIPSorcery] Main PC: Cursor DataChannel closed
[SIPSorcery] Main PC: H265 Video DataChannel closed for track 0
[SIPSorcery] Main PC: H265 Video DataChannel closed for track 1
[SIPSorcery] Main PC: Peer state: closed
[SIPSorcery] Main PC: Peer state CLOSED unexpectedly - awaiting client reconnect offer
[SIPSorcery] Connection closed
[SIPSorcery] Sync state reset, Phase 3 pending activation
[SIPSorcery] Offer H264 pt=124, fmtp=implementation_name=MediaCodec;level-asymmetry-allowed=1;packetization-mode=1;profile-level-id=42e01f, perTrackPc=False
[SIPSorcery] Client SDP: a=fingerprint:sha-256 5B:BF:2E:F9:1B:F6:17:CE:CD:53:3C:F5:27:E4:8E:2D:1B:13:66:B7:8F:C9:99:CA:50:EB:B3:56:51:DC:BD:7C
[SIPSorcery] Client SDP: a=setup:actpass
[SIPSorcery] Client SDP: a=fingerprint:sha-256 5B:BF:2E:F9:1B:F6:17:CE:CD:53:3C:F5:27:E4:8E:2D:1B:13:66:B7:8F:C9:99:CA:50:EB:B3:56:51:DC:BD:7C
[SIPSorcery] Client SDP: a=setup:actpass
[SIPSorcery] Client SDP: a=fingerprint:sha-256 5B:BF:2E:F9:1B:F6:17:CE:CD:53:3C:F5:27:E4:8E:2D:1B:13:66:B7:8F:C9:99:CA:50:EB:B3:56:51:DC:BD:7C
[SIPSorcery] Client SDP: a=setup:actpass
[SIPSorcery] Client SDP: a=fingerprint:sha-256 5B:BF:2E:F9:1B:F6:17:CE:CD:53:3C:F5:27:E4:8E:2D:1B:13:66:B7:8F:C9:99:CA:50:EB:B3:56:51:DC:BD:7C
[SIPSorcery] Client SDP: a=setup:actpass
[SIPSorcery] Main PC: PeerConnection created (with STUN/TURN)
[SIPSorcery] Main PC: Added video track 0: 1920x1080 (device=8387A103), SSRC=617628910
[SIPSorcery] Main PC: Added video track 1: 1920x1080 (device=82ED39E3), SSRC=758229077
[SIPSorcery] Main PC: Added SendOnly Opus audio track (RTP transport)
[SIPSorcery] Main PC: Waiting for audio/cursor/h265video DataChannels (per-track or legacy)
[SIPSorcery] Main PC: ICE state: checking
[SIPSorcery] Main PC: Signaling state: have_remote_offer
[SIPSorcery] Main PC: After setRemoteDescription: signalingState=have_remote_offer
[SIPSorcery] Main PC: Local ICE: 2566415119 1 udp 2113940223 2402:800:610d:eab:540f...
[SIPSorcery] Main PC: Local ICE: 1568937684 1 udp 2113940223 2402:800:610d:eab:85e:...
[SIPSorcery] Main PC: Local ICE: 2361428796 1 udp 2113937663 192.168.1.7 57808 typ ...
[SIPSorcery] Main PC: After createAnswer: signalingState=have_remote_offer, answer.type=answer
[SIPSorcery] Main PC SDP: a=fingerprint:sha-256 67:BF:9D:AB:EE:90:06:9C:CF:0C:8C:F1:8B:96:D0:D6:D1:ED:B6:63:31:BC:DE:42:B9:4B:BE:DB:06:8D:28:78
[SIPSorcery] Main PC SDP: a=setup:active
[SIPSorcery] Main PC SDP: a=fingerprint:sha-256 67:BF:9D:AB:EE:90:06:9C:CF:0C:8C:F1:8B:96:D0:D6:D1:ED:B6:63:31:BC:DE:42:B9:4B:BE:DB:06:8D:28:78
[SIPSorcery] Main PC SDP: a=setup:active
[SIPSorcery] Main PC SDP: a=fingerprint:sha-256 67:BF:9D:AB:EE:90:06:9C:CF:0C:8C:F1:8B:96:D0:D6:D1:ED:B6:63:31:BC:DE:42:B9:4B:BE:DB:06:8D:28:78
[SIPSorcery] Main PC SDP: a=setup:active
[SIPSorcery] Main PC SDP: a=fingerprint:sha-256 67:BF:9D:AB:EE:90:06:9C:CF:0C:8C:F1:8B:96:D0:D6:D1:ED:B6:63:31:BC:DE:42:B9:4B:BE:DB:06:8D:28:78
[SIPSorcery] Main PC SDP: a=setup:active
[SIPSorcery] Main PC: Answer ready, 2123 bytes
[Protocol] SDP filtered m=video: m=video 9 UDP/TLS/RTP/SAVPF 124 (H264 PT=124)
[Protocol] SDP kept: a=rtpmap:124 H264/90000
[Protocol] SDP kept: a=fmtp:124 implementation_name=MediaCodec;level-asymmetry-allowed=1;packetization-mode=1;profile-level-id=420428
[Protocol] SDP filtered m=video: m=video 9 UDP/TLS/RTP/SAVPF 124 (H264 PT=124)
[Protocol] SDP kept: a=rtpmap:124 H264/90000
[Protocol] SDP kept: a=fmtp:124 implementation_name=MediaCodec;level-asymmetry-allowed=1;packetization-mode=1;profile-level-id=420428
[Protocol] Filtered SDP from 2123 to 2123 bytes
[Protocol] Extracted 1 embedded ICE candidates from answer
[Protocol] Answer JSON: {"type":"answer","monitorIndex":0,"sdp":"v=0\r\no=- 40776 0 IN IP4 127.0.0.1\r\ns=sipsorcery\r\nt=0 0\r\na=group:BUNDLE 0 1 2 3\r\nm=video 9 UDP/TLS/R...
[Protocol] Sent single answer, len=2205 bytes
[SIPSorcery] Main PC: Local ICE: 4243588485 1 udp 1677730047 171.241.42.76 57808 ty...
[SIPSorcery] Main PC: ICE state: connected
[SIPSorcery] Main PC: ICE CONNECTED - waiting for DTLS...
[SIPSorcery] Main PC: Peer state: connecting
[SIPSorcery] Stats: m0:0f(enc=0),lat=1437us, m1:0f(enc=0),lat=265us, audio:49171pkts (6.5/sec)
[SIPSorcery] Main PC: Peer state: connected
[SIPSorcery] Main PC: DTLS CONNECTED - initializing encoders now
[GpuVendorDetector] Detected AMD GPU: AMD Radeon RX 7600
[SIPSorcery] Detected GPU vendor: AMD
[OpusEncoder] Created: 48000Hz, 2ch, 128000bps, frame=10ms (1920B)
[AudioCapture] WASAPI format: 48000Hz, 2ch, 32bit, encoding=IeeeFloat, buffer=10ms (event-driven)
[AudioCapture] Started: 48000Hz, 2ch
[SIPSorcery] Audio pipeline started (WASAPI loopback -> Opus -> RTP primary)
[Protocol] All 2 tracks ready, sending ice_ready
[Protocol] Reconnect in Phase 3: requested streamer re-activation
[Protocol] Encoder supports BGRA mode - enabling zero-copy pipeline (no color conversion)
[Protocol] Starting early capture to prevent browser track timeout...
[Protocol] Capture thread already running, skipping start
[SIPSorcery] Audio path: RTP primary (independent UDP, avoids SCTP congestion from H.265 video DC)
[SIPSorcery] Sync state reset + Phase 3 active (frames will now be sent)
[SIPSorcery] Main PC: DataChannel received: label=audio, id=1
[SIPSorcery] Main PC: Audio DataChannel wired for sending
[SIPSorcery] Main PC: DataChannel received: label=cursor, id=3
[SIPSorcery] Main PC: Cursor DataChannel wired for sending
[SIPSorcery] Main PC: DataChannel received: label=h265video-0, id=5
[SIPSorcery] Main PC: H265 Video DataChannel wired for track 0
[SIPSorcery] Main PC: DataChannel received: label=h265video-1, id=7
[SIPSorcery] Main PC: H265 Video DataChannel wired for track 1
[Protocol] Phase3 RX: type=reconnect_ack, len=24
[SIPSorcery] Track 1: Sent H264 codec config via DataChannel (45 bytes)
[SIPSorcery] Stats: m0:0f(enc=0),lat=1437us, m1:101f(enc=102),lat=265us, audio:49341pkts (17.0/sec), capture:10.0ms/cb(10.0ms data,170cb)
[SIPSorcery] Stats: m0:0f(enc=0),lat=1437us, m1:145f(enc=146),lat=265us, audio:49416pkts (7.5/sec), capture:10.0ms/cb(10.0ms data,75cb)
[SIPSorcery] Stats: m0:0f(enc=0),lat=1437us, m1:149f(enc=150),lat=265us, audio:49421pkts (0.5/sec), capture:9.4ms/cb(10.0ms data,5cb)
[SIPSorcery] Stats: m0:0f(enc=0),lat=1437us, m1:192f(enc=193),lat=265us, audio:49494pkts (7.3/sec), capture:10.1ms/cb(10.0ms data,73cb)
[Protocol] Phase3 RX: type=skip_to_live, len=35
[SIPSorcery] Stats: m0:0f(enc=0),lat=1437us, m1:323f(enc=324),lat=265us, audio:49711pkts (21.7/sec), capture:10.0ms/cb(10.0ms data,217cb)
[SIPSorcery] Track 0: Sent H264 codec config via DataChannel (45 bytes)
[Protocol] Phase3 RX: type=offer, len=10046
[Protocol] Received reconnect offer during streaming (JSON format)
[SIPSorcery] Sync state reset, Phase 3 pending activation
[SIPSorcery] Sync state reset, Phase 3 pending activation
[Protocol] Received single offer for all monitors
[Protocol] Cleared answer state, preserved 0 pending ICE candidates
[Protocol] Monitor 0 native=1920x1080 -> encoder=1920x1080
[Protocol] Monitor 1 native=1920x1080 -> encoder=1920x1080
[Protocol] Parsed H264 PT from offer: 124
[OpusEncoder] Disposed
[SIPSorcery] Main PC: Audio DataChannel closed
[SIPSorcery] Main PC: Cursor DataChannel closed
[SIPSorcery] Main PC: H265 Video DataChannel closed for track 0
[SIPSorcery] Main PC: H265 Video DataChannel closed for track 1
[SIPSorcery] Main PC: Peer state: closed
[SIPSorcery] Main PC: Peer state CLOSED unexpectedly - awaiting client reconnect offer
[SIPSorcery] Connection closed
[SIPSorcery] Sync state reset, Phase 3 pending activation
[SIPSorcery] Offer H264 pt=124, fmtp=implementation_name=MediaCodec;level-asymmetry-allowed=1;packetization-mode=1;profile-level-id=42e01f, perTrackPc=False
[SIPSorcery] Client SDP: a=fingerprint:sha-256 AF:42:AB:3A:21:05:86:38:DB:84:12:39:BF:59:5F:A4:93:C5:2C:AA:40:92:98:15:72:A3:36:69:29:AC:F4:DA
[SIPSorcery] Client SDP: a=setup:actpass
[SIPSorcery] Client SDP: a=fingerprint:sha-256 AF:42:AB:3A:21:05:86:38:DB:84:12:39:BF:59:5F:A4:93:C5:2C:AA:40:92:98:15:72:A3:36:69:29:AC:F4:DA
[SIPSorcery] Client SDP: a=setup:actpass
[SIPSorcery] Client SDP: a=fingerprint:sha-256 AF:42:AB:3A:21:05:86:38:DB:84:12:39:BF:59:5F:A4:93:C5:2C:AA:40:92:98:15:72:A3:36:69:29:AC:F4:DA
[SIPSorcery] Client SDP: a=setup:actpass
[SIPSorcery] Client SDP: a=fingerprint:sha-256 AF:42:AB:3A:21:05:86:38:DB:84:12:39:BF:59:5F:A4:93:C5:2C:AA:40:92:98:15:72:A3:36:69:29:AC:F4:DA
[SIPSorcery] Client SDP: a=setup:actpass
[SIPSorcery] Main PC: PeerConnection created (with STUN/TURN)
[SIPSorcery] Main PC: Added video track 0: 1920x1080 (device=8387A103), SSRC=1895734340
[SIPSorcery] Main PC: Added video track 1: 1920x1080 (device=82ED39E3), SSRC=1224154079
[SIPSorcery] Main PC: Added SendOnly Opus audio track (RTP transport)
[SIPSorcery] Main PC: Waiting for audio/cursor/h265video DataChannels (per-track or legacy)
[SIPSorcery] Main PC: ICE state: checking
[SIPSorcery] Main PC: Signaling state: have_remote_offer
[SIPSorcery] Main PC: After setRemoteDescription: signalingState=have_remote_offer
[SIPSorcery] Main PC: Local ICE: 2566415119 1 udp 2113940223 2402:800:610d:eab:540f...
[SIPSorcery] Main PC: Local ICE: 1568937684 1 udp 2113940223 2402:800:610d:eab:85e:...
[SIPSorcery] Main PC: Local ICE: 2361428796 1 udp 2113937663 192.168.1.7 62086 typ ...
[SIPSorcery] Main PC: After createAnswer: signalingState=have_remote_offer, answer.type=answer
[SIPSorcery] Main PC SDP: a=fingerprint:sha-256 FC:FD:EF:8B:BB:65:72:98:06:88:F1:0C:8C:F4:20:78:82:E2:72:ED:1D:4F:9A:03:66:B0:20:05:C1:0B:BF:0A
[SIPSorcery] Main PC SDP: a=setup:active
[SIPSorcery] Main PC SDP: a=fingerprint:sha-256 FC:FD:EF:8B:BB:65:72:98:06:88:F1:0C:8C:F4:20:78:82:E2:72:ED:1D:4F:9A:03:66:B0:20:05:C1:0B:BF:0A
[SIPSorcery] Main PC SDP: a=setup:active
[SIPSorcery] Main PC SDP: a=fingerprint:sha-256 FC:FD:EF:8B:BB:65:72:98:06:88:F1:0C:8C:F4:20:78:82:E2:72:ED:1D:4F:9A:03:66:B0:20:05:C1:0B:BF:0A
[SIPSorcery] Main PC SDP: a=setup:active
[SIPSorcery] Main PC SDP: a=fingerprint:sha-256 FC:FD:EF:8B:BB:65:72:98:06:88:F1:0C:8C:F4:20:78:82:E2:72:ED:1D:4F:9A:03:66:B0:20:05:C1:0B:BF:0A
[SIPSorcery] Main PC SDP: a=setup:active
[SIPSorcery] Main PC: Answer ready, 2125 bytes
[Protocol] SDP filtered m=video: m=video 9 UDP/TLS/RTP/SAVPF 124 (H264 PT=124)
[Protocol] SDP kept: a=rtpmap:124 H264/90000
[Protocol] SDP kept: a=fmtp:124 implementation_name=MediaCodec;level-asymmetry-allowed=1;packetization-mode=1;profile-level-id=420428
[Protocol] SDP filtered m=video: m=video 9 UDP/TLS/RTP/SAVPF 124 (H264 PT=124)
[Protocol] SDP kept: a=rtpmap:124 H264/90000
[Protocol] SDP kept: a=fmtp:124 implementation_name=MediaCodec;level-asymmetry-allowed=1;packetization-mode=1;profile-level-id=420428
[Protocol] Filtered SDP from 2125 to 2125 bytes
[Protocol] Extracted 1 embedded ICE candidates from answer
[Protocol] Answer JSON: {"type":"answer","monitorIndex":0,"sdp":"v=0\r\no=- 87558 0 IN IP4 127.0.0.1\r\ns=sipsorcery\r\nt=0 0\r\na=group:BUNDLE 0 1 2 3\r\nm=video 9 UDP/TLS/R...
[Protocol] Sent single answer, len=2207 bytes
[Protocol] Phase3 RX: type=candidate, len=160
[SIPSorcery] Main PC: Added remote ICE: candidate:4264179932 1 udp 2122194687 192.168.1.12...
[Protocol] Phase3 RX: type=candidate, len=162
[SIPSorcery] Main PC: Added remote ICE: candidate:2261412153 1 udp 2122129151 28.118.72.20...
[Protocol] Phase3 RX: type=candidate, len=184
[SIPSorcery] Main PC: Added remote ICE: candidate:389108011 1 udp 2122262783 2402:800:610d...
[Protocol] Phase3 RX: type=candidate, len=160
[SIPSorcery] Main PC: Added remote ICE: candidate:4264179932 1 udp 2122194687 192.168.1.12...
[Protocol] Phase3 RX: type=candidate, len=162
[SIPSorcery] Main PC: Added remote ICE: candidate:2261412153 1 udp 2122129151 28.118.72.20...
[Protocol] Phase3 RX: type=candidate, len=184
[SIPSorcery] Main PC: Added remote ICE: candidate:389108011 1 udp 2122262783 2402:800:610d...
[Protocol] Phase3 RX: type=candidate, len=160
[SIPSorcery] Main PC: Added remote ICE: candidate:4264179932 1 udp 2122194687 192.168.1.12...
[Protocol] Phase3 RX: type=candidate, len=162
[SIPSorcery] Main PC: Added remote ICE: candidate:2261412153 1 udp 2122129151 28.118.72.20...
[Protocol] Phase3 RX: type=candidate, len=184
[SIPSorcery] Main PC: Added remote ICE: candidate:389108011 1 udp 2122262783 2402:800:610d...
[Protocol] Phase3 RX: type=candidate, len=160
[SIPSorcery] Main PC: Added remote ICE: candidate:4264179932 1 udp 2122194687 192.168.1.12...
[Protocol] Phase3 RX: type=candidate, len=162
[SIPSorcery] Main PC: Added remote ICE: candidate:2261412153 1 udp 2122129151 28.118.72.20...
[Protocol] Phase3 RX: type=candidate, len=184
[SIPSorcery] Main PC: Added remote ICE: candidate:389108011 1 udp 2122262783 2402:800:610d...
[SIPSorcery] Main PC: Local ICE: 4243588485 1 udp 1677730047 171.241.42.76 62086 ty...
[SIPSorcery] Main PC: ICE state: connected
[SIPSorcery] Main PC: ICE CONNECTED - waiting for DTLS...
[SIPSorcery] Main PC: Peer state: connecting
[SIPSorcery] Main PC: Peer state: connected
[SIPSorcery] Main PC: DTLS CONNECTED - initializing encoders now
[GpuVendorDetector] Detected AMD GPU: AMD Radeon RX 7600
[SIPSorcery] Detected GPU vendor: AMD
[OpusEncoder] Created: 48000Hz, 2ch, 128000bps, frame=10ms (1920B)
[AudioCapture] WASAPI format: 48000Hz, 2ch, 32bit, encoding=IeeeFloat, buffer=10ms (event-driven)
[AudioCapture] Started: 48000Hz, 2ch
[SIPSorcery] Audio pipeline started (WASAPI loopback -> Opus -> RTP primary)
[Protocol] All 2 tracks ready, sending ice_ready
[Protocol] Reconnect in Phase 3: requested streamer re-activation
[Protocol] Encoder supports BGRA mode - enabling zero-copy pipeline (no color conversion)
[Protocol] Starting early capture to prevent browser track timeout...
[Protocol] Capture thread already running, skipping start
[SIPSorcery] Audio path: RTP primary (independent UDP, avoids SCTP congestion from H.265 video DC)
[SIPSorcery] Sync state reset + Phase 3 active (frames will now be sent)
[SIPSorcery] Main PC: DataChannel received: label=audio, id=1
[SIPSorcery] Main PC: Audio DataChannel wired for sending
[SIPSorcery] Main PC: DataChannel received: label=cursor, id=3
[SIPSorcery] Main PC: Cursor DataChannel wired for sending
[SIPSorcery] Main PC: DataChannel received: label=h265video-0, id=5
[SIPSorcery] Main PC: H265 Video DataChannel wired for track 0
[SIPSorcery] Main PC: DataChannel received: label=h265video-1, id=7
[SIPSorcery] Main PC: H265 Video DataChannel wired for track 1
[SIPSorcery] Track 1: Sent H264 codec config via DataChannel (45 bytes)
[SIPSorcery] Track 0: Sent H264 codec config via DataChannel (45 bytes)
[Protocol] Phase3 RX: type=reconnect_ack, len=24
[SIPSorcery] Stats: m0:18f(enc=19),lat=1434us, m1:62f(enc=63),lat=265us, audio:49851pkts (14.0/sec), capture:10.1ms/cb(10.0ms data,105cb)
[SIPSorcery] Stats: m0:18f(enc=19),lat=1434us, m1:174f(enc=175),lat=265us, audio:50038pkts (18.7/sec), capture:9.9ms/cb(10.0ms data,187cb)
[SIPSorcery] Stats: m0:18f(enc=19),lat=1434us, m1:215f(enc=216),lat=265us, audio:50108pkts (7.0/sec), capture:10.0ms/cb(10.0ms data,70cb)
[SIPSorcery] Stats: m0:18f(enc=19),lat=1434us, m1:241f(enc=242),lat=265us, audio:50150pkts (4.2/sec), capture:10.0ms/cb(10.0ms data,42cb)
[SIPSorcery] Stats: m0:18f(enc=19),lat=1434us, m1:346f(enc=347),lat=265us, audio:50325pkts (17.5/sec), capture:10.0ms/cb(10.0ms data,175cb)
[Protocol] Phase3 RX: type=candidate, len=159
[SIPSorcery] Main PC: Added remote ICE: candidate:550587451 1 udp 2122194687 192.168.1.12 ...
[Protocol] Phase3 RX: type=candidate, len=162
[SIPSorcery] Main PC: Added remote ICE: candidate:1479613918 1 udp 2122129151 28.118.72.20...
[Protocol] Phase3 RX: type=candidate, len=185
[SIPSorcery] Main PC: Added remote ICE: candidate:3385468364 1 udp 2122262783 2402:800:610...
[Protocol] Phase3 RX: type=candidate, len=159
[SIPSorcery] Main PC: Added remote ICE: candidate:550587451 1 udp 2122194687 192.168.1.12 ...
[Protocol] Phase3 RX: type=candidate, len=162
[SIPSorcery] Main PC: Added remote ICE: candidate:1479613918 1 udp 2122129151 28.118.72.20...
[Protocol] Phase3 RX: type=candidate, len=185
[SIPSorcery] Main PC: Added remote ICE: candidate:3385468364 1 udp 2122262783 2402:800:610...
[Protocol] Phase3 RX: type=candidate, len=159
[SIPSorcery] Main PC: Added remote ICE: candidate:550587451 1 udp 2122194687 192.168.1.12 ...
[Protocol] Phase3 RX: type=candidate, len=162
[SIPSorcery] Main PC: Added remote ICE: candidate:1479613918 1 udp 2122129151 28.118.72.20...
[Protocol] Phase3 RX: type=candidate, len=185
[SIPSorcery] Main PC: Added remote ICE: candidate:3385468364 1 udp 2122262783 2402:800:610...
[Protocol] Phase3 RX: type=candidate, len=159
[SIPSorcery] Main PC: Added remote ICE: candidate:550587451 1 udp 2122194687 192.168.1.12 ...
[Protocol] Phase3 RX: type=candidate, len=162
[SIPSorcery] Main PC: Added remote ICE: candidate:1479613918 1 udp 2122129151 28.118.72.20...
[Protocol] Phase3 RX: type=candidate, len=185
[SIPSorcery] Main PC: Added remote ICE: candidate:3385468364 1 udp 2122262783 2402:800:610...
[Protocol] Phase3 RX: type=offer, len=10045
[Protocol] Received reconnect offer during streaming (JSON format)
[SIPSorcery] Track 0: Dropping stale P-frame before first IDR (1159 bytes) - requesting keyframe
[SIPSorcery] Track 1: Dropping stale P-frame before first IDR (5709 bytes) - requesting keyframe
[SIPSorcery] Sync state reset, Phase 3 pending activation
[SIPSorcery] Sync state reset, Phase 3 pending activation
[Protocol] Received single offer for all monitors
[Protocol] Cleared answer state, preserved 0 pending ICE candidates
[Protocol] Monitor 0 native=1920x1080 -> encoder=1920x1080
[Protocol] Monitor 1 native=1920x1080 -> encoder=1920x1080
[Protocol] Parsed H264 PT from offer: 124
[OpusEncoder] Disposed
[SIPSorcery] Main PC: Audio DataChannel closed
[SIPSorcery] Main PC: Cursor DataChannel closed
[SIPSorcery] Main PC: H265 Video DataChannel closed for track 0
[SIPSorcery] Main PC: H265 Video DataChannel closed for track 1
[SIPSorcery] Main PC: Peer state: closed
[SIPSorcery] Main PC: Peer state CLOSED unexpectedly - awaiting client reconnect offer
[SIPSorcery] Connection closed
[SIPSorcery] Sync state reset, Phase 3 pending activation
[SIPSorcery] Offer H264 pt=124, fmtp=implementation_name=MediaCodec;level-asymmetry-allowed=1;packetization-mode=1;profile-level-id=42e01f, perTrackPc=False
[SIPSorcery] Client SDP: a=fingerprint:sha-256 AA:59:E9:82:FE:1A:18:22:E6:FB:D3:57:E5:29:BA:12:CC:3C:54:71:CD:04:16:CC:CE:76:55:5E:13:88:F6:D4
[SIPSorcery] Client SDP: a=setup:actpass
[SIPSorcery] Client SDP: a=fingerprint:sha-256 AA:59:E9:82:FE:1A:18:22:E6:FB:D3:57:E5:29:BA:12:CC:3C:54:71:CD:04:16:CC:CE:76:55:5E:13:88:F6:D4
[SIPSorcery] Client SDP: a=setup:actpass
[SIPSorcery] Client SDP: a=fingerprint:sha-256 AA:59:E9:82:FE:1A:18:22:E6:FB:D3:57:E5:29:BA:12:CC:3C:54:71:CD:04:16:CC:CE:76:55:5E:13:88:F6:D4
[SIPSorcery] Client SDP: a=setup:actpass
[SIPSorcery] Client SDP: a=fingerprint:sha-256 AA:59:E9:82:FE:1A:18:22:E6:FB:D3:57:E5:29:BA:12:CC:3C:54:71:CD:04:16:CC:CE:76:55:5E:13:88:F6:D4
[SIPSorcery] Client SDP: a=setup:actpass
[SIPSorcery] Main PC: PeerConnection created (with STUN/TURN)
[SIPSorcery] Main PC: Added video track 0: 1920x1080 (device=8387A103), SSRC=660434042
[SIPSorcery] Main PC: Added video track 1: 1920x1080 (device=82ED39E3), SSRC=186933798
[SIPSorcery] Main PC: Added SendOnly Opus audio track (RTP transport)
[SIPSorcery] Main PC: Waiting for audio/cursor/h265video DataChannels (per-track or legacy)
[SIPSorcery] Main PC: ICE state: checking
[SIPSorcery] Main PC: Signaling state: have_remote_offer
[SIPSorcery] Main PC: After setRemoteDescription: signalingState=have_remote_offer
[SIPSorcery] Main PC: Local ICE: 2566415119 1 udp 2113940223 2402:800:610d:eab:540f...
[SIPSorcery] Main PC: Local ICE: 1568937684 1 udp 2113940223 2402:800:610d:eab:85e:...
[SIPSorcery] Main PC: Local ICE: 2361428796 1 udp 2113937663 192.168.1.7 62090 typ ...
[SIPSorcery] Main PC: After createAnswer: signalingState=have_remote_offer, answer.type=answer
[SIPSorcery] Main PC SDP: a=fingerprint:sha-256 F2:ED:DB:B0:46:DD:E9:92:80:DA:64:9F:73:3C:E0:F9:59:E4:83:16:CD:B2:71:99:17:D7:BD:5C:9C:C6:1F:9F
[SIPSorcery] Main PC SDP: a=setup:active
[SIPSorcery] Main PC SDP: a=fingerprint:sha-256 F2:ED:DB:B0:46:DD:E9:92:80:DA:64:9F:73:3C:E0:F9:59:E4:83:16:CD:B2:71:99:17:D7:BD:5C:9C:C6:1F:9F
[SIPSorcery] Main PC SDP: a=setup:active
[SIPSorcery] Main PC SDP: a=fingerprint:sha-256 F2:ED:DB:B0:46:DD:E9:92:80:DA:64:9F:73:3C:E0:F9:59:E4:83:16:CD:B2:71:99:17:D7:BD:5C:9C:C6:1F:9F
[SIPSorcery] Main PC SDP: a=setup:active
[SIPSorcery] Main PC SDP: a=fingerprint:sha-256 F2:ED:DB:B0:46:DD:E9:92:80:DA:64:9F:73:3C:E0:F9:59:E4:83:16:CD:B2:71:99:17:D7:BD:5C:9C:C6:1F:9F
[SIPSorcery] Main PC SDP: a=setup:active
[SIPSorcery] Main PC: Answer ready, 2122 bytes
[Protocol] SDP filtered m=video: m=video 9 UDP/TLS/RTP/SAVPF 124 (H264 PT=124)
[Protocol] SDP kept: a=rtpmap:124 H264/90000
[Protocol] SDP kept: a=fmtp:124 implementation_name=MediaCodec;level-asymmetry-allowed=1;packetization-mode=1;profile-level-id=420428
[Protocol] SDP filtered m=video: m=video 9 UDP/TLS/RTP/SAVPF 124 (H264 PT=124)
[Protocol] SDP kept: a=rtpmap:124 H264/90000
[Protocol] SDP kept: a=fmtp:124 implementation_name=MediaCodec;level-asymmetry-allowed=1;packetization-mode=1;profile-level-id=420428
[Protocol] Filtered SDP from 2122 to 2122 bytes
[Protocol] Extracted 1 embedded ICE candidates from answer
[Protocol] Answer JSON: {"type":"answer","monitorIndex":0,"sdp":"v=0\r\no=- 93932 0 IN IP4 127.0.0.1\r\ns=sipsorcery\r\nt=0 0\r\na=group:BUNDLE 0 1 2 3\r\nm=video 9 UDP/TLS/R...
[Protocol] Sent single answer, len=2204 bytes
[SIPSorcery] Main PC: Local ICE: 4243588485 1 udp 1677730047 171.241.42.76 62090 ty...
[SIPSorcery] Main PC: ICE state: connected
[SIPSorcery] Main PC: ICE CONNECTED - waiting for DTLS...
[SIPSorcery] Main PC: Peer state: connecting
[SIPSorcery] Stats: m0:0f(enc=0),lat=2018us, m1:0f(enc=0),lat=265us, audio:50353pkts (2.8/sec)
[SIPSorcery] Main PC: Peer state: connected
[SIPSorcery] Main PC: DTLS CONNECTED - initializing encoders now
[GpuVendorDetector] Detected AMD GPU: AMD Radeon RX 7600
[SIPSorcery] Detected GPU vendor: AMD
[OpusEncoder] Created: 48000Hz, 2ch, 128000bps, frame=10ms (1920B)
[AudioCapture] WASAPI format: 48000Hz, 2ch, 32bit, encoding=IeeeFloat, buffer=10ms (event-driven)
[AudioCapture] Started: 48000Hz, 2ch
[SIPSorcery] Audio pipeline started (WASAPI loopback -> Opus -> RTP primary)
[Protocol] All 2 tracks ready, sending ice_ready
[Protocol] Reconnect in Phase 3: requested streamer re-activation
[Protocol] Encoder supports BGRA mode - enabling zero-copy pipeline (no color conversion)
[Protocol] Starting early capture to prevent browser track timeout...
[Protocol] Capture thread already running, skipping start
[SIPSorcery] Audio path: RTP primary (independent UDP, avoids SCTP congestion from H.265 video DC)
[SIPSorcery] Sync state reset + Phase 3 active (frames will now be sent)
[SIPSorcery] Main PC: DataChannel received: label=audio, id=1
[SIPSorcery] Main PC: Audio DataChannel wired for sending
[SIPSorcery] Stats: m0:0f(enc=0),lat=2018us, m1:0f(enc=1),lat=265us, audio:50353pkts (0.0/sec)
[SIPSorcery] Main PC: DataChannel received: label=cursor, id=3
[SIPSorcery] Main PC: Cursor DataChannel wired for sending
[SIPSorcery] Main PC: DataChannel received: label=h265video-0, id=5
[SIPSorcery] Main PC: H265 Video DataChannel wired for track 0
[SIPSorcery] Main PC: DataChannel received: label=h265video-1, id=7
[SIPSorcery] Main PC: H265 Video DataChannel wired for track 1
[SIPSorcery] Track 1: Sent H264 codec config via DataChannel (45 bytes)
[Protocol] Phase3 RX: type=reconnect_ack, len=24
[SIPSorcery] Stats: m0:0f(enc=0),lat=2018us, m1:44f(enc=45),lat=265us, audio:50426pkts (7.3/sec), capture:10.1ms/cb(10.0ms data,73cb)
[Protocol] Phase3 RX: type=update_config, len=47
[Protocol] update_config received: fps=, resolutionHeight=720
[Protocol] Dynamic resolution change requested: 1080p → 720p
[SIPSorcery] Streaming paused (connection maintained)
[TextureResizer] Target height changed: 1080p → 720p
[SIPSorcery] Forcing re-initialization of encoders...
[GpuVendorDetector] Detected AMD GPU: AMD Radeon RX 7600
[SIPSorcery] Detected GPU vendor: AMD
[SIPSorcery] Streaming resumed
[Protocol] Resolution changed to 720p, encoders re-initialized
[SIPSorcery] Resolution Height update: 1080 → 720
[SIPSorcery] Resolution changed, deferred encoder update to capture thread
[AdaptiveBitrate] Initialized: target=5600kbps, range=[3000-7000]kbps, warmup=15000ms
[Protocol] config_updated sent: Resolution: 720p, Bitrate controller re-initialized for 720p, resolution=720p
[GpuTextureScaler] Monitor 1: Compute shader initialized
[TextureResizer] Created GPU scaler for monitor 1 (device=1E382ED3800)
[GpuTextureScaler] Monitor 1: Output texture 1280x720
[SIPSorcery] Track 1: Dimensions changed (H264 -> H264) or (1920x1080 -> 1280x720), recreating encoder
[AmfNativeWrapper] Disposed
[GpuVendorDetector] Detected AMD GPU: AMD Radeon RX 7600
[SIPSorcery] Creating AMF encoder for AMD GPU
[AmfNativeWrapper] Initializing BGRA mode 1280x720 @ 60fps, 5600kbps, codec=H264
[AmfNativeWrapper] Initialized BGRA mode successfully (zero-copy, codec=H264)
[SIPSorcery] Track 1: Amf encoder initialized (BGRA mode - no color conversion)
[SIPSorcery] Track 1: Sent H264 codec config via DataChannel (44 bytes)
[Protocol] Phase3 RX: type=skip_to_live, len=35
[SIPSorcery] Stats: m0:0f(enc=0),lat=2018us, m1:126f(enc=127),lat=265us, audio:50643pkts (21.7/sec), capture:10.0ms/cb(10.0ms data,217cb)
[SIPSorcery] Stats: m0:0f(enc=0),lat=2018us, m1:150f(enc=151),lat=265us, audio:50684pkts (4.1/sec), capture:9.9ms/cb(10.0ms data,41cb)
[SIPSorcery] Stats: m0:0f(enc=0),lat=2018us, m1:220f(enc=221),lat=265us, audio:50799pkts (11.5/sec), capture:9.9ms/cb(10.0ms data,115cb)
[Protocol] Phase3 RX: type=offer, len=10046
[Protocol] Received reconnect offer during streaming (JSON format)
[SIPSorcery] Track 1: Dropping stale P-frame before first IDR (6374 bytes) - requesting keyframe
[SIPSorcery] Sync state reset, Phase 3 pending activation
[SIPSorcery] Sync state reset, Phase 3 pending activation
[Protocol] Received single offer for all monitors
[Protocol] Cleared answer state, preserved 0 pending ICE candidates
[Protocol] Monitor 0 native=1920x1080 -> encoder=1280x720
[Protocol] Monitor 1 native=1920x1080 -> encoder=1280x720
[Protocol] Parsed H264 PT from offer: 124
[OpusEncoder] Disposed
[SIPSorcery] Main PC: Audio DataChannel closed
[SIPSorcery] Main PC: Cursor DataChannel closed
[SIPSorcery] Main PC: H265 Video DataChannel closed for track 0
[SIPSorcery] Main PC: H265 Video DataChannel closed for track 1
[SIPSorcery] Main PC: Peer state: closed
[SIPSorcery] Main PC: Peer state CLOSED unexpectedly - awaiting client reconnect offer
[SIPSorcery] Connection closed
[SIPSorcery] Sync state reset, Phase 3 pending activation
[SIPSorcery] Offer H264 pt=124, fmtp=implementation_name=MediaCodec;level-asymmetry-allowed=1;packetization-mode=1;profile-level-id=42e01f, perTrackPc=False
[SIPSorcery] Client SDP: a=fingerprint:sha-256 1D:CD:DE:2F:75:A2:B6:02:B1:BC:54:74:40:AB:5B:7E:90:85:F7:5E:B9:55:90:84:37:ED:B7:53:C3:91:67:50
[SIPSorcery] Client SDP: a=setup:actpass
[SIPSorcery] Client SDP: a=fingerprint:sha-256 1D:CD:DE:2F:75:A2:B6:02:B1:BC:54:74:40:AB:5B:7E:90:85:F7:5E:B9:55:90:84:37:ED:B7:53:C3:91:67:50
[SIPSorcery] Client SDP: a=setup:actpass
[SIPSorcery] Client SDP: a=fingerprint:sha-256 1D:CD:DE:2F:75:A2:B6:02:B1:BC:54:74:40:AB:5B:7E:90:85:F7:5E:B9:55:90:84:37:ED:B7:53:C3:91:67:50
[SIPSorcery] Client SDP: a=setup:actpass
[SIPSorcery] Client SDP: a=fingerprint:sha-256 1D:CD:DE:2F:75:A2:B6:02:B1:BC:54:74:40:AB:5B:7E:90:85:F7:5E:B9:55:90:84:37:ED:B7:53:C3:91:67:50
[SIPSorcery] Client SDP: a=setup:actpass
[SIPSorcery] Main PC: PeerConnection created (with STUN/TURN)
[SIPSorcery] Main PC: Added video track 0: 1280x720 (device=8387A103), SSRC=1285178766
[SIPSorcery] Main PC: Added video track 1: 1280x720 (device=82ED39E3), SSRC=1035936163
[SIPSorcery] Main PC: Added SendOnly Opus audio track (RTP transport)
[SIPSorcery] Main PC: Waiting for audio/cursor/h265video DataChannels (per-track or legacy)
[SIPSorcery] Main PC: ICE state: checking
[SIPSorcery] Main PC: Signaling state: have_remote_offer
[SIPSorcery] Main PC: After setRemoteDescription: signalingState=have_remote_offer
[SIPSorcery] Main PC: Local ICE: 2566415119 1 udp 2113940223 2402:800:610d:eab:540f...
[SIPSorcery] Main PC: Local ICE: 1568937684 1 udp 2113940223 2402:800:610d:eab:85e:...
[SIPSorcery] Main PC: Local ICE: 2361428796 1 udp 2113937663 192.168.1.7 63824 typ ...
[SIPSorcery] Main PC: After createAnswer: signalingState=have_remote_offer, answer.type=answer
[SIPSorcery] Main PC SDP: a=fingerprint:sha-256 0B:C1:34:7C:CF:D8:A2:62:93:12:52:F2:E3:EB:D8:77:EE:24:9E:41:70:7D:8D:D1:4D:4E:C3:28:1F:28:BB:90
[SIPSorcery] Main PC SDP: a=setup:active
[SIPSorcery] Main PC SDP: a=fingerprint:sha-256 0B:C1:34:7C:CF:D8:A2:62:93:12:52:F2:E3:EB:D8:77:EE:24:9E:41:70:7D:8D:D1:4D:4E:C3:28:1F:28:BB:90
[SIPSorcery] Main PC SDP: a=setup:active
[SIPSorcery] Main PC SDP: a=fingerprint:sha-256 0B:C1:34:7C:CF:D8:A2:62:93:12:52:F2:E3:EB:D8:77:EE:24:9E:41:70:7D:8D:D1:4D:4E:C3:28:1F:28:BB:90
[SIPSorcery] Main PC SDP: a=setup:active
[SIPSorcery] Main PC SDP: a=fingerprint:sha-256 0B:C1:34:7C:CF:D8:A2:62:93:12:52:F2:E3:EB:D8:77:EE:24:9E:41:70:7D:8D:D1:4D:4E:C3:28:1F:28:BB:90
[SIPSorcery] Main PC SDP: a=setup:active
[SIPSorcery] Main PC: Answer ready, 2124 bytes
[Protocol] SDP filtered m=video: m=video 9 UDP/TLS/RTP/SAVPF 124 (H264 PT=124)
[Protocol] SDP kept: a=rtpmap:124 H264/90000
[Protocol] SDP kept: a=fmtp:124 implementation_name=MediaCodec;level-asymmetry-allowed=1;packetization-mode=1;profile-level-id=420428
[Protocol] SDP filtered m=video: m=video 9 UDP/TLS/RTP/SAVPF 124 (H264 PT=124)
[Protocol] SDP kept: a=rtpmap:124 H264/90000
[Protocol] SDP kept: a=fmtp:124 implementation_name=MediaCodec;level-asymmetry-allowed=1;packetization-mode=1;profile-level-id=420428
[Protocol] Filtered SDP from 2124 to 2124 bytes
[Protocol] Extracted 1 embedded ICE candidates from answer
[Protocol] Answer JSON: {"type":"answer","monitorIndex":0,"sdp":"v=0\r\no=- 66212 0 IN IP4 127.0.0.1\r\ns=sipsorcery\r\nt=0 0\r\na=group:BUNDLE 0 1 2 3\r\nm=video 9 UDP/TLS/R...
[Protocol] Sent single answer, len=2206 bytes
[Protocol] Phase3 RX: type=candidate, len=160
[SIPSorcery] Main PC: Added remote ICE: candidate:2697086094 1 udp 2122194687 192.168.1.12...
[Protocol] Phase3 RX: type=candidate, len=162
[SIPSorcery] Main PC: Added remote ICE: candidate:1197081542 1 udp 2122129151 28.118.72.20...
[Protocol] Phase3 RX: type=candidate, len=185
[SIPSorcery] Main PC: Added remote ICE: candidate:3624830600 1 udp 2122262783 2402:800:610...
[Protocol] Phase3 RX: type=candidate, len=160
[SIPSorcery] Main PC: Added remote ICE: candidate:2697086094 1 udp 2122194687 192.168.1.12...
[Protocol] Phase3 RX: type=candidate, len=162
[SIPSorcery] Main PC: Added remote ICE: candidate:1197081542 1 udp 2122129151 28.118.72.20...
[Protocol] Phase3 RX: type=candidate, len=185
[SIPSorcery] Main PC: Added remote ICE: candidate:3624830600 1 udp 2122262783 2402:800:610...
[Protocol] Phase3 RX: type=candidate, len=160
[SIPSorcery] Main PC: Added remote ICE: candidate:2697086094 1 udp 2122194687 192.168.1.12...
[Protocol] Phase3 RX: type=candidate, len=162
[SIPSorcery] Main PC: Added remote ICE: candidate:1197081542 1 udp 2122129151 28.118.72.20...
[Protocol] Phase3 RX: type=candidate, len=185
[SIPSorcery] Main PC: Added remote ICE: candidate:3624830600 1 udp 2122262783 2402:800:610...
[Protocol] Phase3 RX: type=candidate, len=160
[SIPSorcery] Main PC: Added remote ICE: candidate:2697086094 1 udp 2122194687 192.168.1.12...
[Protocol] Phase3 RX: type=candidate, len=162
[SIPSorcery] Main PC: Added remote ICE: candidate:1197081542 1 udp 2122129151 28.118.72.20...
[Protocol] Phase3 RX: type=candidate, len=185
[SIPSorcery] Main PC: Added remote ICE: candidate:3624830600 1 udp 2122262783 2402:800:610...
[SIPSorcery] Main PC: Local ICE: 4243588485 1 udp 1677730047 171.241.42.76 63824 ty...
[SIPSorcery] Main PC: ICE state: connected
[SIPSorcery] Main PC: ICE CONNECTED - waiting for DTLS...
[SIPSorcery] Main PC: Peer state: connecting
[SIPSorcery] Main PC: Peer state: connected
[SIPSorcery] Main PC: DTLS CONNECTED - initializing encoders now
[GpuVendorDetector] Detected AMD GPU: AMD Radeon RX 7600
[SIPSorcery] Detected GPU vendor: AMD
[SIPSorcery] Track 0: Dimensions changed (H264 -> H264) or (1920x1080 -> 1280x720), recreating encoder
[AmfNativeWrapper] Disposed
[SIPSorcery] Creating AMF encoder for AMD GPU
[AmfNativeWrapper] Initializing BGRA mode 1280x720 @ 60fps, 5600kbps, codec=H264
[AmfNativeWrapper] Initialized BGRA mode successfully (zero-copy, codec=H264)
[SIPSorcery] Track 0: Amf encoder initialized (BGRA mode - no color conversion)
[OpusEncoder] Created: 48000Hz, 2ch, 128000bps, frame=10ms (1920B)
[AudioCapture] WASAPI format: 48000Hz, 2ch, 32bit, encoding=IeeeFloat, buffer=10ms (event-driven)
[AudioCapture] Started: 48000Hz, 2ch
[SIPSorcery] Audio pipeline started (WASAPI loopback -> Opus -> RTP primary)
[Protocol] All 2 tracks ready, sending ice_ready
[Protocol] Reconnect in Phase 3: requested streamer re-activation
[Protocol] Encoder supports BGRA mode - enabling zero-copy pipeline (no color conversion)
[Protocol] Starting early capture to prevent browser track timeout...
[Protocol] Capture thread already running, skipping start
[SIPSorcery] Audio path: RTP primary (independent UDP, avoids SCTP congestion from H.265 video DC)
[SIPSorcery] Main PC: DataChannel received: label=audio, id=1
[SIPSorcery] Main PC: Audio DataChannel wired for sending
[SIPSorcery] Main PC: DataChannel received: label=cursor, id=3
[SIPSorcery] Main PC: Cursor DataChannel wired for sending
[SIPSorcery] Main PC: DataChannel received: label=h265video-0, id=5
[SIPSorcery] Main PC: H265 Video DataChannel wired for track 0
[SIPSorcery] Main PC: DataChannel received: label=h265video-1, id=7
[SIPSorcery] Main PC: H265 Video DataChannel wired for track 1
[SIPSorcery] Sync state reset + Phase 3 active (frames will now be sent)
[SIPSorcery] Track 1: Sent H264 codec config via DataChannel (44 bytes)
[Protocol] Phase3 RX: type=reconnect_ack, len=24
[SIPSorcery] Stats: m0:0f(enc=0),lat=2018us, m1:28f(enc=29),lat=265us, audio:50969pkts (17.0/sec), capture:10.0ms/cb(10.0ms data,47cb)
[SIPSorcery] Stats: m0:0f(enc=0),lat=2018us, m1:69f(enc=70),lat=265us, audio:51039pkts (7.0/sec), capture:10.0ms/cb(10.0ms data,70cb)
[SIPSorcery] Stats: m0:0f(enc=0),lat=2018us, m1:95f(enc=96),lat=265us, audio:51081pkts (4.2/sec), capture:10.0ms/cb(10.0ms data,42cb)
[SIPSorcery] Stats: m0:0f(enc=0),lat=2018us, m1:200f(enc=201),lat=265us, audio:51256pkts (17.5/sec), capture:10.0ms/cb(10.0ms data,175cb)
[GpuTextureScaler] Monitor 0: Compute shader initialized
[TextureResizer] Created GPU scaler for monitor 0 (device=1E38387A0E0)
[GpuTextureScaler] Monitor 0: Output texture 1280x720
[SIPSorcery] Stats: m0:0f(enc=1),lat=2018us, m1:219f(enc=220),lat=265us, audio:51288pkts (3.2/sec), capture:9.8ms/cb(10.0ms data,32cb)
[SIPSorcery] Track 0: Sent H264 codec config via DataChannel (44 bytes)
[SIPSorcery] Stats: m0:1f(enc=2),lat=2018us, m1:245f(enc=246),lat=265us, audio:51331pkts (4.3/sec), capture:10.2ms/cb(10.0ms data,43cb)
[SIPSorcery] Stats: m0:1f(enc=2),lat=2018us, m1:248f(enc=249),lat=265us, audio:51336pkts (0.5/sec), capture:9.4ms/cb(10.0ms data,5cb)
[SIPSorcery] Stats: m0:1f(enc=2),lat=2018us, m1:291f(enc=292),lat=265us, audio:51409pkts (7.3/sec), capture:10.1ms/cb(10.0ms data,73cb)
[SIPSorcery] Stats: m0:14f(enc=15),lat=2015us, m1:421f(enc=422),lat=265us, audio:51626pkts (21.7/sec), capture:10.0ms/cb(10.0ms data,217cb)
[SIPSorcery] Stats: m0:17f(enc=18),lat=2015us, m1:445f(enc=446),lat=265us, audio:51667pkts (4.1/sec), capture:9.9ms/cb(10.0ms data,41cb)
[SIPSorcery] Stats: m0:19f(enc=20),lat=2014us, m1:514f(enc=515),lat=265us, audio:51782pkts (11.5/sec), capture:10.0ms/cb(10.0ms data,116cb)
[Cursor] Converting shape: type=COLOR, size=32x32, pitch=128, bufLen=4096
[Cursor] Converted COLOR 32x32: opaque=225, transparent=799/1024
[SIPSorcery] Stats: m0:71f(enc=72),lat=2004us, m1:591f(enc=592),lat=265us, audio:51910pkts (12.8/sec), capture:10.0ms/cb(10.0ms data,127cb)
[AdaptiveBitrate] Auto-recovery: 5600 → 6100 kbps (stable for 15.4s, ceiling=11980kbps)
[AdaptiveBitrate] Adjusting: 5600 → 6100 kbps (conditions_good (loss=0.0%, buffer=high_latency))
[AmfNativeWrapper] Bitrate changed to 6100kbps
[SIPSorcery] Track 0 bitrate → 6100kbps
[AmfNativeWrapper] Bitrate changed to 6100kbps
[SIPSorcery] Track 1 bitrate → 6100kbps
[SIPSorcery] Bitrate adjusted: 6100kbps (conditions_good (loss=0.0%, buffer=high_latency))
[Protocol] Bitrate adjusted: 6100kbps - conditions_good (loss=0.0%, buffer=high_latency)
[SIPSorcery] Stats: m0:79f(enc=80),lat=2003us, m1:627f(enc=628),lat=265us, audio:51969pkts (5.9/sec), capture:10.1ms/cb(10.0ms data,59cb)
[SIPSorcery] Stats: m0:92f(enc=93),lat=2000us, m1:668f(enc=669),lat=265us, audio:52039pkts (7.0/sec), capture:10.0ms/cb(10.0ms data,70cb)
[SIPSorcery] Stats: m0:92f(enc=93),lat=2000us, m1:694f(enc=695),lat=265us, audio:52081pkts (4.2/sec), capture:10.0ms/cb(10.0ms data,42cb)
[SIPSorcery] Stats: m0:125f(enc=126),lat=1995us, m1:797f(enc=798),lat=265us, audio:52256pkts (17.5/sec), capture:10.0ms/cb(10.0ms data,175cb)
[SIPSorcery] Stats: m0:138f(enc=139),lat=1992us, m1:816f(enc=817),lat=265us, audio:52288pkts (3.2/sec), capture:9.8ms/cb(10.0ms data,32cb)
[SIPSorcery] Stats: m0:141f(enc=142),lat=1992us, m1:839f(enc=840),lat=265us, audio:52331pkts (4.3/sec), capture:10.2ms/cb(10.0ms data,43cb)
[SIPSorcery] Stats: m0:143f(enc=144),lat=1991us, m1:841f(enc=842),lat=265us, audio:52336pkts (0.5/sec), capture:9.4ms/cb(10.0ms data,5cb)
[AdaptiveBitrate] Auto-recovery: 6100 → 6600 kbps (stable for 19.5s, ceiling=11980kbps)
[AdaptiveBitrate] Adjusting: 6100 → 6600 kbps (conditions_good (loss=0.0%, buffer=healthy))
[AmfNativeWrapper] Bitrate changed to 6600kbps
[SIPSorcery] Track 0 bitrate → 6600kbps
[AmfNativeWrapper] Bitrate changed to 6600kbps
[SIPSorcery] Track 1 bitrate → 6600kbps
[SIPSorcery] Bitrate adjusted: 6600kbps (conditions_good (loss=0.0%, buffer=healthy))
[Protocol] Bitrate adjusted: 6600kbps - conditions_good (loss=0.0%, buffer=healthy)
[SIPSorcery] Stats: m0:147f(enc=148),lat=1991us, m1:885f(enc=886),lat=265us, audio:52409pkts (7.3/sec), capture:10.1ms/cb(10.0ms data,73cb)
[SIPSorcery] Stats: m0:153f(enc=154),lat=1989us, m1:1009f(enc=1010),lat=265us, audio:52626pkts (21.7/sec), capture:10.0ms/cb(10.0ms data,217cb)
[SIPSorcery] Stats: m0:153f(enc=154),lat=1989us, m1:1034f(enc=1035),lat=265us, audio:52667pkts (4.1/sec), capture:9.9ms/cb(10.0ms data,41cb)
[AdaptiveBitrate] Auto-recovery: 6600 → 7000 kbps (stable for 23.5s, ceiling=11980kbps)
[AdaptiveBitrate] Adjusting: 6600 → 7000 kbps (conditions_good (loss=0.0%, buffer=high_latency))
[AmfNativeWrapper] Bitrate changed to 7000kbps
[SIPSorcery] Track 0 bitrate → 7000kbps
[AmfNativeWrapper] Bitrate changed to 7000kbps
[SIPSorcery] Track 1 bitrate → 7000kbps
[SIPSorcery] Bitrate adjusted: 7000kbps (conditions_good (loss=0.0%, buffer=high_latency))
[Protocol] Bitrate adjusted: 7000kbps - conditions_good (loss=0.0%, buffer=high_latency)
[SIPSorcery] Stats: m0:177f(enc=178),lat=1985us, m1:1090f(enc=1091),lat=265us, audio:52783pkts (11.6/sec), capture:10.0ms/cb(10.0ms data,116cb)
[SIPSorcery] Stats: m0:213f(enc=214),lat=1978us, m1:1133f(enc=1134),lat=265us, audio:52910pkts (12.7/sec), capture:10.0ms/cb(10.0ms data,127cb)
[SIPSorcery] Stats: m0:231f(enc=232),lat=1975us, m1:1169f(enc=1170),lat=265us, audio:52969pkts (5.9/sec), capture:10.1ms/cb(10.0ms data,59cb)
[SIPSorcery] Stats: m0:231f(enc=232),lat=1975us, m1:1209f(enc=1210),lat=265us, audio:53039pkts (7.0/sec), capture:10.0ms/cb(10.0ms data,70cb)
[SIPSorcery] Stats: m0:231f(enc=232),lat=1975us, m1:1234f(enc=1235),lat=265us, audio:53081pkts (4.2/sec), capture:10.0ms/cb(10.0ms data,42cb)
[Protocol] Phase3 RX: type=skip_to_live, len=35
[Protocol] Phase3 RX: type=candidate, len=158
[SIPSorcery] Main PC: Added remote ICE: candidate:95471421 1 udp 2122194687 192.168.1.12 4...
[Protocol] Phase3 RX: type=candidate, len=162
[SIPSorcery] Main PC: Added remote ICE: candidate:2102433496 1 udp 2122129151 28.118.72.20...
[Protocol] Phase3 RX: type=candidate, len=185
[SIPSorcery] Main PC: Added remote ICE: candidate:3970674378 1 udp 2122262783 2402:800:610...
[Protocol] Phase3 RX: type=candidate, len=158
[SIPSorcery] Main PC: Added remote ICE: candidate:95471421 1 udp 2122194687 192.168.1.12 5...
[Protocol] Phase3 RX: type=candidate, len=162
[SIPSorcery] Main PC: Added remote ICE: candidate:2102433496 1 udp 2122129151 28.118.72.20...
[Protocol] Phase3 RX: type=candidate, len=185
[SIPSorcery] Main PC: Added remote ICE: candidate:3970674378 1 udp 2122262783 2402:800:610...
[Protocol] Phase3 RX: type=candidate, len=158
[SIPSorcery] Main PC: Added remote ICE: candidate:95471421 1 udp 2122194687 192.168.1.12 5...
[Protocol] Phase3 RX: type=candidate, len=162
[SIPSorcery] Main PC: Added remote ICE: candidate:2102433496 1 udp 2122129151 28.118.72.20...
[Protocol] Phase3 RX: type=candidate, len=185
[SIPSorcery] Main PC: Added remote ICE: candidate:3970674378 1 udp 2122262783 2402:800:610...
[Protocol] Phase3 RX: type=candidate, len=158
[SIPSorcery] Main PC: Added remote ICE: candidate:95471421 1 udp 2122194687 192.168.1.12 5...
[Protocol] Phase3 RX: type=candidate, len=162
[SIPSorcery] Main PC: Added remote ICE: candidate:2102433496 1 udp 2122129151 28.118.72.20...
[Protocol] Phase3 RX: type=candidate, len=185
[SIPSorcery] Main PC: Added remote ICE: candidate:3970674378 1 udp 2122262783 2402:800:610...
[Protocol] Phase3 RX: type=offer, len=10046
[Protocol] Received reconnect offer during streaming (JSON format)
[SIPSorcery] Track 0: Dropping stale P-frame before first IDR (395 bytes) - requesting keyframe
[SIPSorcery] Track 1: Dropping stale P-frame before first IDR (7443 bytes) - requesting keyframe
[SIPSorcery] Sync state reset, Phase 3 pending activation
[SIPSorcery] Sync state reset, Phase 3 pending activation
[Protocol] Received single offer for all monitors
[Protocol] Cleared answer state, preserved 0 pending ICE candidates
[Protocol] Monitor 0 native=1920x1080 -> encoder=1280x720
[Protocol] Monitor 1 native=1920x1080 -> encoder=1280x720
[Protocol] Parsed H264 PT from offer: 124
[OpusEncoder] Disposed
[SIPSorcery] Main PC: Audio DataChannel closed
[SIPSorcery] Main PC: Cursor DataChannel closed
[SIPSorcery] Main PC: H265 Video DataChannel closed for track 0
[SIPSorcery] Main PC: H265 Video DataChannel closed for track 1
[SIPSorcery] Main PC: Peer state: closed
[SIPSorcery] Main PC: Peer state CLOSED unexpectedly - awaiting client reconnect offer
[SIPSorcery] Connection closed
[SIPSorcery] Sync state reset, Phase 3 pending activation
[SIPSorcery] Offer H264 pt=124, fmtp=implementation_name=MediaCodec;level-asymmetry-allowed=1;packetization-mode=1;profile-level-id=42e01f, perTrackPc=False
[SIPSorcery] Client SDP: a=fingerprint:sha-256 B8:56:45:19:67:F9:82:89:96:76:E0:4C:21:5D:B7:07:6B:85:18:EF:B0:64:38:92:06:D0:F0:59:69:72:8D:43
[SIPSorcery] Client SDP: a=setup:actpass
[SIPSorcery] Client SDP: a=fingerprint:sha-256 B8:56:45:19:67:F9:82:89:96:76:E0:4C:21:5D:B7:07:6B:85:18:EF:B0:64:38:92:06:D0:F0:59:69:72:8D:43
[SIPSorcery] Client SDP: a=setup:actpass
[SIPSorcery] Client SDP: a=fingerprint:sha-256 B8:56:45:19:67:F9:82:89:96:76:E0:4C:21:5D:B7:07:6B:85:18:EF:B0:64:38:92:06:D0:F0:59:69:72:8D:43
[SIPSorcery] Client SDP: a=setup:actpass
[SIPSorcery] Client SDP: a=fingerprint:sha-256 B8:56:45:19:67:F9:82:89:96:76:E0:4C:21:5D:B7:07:6B:85:18:EF:B0:64:38:92:06:D0:F0:59:69:72:8D:43
[SIPSorcery] Client SDP: a=setup:actpass
[SIPSorcery] Main PC: PeerConnection created (with STUN/TURN)
[SIPSorcery] Main PC: Added video track 0: 1280x720 (device=8387A103), SSRC=1136656135
[SIPSorcery] Main PC: Added video track 1: 1280x720 (device=82ED39E3), SSRC=660015164
[SIPSorcery] Main PC: Added SendOnly Opus audio track (RTP transport)
[SIPSorcery] Main PC: Waiting for audio/cursor/h265video DataChannels (per-track or legacy)
[SIPSorcery] Main PC: ICE state: checking
[SIPSorcery] Main PC: Signaling state: have_remote_offer
[SIPSorcery] Main PC: After setRemoteDescription: signalingState=have_remote_offer
[SIPSorcery] Main PC: Local ICE: 2566415119 1 udp 2113940223 2402:800:610d:eab:540f...
[SIPSorcery] Main PC: Local ICE: 1568937684 1 udp 2113940223 2402:800:610d:eab:85e:...
[SIPSorcery] Main PC: Local ICE: 2361428796 1 udp 2113937663 192.168.1.7 53952 typ ...
[SIPSorcery] Main PC: After createAnswer: signalingState=have_remote_offer, answer.type=answer
[SIPSorcery] Main PC SDP: a=fingerprint:sha-256 27:70:FB:43:21:BF:62:66:B8:DF:2D:A3:06:D8:FE:B6:10:DB:03:43:A1:CD:C7:DD:27:64:F5:87:B1:99:44:20
[SIPSorcery] Main PC SDP: a=setup:active
[SIPSorcery] Main PC SDP: a=fingerprint:sha-256 27:70:FB:43:21:BF:62:66:B8:DF:2D:A3:06:D8:FE:B6:10:DB:03:43:A1:CD:C7:DD:27:64:F5:87:B1:99:44:20
[SIPSorcery] Main PC SDP: a=setup:active
[SIPSorcery] Main PC SDP: a=fingerprint:sha-256 27:70:FB:43:21:BF:62:66:B8:DF:2D:A3:06:D8:FE:B6:10:DB:03:43:A1:CD:C7:DD:27:64:F5:87:B1:99:44:20
[SIPSorcery] Main PC SDP: a=setup:active
[SIPSorcery] Main PC SDP: a=fingerprint:sha-256 27:70:FB:43:21:BF:62:66:B8:DF:2D:A3:06:D8:FE:B6:10:DB:03:43:A1:CD:C7:DD:27:64:F5:87:B1:99:44:20
[SIPSorcery] Main PC SDP: a=setup:active
[SIPSorcery] Main PC: Answer ready, 2124 bytes
[Protocol] SDP filtered m=video: m=video 9 UDP/TLS/RTP/SAVPF 124 (H264 PT=124)
[Protocol] SDP kept: a=rtpmap:124 H264/90000
[Protocol] SDP kept: a=fmtp:124 implementation_name=MediaCodec;level-asymmetry-allowed=1;packetization-mode=1;profile-level-id=420428
[Protocol] SDP filtered m=video: m=video 9 UDP/TLS/RTP/SAVPF 124 (H264 PT=124)
[Protocol] SDP kept: a=rtpmap:124 H264/90000
[Protocol] SDP kept: a=fmtp:124 implementation_name=MediaCodec;level-asymmetry-allowed=1;packetization-mode=1;profile-level-id=420428
[Protocol] Filtered SDP from 2124 to 2124 bytes
[Protocol] Extracted 1 embedded ICE candidates from answer
[Protocol] Answer JSON: {"type":"answer","monitorIndex":0,"sdp":"v=0\r\no=- 27279 0 IN IP4 127.0.0.1\r\ns=sipsorcery\r\nt=0 0\r\na=group:BUNDLE 0 1 2 3\r\nm=video 9 UDP/TLS/R...
[Protocol] Sent single answer, len=2206 bytes
[SIPSorcery] Main PC: Local ICE: 4243588485 1 udp 1677730047 171.241.42.76 53952 ty...
[SIPSorcery] Main PC: ICE state: connected
[SIPSorcery] Main PC: ICE CONNECTED - waiting for DTLS...
[SIPSorcery] Main PC: Peer state: connecting
[SIPSorcery] Main PC: Peer state: connected
[SIPSorcery] Main PC: DTLS CONNECTED - initializing encoders now
[GpuVendorDetector] Detected AMD GPU: AMD Radeon RX 7600
[SIPSorcery] Detected GPU vendor: AMD
[OpusEncoder] Created: 48000Hz, 2ch, 128000bps, frame=10ms (1920B)
[AudioCapture] WASAPI format: 48000Hz, 2ch, 32bit, encoding=IeeeFloat, buffer=10ms (event-driven)
[AudioCapture] Started: 48000Hz, 2ch
[SIPSorcery] Audio pipeline started (WASAPI loopback -> Opus -> RTP primary)
[Protocol] All 2 tracks ready, sending ice_ready
[Protocol] Reconnect in Phase 3: requested streamer re-activation
[Protocol] Encoder supports BGRA mode - enabling zero-copy pipeline (no color conversion)
[Protocol] Starting early capture to prevent browser track timeout...
[Protocol] Capture thread already running, skipping start
[SIPSorcery] Sync state reset + Phase 3 active (frames will now be sent)
[SIPSorcery] Audio path: RTP primary (independent UDP, avoids SCTP congestion from H.265 video DC)
[Protocol] Phase3 RX: type=reconnect_ack, len=24
[SIPSorcery] Main PC: DataChannel received: label=audio, id=1
[SIPSorcery] Main PC: Audio DataChannel wired for sending
[SIPSorcery] Main PC: DataChannel received: label=cursor, id=3
[SIPSorcery] Main PC: Cursor DataChannel wired for sending
[SIPSorcery] Main PC: DataChannel received: label=h265video-0, id=5
[SIPSorcery] Main PC: H265 Video DataChannel wired for track 0
[SIPSorcery] Main PC: DataChannel received: label=h265video-1, id=7
[SIPSorcery] Main PC: H265 Video DataChannel wired for track 1
[SIPSorcery] Track 1: Sent H264 codec config via DataChannel (44 bytes)
[SIPSorcery] Stats: m0:0f(enc=0),lat=2243us, m1:6f(enc=7),lat=265us, audio:53200pkts (11.9/sec), capture:11.0ms/cb(10.0ms data,10cb)
[SIPSorcery] Stats: m0:0f(enc=0),lat=2243us, m1:26f(enc=27),lat=265us, audio:53233pkts (3.3/sec), capture:9.9ms/cb(10.0ms data,33cb)
[SIPSorcery] Stats: m0:0f(enc=0),lat=2243us, m1:51f(enc=52),lat=265us, audio:53275pkts (4.2/sec), capture:10.0ms/cb(10.0ms data,42cb)
[SIPSorcery] Stats: m0:0f(enc=0),lat=2243us, m1:54f(enc=55),lat=265us, audio:53280pkts (0.5/sec), capture:9.4ms/cb(10.0ms data,5cb)
[SIPSorcery] Stats: m0:0f(enc=0),lat=2243us, m1:97f(enc=98),lat=265us, audio:53353pkts (7.3/sec), capture:10.1ms/cb(10.0ms data,73cb)
[SIPSorcery] Stats: m0:0f(enc=1),lat=2243us, m1:227f(enc=228),lat=265us, audio:53570pkts (21.7/sec), capture:10.0ms/cb(10.0ms data,217cb)
[SIPSorcery] Stats: m0:0f(enc=1),lat=2243us, m1:251f(enc=252),lat=265us, audio:53611pkts (4.1/sec), capture:9.9ms/cb(10.0ms data,41cb)
[SIPSorcery] Stats: m0:0f(enc=1),lat=2243us, m1:321f(enc=322),lat=265us, audio:53727pkts (11.6/sec), capture:10.0ms/cb(10.0ms data,116cb)
[Protocol] Phase3 RX: type=candidate, len=160
[SIPSorcery] Main PC: Added remote ICE: candidate:1944210104 1 udp 2122194687 192.168.1.12...
[Protocol] Phase3 RX: type=candidate, len=161
[SIPSorcery] Main PC: Added remote ICE: candidate:184687453 1 udp 2122129151 28.118.72.208...
[Protocol] Phase3 RX: type=candidate, len=185
[SIPSorcery] Main PC: Added remote ICE: candidate:2600018767 1 udp 2122262783 2402:800:610...
[Protocol] Phase3 RX: type=candidate, len=160
[SIPSorcery] Main PC: Added remote ICE: candidate:1944210104 1 udp 2122194687 192.168.1.12...
[Protocol] Phase3 RX: type=candidate, len=161
[SIPSorcery] Main PC: Added remote ICE: candidate:184687453 1 udp 2122129151 28.118.72.208...
[Protocol] Phase3 RX: type=candidate, len=185
[SIPSorcery] Main PC: Added remote ICE: candidate:2600018767 1 udp 2122262783 2402:800:610...
[Protocol] Phase3 RX: type=candidate, len=160
[SIPSorcery] Main PC: Added remote ICE: candidate:1944210104 1 udp 2122194687 192.168.1.12...
[Protocol] Phase3 RX: type=candidate, len=161
[SIPSorcery] Main PC: Added remote ICE: candidate:184687453 1 udp 2122129151 28.118.72.208...
[Protocol] Phase3 RX: type=candidate, len=185
[SIPSorcery] Main PC: Added remote ICE: candidate:2600018767 1 udp 2122262783 2402:800:610...
[Protocol] Phase3 RX: type=candidate, len=160
[SIPSorcery] Main PC: Added remote ICE: candidate:1944210104 1 udp 2122194687 192.168.1.12...
[Protocol] Phase3 RX: type=candidate, len=161
[SIPSorcery] Main PC: Added remote ICE: candidate:184687453 1 udp 2122129151 28.118.72.208...
[Protocol] Phase3 RX: type=candidate, len=185
[SIPSorcery] Main PC: Added remote ICE: candidate:2600018767 1 udp 2122262783 2402:800:610...
[Protocol] Phase3 RX: type=offer, len=10046
[Protocol] Received reconnect offer during streaming (JSON format)
[SIPSorcery] Track 0: Dropping stale P-frame before first IDR (122821 bytes) - requesting keyframe
[SIPSorcery] Track 1: Dropping stale P-frame before first IDR (10519 bytes) - requesting keyframe
[SIPSorcery] Sync state reset, Phase 3 pending activation
[SIPSorcery] Sync state reset, Phase 3 pending activation
[Protocol] Received single offer for all monitors
[Protocol] Cleared answer state, preserved 0 pending ICE candidates
[Protocol] Monitor 0 native=1920x1080 -> encoder=1280x720
[Protocol] Monitor 1 native=1920x1080 -> encoder=1280x720
[Protocol] Parsed H264 PT from offer: 124
[OpusEncoder] Disposed
[SIPSorcery] Main PC: Audio DataChannel closed
[SIPSorcery] Main PC: Cursor DataChannel closed
[SIPSorcery] Main PC: H265 Video DataChannel closed for track 0
[SIPSorcery] Main PC: H265 Video DataChannel closed for track 1
[SIPSorcery] Main PC: Peer state: closed
[SIPSorcery] Main PC: Peer state CLOSED unexpectedly - awaiting client reconnect offer
[SIPSorcery] Connection closed
[SIPSorcery] Sync state reset, Phase 3 pending activation
[SIPSorcery] Offer H264 pt=124, fmtp=implementation_name=MediaCodec;level-asymmetry-allowed=1;packetization-mode=1;profile-level-id=42e01f, perTrackPc=False
[SIPSorcery] Client SDP: a=fingerprint:sha-256 46:CC:39:CF:2E:3B:90:A5:54:92:54:7D:92:1A:CF:B6:CD:E6:6C:EC:94:AF:B0:EF:FD:BD:B8:80:97:05:4C:CB
[SIPSorcery] Client SDP: a=setup:actpass
[SIPSorcery] Client SDP: a=fingerprint:sha-256 46:CC:39:CF:2E:3B:90:A5:54:92:54:7D:92:1A:CF:B6:CD:E6:6C:EC:94:AF:B0:EF:FD:BD:B8:80:97:05:4C:CB
[SIPSorcery] Client SDP: a=setup:actpass
[SIPSorcery] Client SDP: a=fingerprint:sha-256 46:CC:39:CF:2E:3B:90:A5:54:92:54:7D:92:1A:CF:B6:CD:E6:6C:EC:94:AF:B0:EF:FD:BD:B8:80:97:05:4C:CB
[SIPSorcery] Client SDP: a=setup:actpass
[SIPSorcery] Client SDP: a=fingerprint:sha-256 46:CC:39:CF:2E:3B:90:A5:54:92:54:7D:92:1A:CF:B6:CD:E6:6C:EC:94:AF:B0:EF:FD:BD:B8:80:97:05:4C:CB
[SIPSorcery] Client SDP: a=setup:actpass
[SIPSorcery] Main PC: PeerConnection created (with STUN/TURN)
[SIPSorcery] Main PC: Added video track 0: 1280x720 (device=8387A103), SSRC=172764317
[SIPSorcery] Main PC: Added video track 1: 1280x720 (device=82ED39E3), SSRC=1114823194
[SIPSorcery] Main PC: Added SendOnly Opus audio track (RTP transport)
[SIPSorcery] Main PC: Waiting for audio/cursor/h265video DataChannels (per-track or legacy)
[SIPSorcery] Main PC: ICE state: checking
[SIPSorcery] Main PC: Signaling state: have_remote_offer
[SIPSorcery] Main PC: After setRemoteDescription: signalingState=have_remote_offer
[SIPSorcery] Main PC: Local ICE: 2566415119 1 udp 2113940223 2402:800:610d:eab:540f...
[SIPSorcery] Main PC: Local ICE: 1568937684 1 udp 2113940223 2402:800:610d:eab:85e:...
[SIPSorcery] Main PC: Local ICE: 2361428796 1 udp 2113937663 192.168.1.7 52118 typ ...
[SIPSorcery] Main PC: After createAnswer: signalingState=have_remote_offer, answer.type=answer
[SIPSorcery] Main PC SDP: a=fingerprint:sha-256 43:38:B8:64:EC:4F:2F:8C:29:D6:49:5B:77:ED:24:AB:88:B0:6E:4B:90:8B:AC:1A:58:BB:0B:1C:F9:9D:28:12
[SIPSorcery] Main PC SDP: a=setup:active
[SIPSorcery] Main PC SDP: a=fingerprint:sha-256 43:38:B8:64:EC:4F:2F:8C:29:D6:49:5B:77:ED:24:AB:88:B0:6E:4B:90:8B:AC:1A:58:BB:0B:1C:F9:9D:28:12
[SIPSorcery] Main PC SDP: a=setup:active
[SIPSorcery] Main PC SDP: a=fingerprint:sha-256 43:38:B8:64:EC:4F:2F:8C:29:D6:49:5B:77:ED:24:AB:88:B0:6E:4B:90:8B:AC:1A:58:BB:0B:1C:F9:9D:28:12
[SIPSorcery] Main PC SDP: a=setup:active
[SIPSorcery] Main PC SDP: a=fingerprint:sha-256 43:38:B8:64:EC:4F:2F:8C:29:D6:49:5B:77:ED:24:AB:88:B0:6E:4B:90:8B:AC:1A:58:BB:0B:1C:F9:9D:28:12
[SIPSorcery] Main PC SDP: a=setup:active
[SIPSorcery] Main PC: Answer ready, 2124 bytes
[Protocol] SDP filtered m=video: m=video 9 UDP/TLS/RTP/SAVPF 124 (H264 PT=124)
[Protocol] SDP kept: a=rtpmap:124 H264/90000
[Protocol] SDP kept: a=fmtp:124 implementation_name=MediaCodec;level-asymmetry-allowed=1;packetization-mode=1;profile-level-id=420428
[Protocol] SDP filtered m=video: m=video 9 UDP/TLS/RTP/SAVPF 124 (H264 PT=124)
[Protocol] SDP kept: a=rtpmap:124 H264/90000
[Protocol] SDP kept: a=fmtp:124 implementation_name=MediaCodec;level-asymmetry-allowed=1;packetization-mode=1;profile-level-id=420428
[Protocol] Filtered SDP from 2124 to 2124 bytes
[Protocol] Extracted 1 embedded ICE candidates from answer
[Protocol] Answer JSON: {"type":"answer","monitorIndex":0,"sdp":"v=0\r\no=- 38546 0 IN IP4 127.0.0.1\r\ns=sipsorcery\r\nt=0 0\r\na=group:BUNDLE 0 1 2 3\r\nm=video 9 UDP/TLS/R...
[Protocol] Sent single answer, len=2206 bytes
[SIPSorcery] Main PC: Local ICE: 4243588485 1 udp 1677730047 171.241.42.76 52118 ty...
[SIPSorcery] Main PC: ICE state: connected
[SIPSorcery] Main PC: ICE CONNECTED - waiting for DTLS...
[SIPSorcery] Main PC: Peer state: connecting
[SIPSorcery] Main PC: Peer state: connected
[SIPSorcery] Main PC: DTLS CONNECTED - initializing encoders now
[GpuVendorDetector] Detected AMD GPU: AMD Radeon RX 7600
[SIPSorcery] Detected GPU vendor: AMD
[OpusEncoder] Created: 48000Hz, 2ch, 128000bps, frame=10ms (1920B)
[AudioCapture] WASAPI format: 48000Hz, 2ch, 32bit, encoding=IeeeFloat, buffer=10ms (event-driven)
[AudioCapture] Started: 48000Hz, 2ch
[SIPSorcery] Audio pipeline started (WASAPI loopback -> Opus -> RTP primary)
[Protocol] All 2 tracks ready, sending ice_ready
[Protocol] Reconnect in Phase 3: requested streamer re-activation
[Protocol] Encoder supports BGRA mode - enabling zero-copy pipeline (no color conversion)
[Protocol] Starting early capture to prevent browser track timeout...
[Protocol] Capture thread already running, skipping start
[SIPSorcery] Sync state reset + Phase 3 active (frames will now be sent)
[SIPSorcery] Audio path: RTP primary (independent UDP, avoids SCTP congestion from H.265 video DC)
[SIPSorcery] Main PC: DataChannel received: label=audio, id=1
[SIPSorcery] Main PC: Audio DataChannel wired for sending
[SIPSorcery] Main PC: DataChannel received: label=cursor, id=3
[SIPSorcery] Main PC: Cursor DataChannel wired for sending
[SIPSorcery] Main PC: DataChannel received: label=h265video-0, id=5
[SIPSorcery] Main PC: H265 Video DataChannel wired for track 0
[SIPSorcery] Main PC: DataChannel received: label=h265video-1, id=7
[SIPSorcery] Main PC: H265 Video DataChannel wired for track 1
[SIPSorcery] Track 1: Sent H264 codec config via DataChannel (44 bytes)
[Protocol] Phase3 RX: type=reconnect_ack, len=24
[SIPSorcery] Stats: m0:0f(enc=0),lat=2556us, m1:23f(enc=24),lat=265us, audio:53801pkts (7.4/sec), capture:9.8ms/cb(10.0ms data,40cb)
[SIPSorcery] Stats: m0:0f(enc=0),lat=2556us, m1:59f(enc=60),lat=265us, audio:53860pkts (5.9/sec), capture:10.1ms/cb(10.0ms data,59cb)
[SIPSorcery] Stats: m0:0f(enc=0),lat=2556us, m1:100f(enc=101),lat=265us, audio:53930pkts (7.0/sec), capture:10.0ms/cb(10.0ms data,70cb)
[SIPSorcery] Stats: m0:0f(enc=0),lat=2556us, m1:126f(enc=127),lat=265us, audio:53972pkts (4.2/sec), capture:10.0ms/cb(10.0ms data,42cb)
[Protocol] Phase3 RX: type=skip_to_live, len=35
[SIPSorcery] Stats: m0:0f(enc=0),lat=2556us, m1:194f(enc=195),lat=265us, audio:54085pkts (11.3/sec), capture:10.0ms/cb(10.0ms data,113cb)
[SIPSorcery] Stats: m0:0f(enc=0),lat=2556us, m1:231f(enc=232),lat=265us, audio:54147pkts (6.2/sec), capture:10.1ms/cb(10.0ms data,62cb)
[SIPSorcery] Stats: m0:0f(enc=0),lat=2556us, m1:251f(enc=252),lat=265us, audio:54180pkts (3.3/sec), capture:9.9ms/cb(10.0ms data,33cb)
[SIPSorcery] Stats: m0:0f(enc=0),lat=2556us, m1:276f(enc=277),lat=265us, audio:54222pkts (4.2/sec), capture:10.0ms/cb(10.0ms data,42cb)
[SIPSorcery] Stats: m0:0f(enc=0),lat=2556us, m1:279f(enc=280),lat=265us, audio:54227pkts (0.5/sec), capture:9.4ms/cb(10.0ms data,5cb)
[SIPSorcery] Stats: m0:0f(enc=0),lat=2556us, m1:323f(enc=324),lat=265us, audio:54300pkts (7.3/sec), capture:10.1ms/cb(10.0ms data,73cb)
[Protocol] Phase3 RX: type=candidate, len=159
[SIPSorcery] Main PC: Added remote ICE: candidate:888463842 1 udp 2122194687 192.168.1.12 ...
[Protocol] Phase3 RX: type=candidate, len=162
[SIPSorcery] Main PC: Added remote ICE: candidate:3547113130 1 udp 2122129151 28.118.72.20...
[Protocol] Phase3 RX: type=candidate, len=185
[SIPSorcery] Main PC: Added remote ICE: candidate:1278747620 1 udp 2122262783 2402:800:610...
[Protocol] Phase3 RX: type=candidate, len=159
[SIPSorcery] Main PC: Added remote ICE: candidate:888463842 1 udp 2122194687 192.168.1.12 ...
[Protocol] Phase3 RX: type=candidate, len=162
[SIPSorcery] Main PC: Added remote ICE: candidate:3547113130 1 udp 2122129151 28.118.72.20...
[Protocol] Phase3 RX: type=candidate, len=185
[SIPSorcery] Main PC: Added remote ICE: candidate:1278747620 1 udp 2122262783 2402:800:610...
[Protocol] Phase3 RX: type=candidate, len=159
[SIPSorcery] Main PC: Added remote ICE: candidate:888463842 1 udp 2122194687 192.168.1.12 ...
[Protocol] Phase3 RX: type=candidate, len=162
[SIPSorcery] Main PC: Added remote ICE: candidate:3547113130 1 udp 2122129151 28.118.72.20...
[Protocol] Phase3 RX: type=candidate, len=185
[SIPSorcery] Main PC: Added remote ICE: candidate:1278747620 1 udp 2122262783 2402:800:610...
[Protocol] Phase3 RX: type=candidate, len=159
[SIPSorcery] Main PC: Added remote ICE: candidate:888463842 1 udp 2122194687 192.168.1.12 ...
[Protocol] Phase3 RX: type=candidate, len=162
[SIPSorcery] Main PC: Added remote ICE: candidate:3547113130 1 udp 2122129151 28.118.72.20...
[Protocol] Phase3 RX: type=candidate, len=185
[SIPSorcery] Main PC: Added remote ICE: candidate:1278747620 1 udp 2122262783 2402:800:610...
[Protocol] Phase3 RX: type=offer, len=10045
[Protocol] Received reconnect offer during streaming (JSON format)
[SIPSorcery] Track 1: Dropping stale P-frame before first IDR (478 bytes) - requesting keyframe
[SIPSorcery] Sync state reset, Phase 3 pending activation
[SIPSorcery] Sync state reset, Phase 3 pending activation
[Protocol] Received single offer for all monitors
[Protocol] Cleared answer state, preserved 0 pending ICE candidates
[Protocol] Monitor 0 native=1920x1080 -> encoder=1280x720
[Protocol] Monitor 1 native=1920x1080 -> encoder=1280x720
[Protocol] Parsed H264 PT from offer: 124
[OpusEncoder] Disposed
[SIPSorcery] Main PC: Audio DataChannel closed
[SIPSorcery] Main PC: Cursor DataChannel closed
[SIPSorcery] Main PC: H265 Video DataChannel closed for track 0
[SIPSorcery] Main PC: H265 Video DataChannel closed for track 1
[SIPSorcery] Main PC: Peer state: closed
[SIPSorcery] Main PC: Peer state CLOSED unexpectedly - awaiting client reconnect offer
[SIPSorcery] Connection closed
[SIPSorcery] Sync state reset, Phase 3 pending activation
[SIPSorcery] Offer H264 pt=124, fmtp=implementation_name=MediaCodec;level-asymmetry-allowed=1;packetization-mode=1;profile-level-id=42e01f, perTrackPc=False
[SIPSorcery] Client SDP: a=fingerprint:sha-256 57:79:14:B2:2D:FE:F1:F2:D8:20:53:06:60:0D:23:C3:F7:9C:4B:11:B3:FC:08:AA:D0:78:90:13:C2:AC:CE:47
[SIPSorcery] Client SDP: a=setup:actpass
[SIPSorcery] Client SDP: a=fingerprint:sha-256 57:79:14:B2:2D:FE:F1:F2:D8:20:53:06:60:0D:23:C3:F7:9C:4B:11:B3:FC:08:AA:D0:78:90:13:C2:AC:CE:47
[SIPSorcery] Client SDP: a=setup:actpass
[SIPSorcery] Client SDP: a=fingerprint:sha-256 57:79:14:B2:2D:FE:F1:F2:D8:20:53:06:60:0D:23:C3:F7:9C:4B:11:B3:FC:08:AA:D0:78:90:13:C2:AC:CE:47
[SIPSorcery] Client SDP: a=setup:actpass
[SIPSorcery] Client SDP: a=fingerprint:sha-256 57:79:14:B2:2D:FE:F1:F2:D8:20:53:06:60:0D:23:C3:F7:9C:4B:11:B3:FC:08:AA:D0:78:90:13:C2:AC:CE:47
[SIPSorcery] Client SDP: a=setup:actpass
[SIPSorcery] Main PC: PeerConnection created (with STUN/TURN)
[SIPSorcery] Main PC: Added video track 0: 1280x720 (device=8387A103), SSRC=208762551
[SIPSorcery] Main PC: Added video track 1: 1280x720 (device=82ED39E3), SSRC=1131810385
[SIPSorcery] Main PC: Added SendOnly Opus audio track (RTP transport)
[SIPSorcery] Main PC: Waiting for audio/cursor/h265video DataChannels (per-track or legacy)
[SIPSorcery] Main PC: ICE state: checking
[SIPSorcery] Main PC: Signaling state: have_remote_offer
[SIPSorcery] Main PC: After setRemoteDescription: signalingState=have_remote_offer
[SIPSorcery] Main PC: Local ICE: 2566415119 1 udp 2113940223 2402:800:610d:eab:540f...
[SIPSorcery] Main PC: Local ICE: 1568937684 1 udp 2113940223 2402:800:610d:eab:85e:...
[SIPSorcery] Main PC: Local ICE: 2361428796 1 udp 2113937663 192.168.1.7 60520 typ ...
[SIPSorcery] Main PC: After createAnswer: signalingState=have_remote_offer, answer.type=answer
[SIPSorcery] Main PC SDP: a=fingerprint:sha-256 CF:D5:54:79:25:D6:5E:F7:FE:F8:25:75:09:AB:CA:A8:4C:12:35:9B:16:DB:65:1B:A7:5D:EF:2A:2A:C8:C1:B1
[SIPSorcery] Main PC SDP: a=setup:active
[SIPSorcery] Main PC SDP: a=fingerprint:sha-256 CF:D5:54:79:25:D6:5E:F7:FE:F8:25:75:09:AB:CA:A8:4C:12:35:9B:16:DB:65:1B:A7:5D:EF:2A:2A:C8:C1:B1
[SIPSorcery] Main PC SDP: a=setup:active
[SIPSorcery] Main PC SDP: a=fingerprint:sha-256 CF:D5:54:79:25:D6:5E:F7:FE:F8:25:75:09:AB:CA:A8:4C:12:35:9B:16:DB:65:1B:A7:5D:EF:2A:2A:C8:C1:B1
[SIPSorcery] Main PC SDP: a=setup:active
[SIPSorcery] Main PC SDP: a=fingerprint:sha-256 CF:D5:54:79:25:D6:5E:F7:FE:F8:25:75:09:AB:CA:A8:4C:12:35:9B:16:DB:65:1B:A7:5D:EF:2A:2A:C8:C1:B1
[SIPSorcery] Main PC SDP: a=setup:active
[SIPSorcery] Main PC: Answer ready, 2124 bytes
[Protocol] SDP filtered m=video: m=video 9 UDP/TLS/RTP/SAVPF 124 (H264 PT=124)
[Protocol] SDP kept: a=rtpmap:124 H264/90000
[Protocol] SDP kept: a=fmtp:124 implementation_name=MediaCodec;level-asymmetry-allowed=1;packetization-mode=1;profile-level-id=420428
[Protocol] SDP filtered m=video: m=video 9 UDP/TLS/RTP/SAVPF 124 (H264 PT=124)
[Protocol] SDP kept: a=rtpmap:124 H264/90000
[Protocol] SDP kept: a=fmtp:124 implementation_name=MediaCodec;level-asymmetry-allowed=1;packetization-mode=1;profile-level-id=420428
[Protocol] Filtered SDP from 2124 to 2124 bytes
[Protocol] Extracted 1 embedded ICE candidates from answer
[Protocol] Answer JSON: {"type":"answer","monitorIndex":0,"sdp":"v=0\r\no=- 64879 0 IN IP4 127.0.0.1\r\ns=sipsorcery\r\nt=0 0\r\na=group:BUNDLE 0 1 2 3\r\nm=video 9 UDP/TLS/R...
[Protocol] Sent single answer, len=2206 bytes
[SIPSorcery] Main PC: Local ICE: 4243588485 1 udp 1677730047 171.241.42.76 60520 ty...
[SIPSorcery] Main PC: ICE state: connected
[SIPSorcery] Main PC: ICE CONNECTED - waiting for DTLS...
[SIPSorcery] Main PC: Peer state: connecting
[SIPSorcery] Main PC: Peer state: connected
[SIPSorcery] Main PC: DTLS CONNECTED - initializing encoders now
[GpuVendorDetector] Detected AMD GPU: AMD Radeon RX 7600
[SIPSorcery] Detected GPU vendor: AMD
[OpusEncoder] Created: 48000Hz, 2ch, 128000bps, frame=10ms (1920B)
[AudioCapture] WASAPI format: 48000Hz, 2ch, 32bit, encoding=IeeeFloat, buffer=10ms (event-driven)
[AudioCapture] Started: 48000Hz, 2ch
[SIPSorcery] Audio pipeline started (WASAPI loopback -> Opus -> RTP primary)
[Protocol] All 2 tracks ready, sending ice_ready
[Protocol] Reconnect in Phase 3: requested streamer re-activation
[Protocol] Encoder supports BGRA mode - enabling zero-copy pipeline (no color conversion)
[Protocol] Starting early capture to prevent browser track timeout...
[Protocol] Capture thread already running, skipping start
[SIPSorcery] Audio path: RTP primary (independent UDP, avoids SCTP congestion from H.265 video DC)
[SIPSorcery] Sync state reset + Phase 3 active (frames will now be sent)
[SIPSorcery] Main PC: DataChannel received: label=audio, id=1
[SIPSorcery] Main PC: Audio DataChannel wired for sending
[SIPSorcery] Main PC: DataChannel received: label=cursor, id=3
[SIPSorcery] Main PC: Cursor DataChannel wired for sending
[SIPSorcery] Main PC: DataChannel received: label=h265video-0, id=5
[SIPSorcery] Main PC: H265 Video DataChannel wired for track 0
[SIPSorcery] Main PC: DataChannel received: label=h265video-1, id=7
[SIPSorcery] Main PC: H265 Video DataChannel wired for track 1
[Protocol] Phase3 RX: type=reconnect_ack, len=24
[SIPSorcery] Track 1: Sent H264 codec config via DataChannel (44 bytes)
[SIPSorcery] Stats: m0:0f(enc=0),lat=2556us, m1:75f(enc=76),lat=265us, audio:54461pkts (16.1/sec), capture:10.0ms/cb(10.0ms data,126cb)
[SIPSorcery] Stats: m0:0f(enc=0),lat=2556us, m1:100f(enc=101),lat=265us, audio:54502pkts (4.1/sec), capture:9.9ms/cb(10.0ms data,41cb)
[SIPSorcery] Stats: m0:0f(enc=0),lat=2556us, m1:169f(enc=170),lat=265us, audio:54618pkts (11.6/sec), capture:10.0ms/cb(10.0ms data,116cb)
[SIPSorcery] Stats: m0:0f(enc=0),lat=2556us, m1:192f(enc=193),lat=265us, audio:54655pkts (3.7/sec), capture:10.1ms/cb(10.0ms data,37cb)
[SIPSorcery] Stats: m0:0f(enc=0),lat=2556us, m1:245f(enc=246),lat=264us, audio:54745pkts (9.0/sec), capture:9.9ms/cb(10.0ms data,90cb)
[SIPSorcery] Stats: m0:0f(enc=0),lat=2556us, m1:281f(enc=282),lat=264us, audio:54804pkts (5.9/sec), capture:10.1ms/cb(10.0ms data,59cb)
[SIPSorcery] Stats: m0:0f(enc=0),lat=2556us, m1:322f(enc=323),lat=264us, audio:54874pkts (7.0/sec), capture:10.0ms/cb(10.0ms data,70cb)
[Protocol] Phase3 RX: type=candidate, len=160
[SIPSorcery] Main PC: Added remote ICE: candidate:3268860234 1 udp 2122194687 192.168.1.12...
[Protocol] Phase3 RX: type=candidate, len=161
[SIPSorcery] Main PC: Added remote ICE: candidate:625909250 1 udp 2122129151 28.118.72.208...
[Protocol] Phase3 RX: type=candidate, len=185
[SIPSorcery] Main PC: Added remote ICE: candidate:3122273100 1 udp 2122262783 2402:800:610...
[Protocol] Phase3 RX: type=candidate, len=160
[SIPSorcery] Main PC: Added remote ICE: candidate:3268860234 1 udp 2122194687 192.168.1.12...
[Protocol] Phase3 RX: type=candidate, len=161
[SIPSorcery] Main PC: Added remote ICE: candidate:625909250 1 udp 2122129151 28.118.72.208...
[Protocol] Phase3 RX: type=candidate, len=185
[SIPSorcery] Main PC: Added remote ICE: candidate:3122273100 1 udp 2122262783 2402:800:610...
[Protocol] Phase3 RX: type=candidate, len=160
[SIPSorcery] Main PC: Added remote ICE: candidate:3268860234 1 udp 2122194687 192.168.1.12...
[Protocol] Phase3 RX: type=candidate, len=161
[SIPSorcery] Main PC: Added remote ICE: candidate:625909250 1 udp 2122129151 28.118.72.208...
[Protocol] Phase3 RX: type=candidate, len=185
[SIPSorcery] Main PC: Added remote ICE: candidate:3122273100 1 udp 2122262783 2402:800:610...
[Protocol] Phase3 RX: type=candidate, len=160
[SIPSorcery] Main PC: Added remote ICE: candidate:3268860234 1 udp 2122194687 192.168.1.12...
[Protocol] Phase3 RX: type=candidate, len=161
[SIPSorcery] Main PC: Added remote ICE: candidate:625909250 1 udp 2122129151 28.118.72.208...
[Protocol] Phase3 RX: type=candidate, len=185
[SIPSorcery] Main PC: Added remote ICE: candidate:3122273100 1 udp 2122262783 2402:800:610...
[Protocol] Phase3 RX: type=offer, len=10046
[Protocol] Received reconnect offer during streaming (JSON format)
[SIPSorcery] Sync state reset, Phase 3 pending activation
[SIPSorcery] Sync state reset, Phase 3 pending activation
[Protocol] Received single offer for all monitors
[Protocol] Cleared answer state, preserved 0 pending ICE candidates
[Protocol] Monitor 0 native=1920x1080 -> encoder=1280x720
[Protocol] Monitor 1 native=1920x1080 -> encoder=1280x720
[Protocol] Parsed H264 PT from offer: 124
[OpusEncoder] Disposed
[SIPSorcery] Main PC: Audio DataChannel closed
[SIPSorcery] Main PC: Cursor DataChannel closed
[SIPSorcery] Main PC: H265 Video DataChannel closed for track 0
[SIPSorcery] Main PC: H265 Video DataChannel closed for track 1
[SIPSorcery] Main PC: Peer state: closed
[SIPSorcery] Main PC: Peer state CLOSED unexpectedly - awaiting client reconnect offer
[SIPSorcery] Connection closed
[SIPSorcery] Sync state reset, Phase 3 pending activation
[SIPSorcery] Offer H264 pt=124, fmtp=implementation_name=MediaCodec;level-asymmetry-allowed=1;packetization-mode=1;profile-level-id=42e01f, perTrackPc=False
[SIPSorcery] Client SDP: a=fingerprint:sha-256 07:3F:D9:65:AD:27:AE:5E:5F:2D:F0:0D:CA:6E:BE:5C:9C:EE:0C:61:F5:8A:08:3D:C1:18:38:DE:0A:F9:75:33
[SIPSorcery] Client SDP: a=setup:actpass
[SIPSorcery] Client SDP: a=fingerprint:sha-256 07:3F:D9:65:AD:27:AE:5E:5F:2D:F0:0D:CA:6E:BE:5C:9C:EE:0C:61:F5:8A:08:3D:C1:18:38:DE:0A:F9:75:33
[SIPSorcery] Client SDP: a=setup:actpass
[SIPSorcery] Client SDP: a=fingerprint:sha-256 07:3F:D9:65:AD:27:AE:5E:5F:2D:F0:0D:CA:6E:BE:5C:9C:EE:0C:61:F5:8A:08:3D:C1:18:38:DE:0A:F9:75:33
[SIPSorcery] Client SDP: a=setup:actpass
[SIPSorcery] Client SDP: a=fingerprint:sha-256 07:3F:D9:65:AD:27:AE:5E:5F:2D:F0:0D:CA:6E:BE:5C:9C:EE:0C:61:F5:8A:08:3D:C1:18:38:DE:0A:F9:75:33
[SIPSorcery] Client SDP: a=setup:actpass
[SIPSorcery] Main PC: PeerConnection created (with STUN/TURN)
[SIPSorcery] Main PC: Added video track 0: 1280x720 (device=8387A103), SSRC=1653501626
[SIPSorcery] Main PC: Added video track 1: 1280x720 (device=82ED39E3), SSRC=839298452
[SIPSorcery] Main PC: Added SendOnly Opus audio track (RTP transport)
[SIPSorcery] Main PC: Waiting for audio/cursor/h265video DataChannels (per-track or legacy)
[SIPSorcery] Main PC: ICE state: checking
[SIPSorcery] Main PC: Signaling state: have_remote_offer
[SIPSorcery] Main PC: After setRemoteDescription: signalingState=have_remote_offer
[SIPSorcery] Main PC: Local ICE: 2566415119 1 udp 2113940223 2402:800:610d:eab:540f...
[SIPSorcery] Main PC: Local ICE: 1568937684 1 udp 2113940223 2402:800:610d:eab:85e:...
[SIPSorcery] Main PC: Local ICE: 2361428796 1 udp 2113937663 192.168.1.7 60526 typ ...
[SIPSorcery] Main PC: After createAnswer: signalingState=have_remote_offer, answer.type=answer
[SIPSorcery] Main PC SDP: a=fingerprint:sha-256 6C:8F:A8:76:BF:BB:5E:81:3F:85:42:22:D4:3D:3A:E0:E8:4C:9A:91:41:62:46:97:D4:47:64:B1:ED:F6:6B:C1
[SIPSorcery] Main PC SDP: a=setup:active
[SIPSorcery] Main PC SDP: a=fingerprint:sha-256 6C:8F:A8:76:BF:BB:5E:81:3F:85:42:22:D4:3D:3A:E0:E8:4C:9A:91:41:62:46:97:D4:47:64:B1:ED:F6:6B:C1
[SIPSorcery] Main PC SDP: a=setup:active
[SIPSorcery] Main PC SDP: a=fingerprint:sha-256 6C:8F:A8:76:BF:BB:5E:81:3F:85:42:22:D4:3D:3A:E0:E8:4C:9A:91:41:62:46:97:D4:47:64:B1:ED:F6:6B:C1
[SIPSorcery] Main PC SDP: a=setup:active
[SIPSorcery] Main PC SDP: a=fingerprint:sha-256 6C:8F:A8:76:BF:BB:5E:81:3F:85:42:22:D4:3D:3A:E0:E8:4C:9A:91:41:62:46:97:D4:47:64:B1:ED:F6:6B:C1
[SIPSorcery] Main PC SDP: a=setup:active
[SIPSorcery] Main PC: Answer ready, 2123 bytes
[Protocol] SDP filtered m=video: m=video 9 UDP/TLS/RTP/SAVPF 124 (H264 PT=124)
[Protocol] SDP kept: a=rtpmap:124 H264/90000
[Protocol] SDP kept: a=fmtp:124 implementation_name=MediaCodec;level-asymmetry-allowed=1;packetization-mode=1;profile-level-id=420428
[Protocol] SDP filtered m=video: m=video 9 UDP/TLS/RTP/SAVPF 124 (H264 PT=124)
[Protocol] SDP kept: a=rtpmap:124 H264/90000
[Protocol] SDP kept: a=fmtp:124 implementation_name=MediaCodec;level-asymmetry-allowed=1;packetization-mode=1;profile-level-id=420428
[Protocol] Filtered SDP from 2123 to 2123 bytes
[Protocol] Extracted 1 embedded ICE candidates from answer
[Protocol] Answer JSON: {"type":"answer","monitorIndex":0,"sdp":"v=0\r\no=- 87384 0 IN IP4 127.0.0.1\r\ns=sipsorcery\r\nt=0 0\r\na=group:BUNDLE 0 1 2 3\r\nm=video 9 UDP/TLS/R...
[Protocol] Sent single answer, len=2205 bytes
[SIPSorcery] Main PC: Local ICE: 4243588485 1 udp 1677730047 171.241.42.76 60526 ty...
[SIPSorcery] Stats: m0:0f(enc=0),lat=2556us, m1:0f(enc=0),lat=264us, audio:54905pkts (3.1/sec)
[SIPSorcery] Main PC: ICE state: connected
[SIPSorcery] Main PC: ICE CONNECTED - waiting for DTLS...
[SIPSorcery] Main PC: Peer state: connecting
[SIPSorcery] Main PC: Peer state: connected
[SIPSorcery] Main PC: DTLS CONNECTED - initializing encoders now
[GpuVendorDetector] Detected AMD GPU: AMD Radeon RX 7600
[SIPSorcery] Detected GPU vendor: AMD
[OpusEncoder] Created: 48000Hz, 2ch, 128000bps, frame=10ms (1920B)
[AudioCapture] WASAPI format: 48000Hz, 2ch, 32bit, encoding=IeeeFloat, buffer=10ms (event-driven)
[AudioCapture] Started: 48000Hz, 2ch
[SIPSorcery] Audio pipeline started (WASAPI loopback -> Opus -> RTP primary)
[Protocol] All 2 tracks ready, sending ice_ready
[Protocol] Reconnect in Phase 3: requested streamer re-activation
[Protocol] Encoder supports BGRA mode - enabling zero-copy pipeline (no color conversion)
[Protocol] Starting early capture to prevent browser track timeout...
[Protocol] Capture thread already running, skipping start
[SIPSorcery] Audio path: RTP primary (independent UDP, avoids SCTP congestion from H.265 video DC)
[SIPSorcery] Sync state reset + Phase 3 active (frames will now be sent)
[SIPSorcery] Main PC: DataChannel received: label=audio, id=1
[SIPSorcery] Main PC: Audio DataChannel wired for sending
[SIPSorcery] Main PC: DataChannel received: label=cursor, id=3
[SIPSorcery] Main PC: Cursor DataChannel wired for sending
[SIPSorcery] Main PC: DataChannel received: label=h265video-0, id=5
[SIPSorcery] Main PC: H265 Video DataChannel wired for track 0
[SIPSorcery] Main PC: DataChannel received: label=h265video-1, id=7
[SIPSorcery] Main PC: H265 Video DataChannel wired for track 1
[SIPSorcery] Track 1: Sent H264 codec config via DataChannel (44 bytes)
[Protocol] Phase3 RX: type=reconnect_ack, len=24
[SIPSorcery] Stats: m0:0f(enc=0),lat=2556us, m1:41f(enc=42),lat=264us, audio:54974pkts (6.9/sec), capture:10.0ms/cb(10.0ms data,69cb)
[SIPSorcery] Stats: m0:0f(enc=0),lat=2556us, m1:78f(enc=79),lat=264us, audio:55036pkts (6.2/sec), capture:10.1ms/cb(10.0ms data,62cb)
[SIPSorcery] Stats: m0:0f(enc=0),lat=2556us, m1:98f(enc=99),lat=264us, audio:55069pkts (3.3/sec), capture:9.9ms/cb(10.0ms data,33cb)
[Protocol] Phase3 RX: type=skip_to_live, len=35
[SIPSorcery] Stats: m0:0f(enc=0),lat=2556us, m1:122f(enc=123),lat=264us, audio:55111pkts (4.2/sec), capture:10.0ms/cb(10.0ms data,42cb)
[SIPSorcery] Stats: m0:0f(enc=0),lat=2556us, m1:125f(enc=126),lat=264us, audio:55116pkts (0.5/sec), capture:9.4ms/cb(10.0ms data,5cb)
[SIPSorcery] Stats: m0:0f(enc=0),lat=2556us, m1:169f(enc=170),lat=264us, audio:55189pkts (7.3/sec), capture:10.1ms/cb(10.0ms data,73cb)
[SIPSorcery] Stats: m0:0f(enc=0),lat=2556us, m1:192f(enc=193),lat=264us, audio:55229pkts (4.0/sec), capture:9.8ms/cb(10.0ms data,40cb)
[SIPSorcery] Stats: m0:0f(enc=0),lat=2556us, m1:297f(enc=298),lat=264us, audio:55406pkts (17.7/sec), capture:10.1ms/cb(10.0ms data,177cb)
[SIPSorcery] Stats: m0:0f(enc=0),lat=2556us, m1:321f(enc=322),lat=264us, audio:55447pkts (4.1/sec), capture:9.9ms/cb(10.0ms data,41cb)
[Protocol] Phase3 RX: type=candidate, len=160
[SIPSorcery] Main PC: Added remote ICE: candidate:1962462571 1 udp 2122194687 192.168.1.12...
[Protocol] Phase3 RX: type=candidate, len=162
[SIPSorcery] Main PC: Added remote ICE: candidate:2472577571 1 udp 2122129151 28.118.72.20...
[Protocol] Phase3 RX: type=candidate, len=184
[SIPSorcery] Main PC: Added remote ICE: candidate:204738413 1 udp 2122262783 2402:800:610d...
[Protocol] Phase3 RX: type=candidate, len=160
[SIPSorcery] Main PC: Added remote ICE: candidate:1962462571 1 udp 2122194687 192.168.1.12...
[Protocol] Phase3 RX: type=candidate, len=162
[SIPSorcery] Main PC: Added remote ICE: candidate:2472577571 1 udp 2122129151 28.118.72.20...
[Protocol] Phase3 RX: type=candidate, len=184
[SIPSorcery] Main PC: Added remote ICE: candidate:204738413 1 udp 2122262783 2402:800:610d...
[Protocol] Phase3 RX: type=candidate, len=160
[SIPSorcery] Main PC: Added remote ICE: candidate:1962462571 1 udp 2122194687 192.168.1.12...
[Protocol] Phase3 RX: type=candidate, len=162
[SIPSorcery] Main PC: Added remote ICE: candidate:2472577571 1 udp 2122129151 28.118.72.20...
[Protocol] Phase3 RX: type=candidate, len=184
[SIPSorcery] Main PC: Added remote ICE: candidate:204738413 1 udp 2122262783 2402:800:610d...
[Protocol] Phase3 RX: type=candidate, len=160
[SIPSorcery] Main PC: Added remote ICE: candidate:1962462571 1 udp 2122194687 192.168.1.12...
[Protocol] Phase3 RX: type=candidate, len=162
[SIPSorcery] Main PC: Added remote ICE: candidate:2472577571 1 udp 2122129151 28.118.72.20...
[Protocol] Phase3 RX: type=candidate, len=184
[SIPSorcery] Main PC: Added remote ICE: candidate:204738413 1 udp 2122262783 2402:800:610d...
[Protocol] Phase3 RX: type=offer, len=10046
[Protocol] Received reconnect offer during streaming (JSON format)
[SIPSorcery] Track 1: Dropping stale P-frame before first IDR (320 bytes) - requesting keyframe
[SIPSorcery] Sync state reset, Phase 3 pending activation
[SIPSorcery] Sync state reset, Phase 3 pending activation
[Protocol] Received single offer for all monitors
[Protocol] Cleared answer state, preserved 0 pending ICE candidates
[Protocol] Monitor 0 native=1920x1080 -> encoder=1280x720
[Protocol] Monitor 1 native=1920x1080 -> encoder=1280x720
[Protocol] Parsed H264 PT from offer: 124
[OpusEncoder] Disposed
[SIPSorcery] Main PC: Audio DataChannel closed
[SIPSorcery] Main PC: Cursor DataChannel closed
[SIPSorcery] Main PC: H265 Video DataChannel closed for track 0
[SIPSorcery] Main PC: H265 Video DataChannel closed for track 1
[SIPSorcery] Main PC: Peer state: closed
[SIPSorcery] Main PC: Peer state CLOSED unexpectedly - awaiting client reconnect offer
[SIPSorcery] Connection closed
[SIPSorcery] Sync state reset, Phase 3 pending activation
[SIPSorcery] Offer H264 pt=124, fmtp=implementation_name=MediaCodec;level-asymmetry-allowed=1;packetization-mode=1;profile-level-id=42e01f, perTrackPc=False
[SIPSorcery] Client SDP: a=fingerprint:sha-256 B2:66:9C:05:D7:C7:C1:17:55:6F:9E:6D:51:3F:AF:92:5A:D3:1F:CB:CD:1F:D1:2B:48:5D:39:8E:77:E1:46:D7
[SIPSorcery] Client SDP: a=setup:actpass
[SIPSorcery] Client SDP: a=fingerprint:sha-256 B2:66:9C:05:D7:C7:C1:17:55:6F:9E:6D:51:3F:AF:92:5A:D3:1F:CB:CD:1F:D1:2B:48:5D:39:8E:77:E1:46:D7
[SIPSorcery] Client SDP: a=setup:actpass
[SIPSorcery] Client SDP: a=fingerprint:sha-256 B2:66:9C:05:D7:C7:C1:17:55:6F:9E:6D:51:3F:AF:92:5A:D3:1F:CB:CD:1F:D1:2B:48:5D:39:8E:77:E1:46:D7
[SIPSorcery] Client SDP: a=setup:actpass
[SIPSorcery] Client SDP: a=fingerprint:sha-256 B2:66:9C:05:D7:C7:C1:17:55:6F:9E:6D:51:3F:AF:92:5A:D3:1F:CB:CD:1F:D1:2B:48:5D:39:8E:77:E1:46:D7
[SIPSorcery] Client SDP: a=setup:actpass
[SIPSorcery] Main PC: PeerConnection created (with STUN/TURN)
[SIPSorcery] Main PC: Added video track 0: 1280x720 (device=8387A103), SSRC=1195297965
[SIPSorcery] Main PC: Added video track 1: 1280x720 (device=82ED39E3), SSRC=460935141
[SIPSorcery] Main PC: Added SendOnly Opus audio track (RTP transport)
[SIPSorcery] Main PC: Waiting for audio/cursor/h265video DataChannels (per-track or legacy)
[SIPSorcery] Main PC: ICE state: checking
[SIPSorcery] Main PC: Signaling state: have_remote_offer
[SIPSorcery] Main PC: After setRemoteDescription: signalingState=have_remote_offer
[SIPSorcery] Main PC: Local ICE: 2566415119 1 udp 2113940223 2402:800:610d:eab:540f...
[SIPSorcery] Main PC: Local ICE: 1568937684 1 udp 2113940223 2402:800:610d:eab:85e:...
[SIPSorcery] Main PC: Local ICE: 2361428796 1 udp 2113937663 192.168.1.7 50598 typ ...
[SIPSorcery] Main PC: After createAnswer: signalingState=have_remote_offer, answer.type=answer
[SIPSorcery] Main PC SDP: a=fingerprint:sha-256 7F:19:28:D5:E4:4F:31:87:1B:86:19:2F:A0:44:C6:B7:1F:F6:FA:92:0D:0F:EA:60:05:73:B4:6D:0F:C5:7B:4E
[SIPSorcery] Main PC SDP: a=setup:active
[SIPSorcery] Main PC SDP: a=fingerprint:sha-256 7F:19:28:D5:E4:4F:31:87:1B:86:19:2F:A0:44:C6:B7:1F:F6:FA:92:0D:0F:EA:60:05:73:B4:6D:0F:C5:7B:4E
[SIPSorcery] Main PC SDP: a=setup:active
[SIPSorcery] Main PC SDP: a=fingerprint:sha-256 7F:19:28:D5:E4:4F:31:87:1B:86:19:2F:A0:44:C6:B7:1F:F6:FA:92:0D:0F:EA:60:05:73:B4:6D:0F:C5:7B:4E
[SIPSorcery] Main PC SDP: a=setup:active
[SIPSorcery] Main PC SDP: a=fingerprint:sha-256 7F:19:28:D5:E4:4F:31:87:1B:86:19:2F:A0:44:C6:B7:1F:F6:FA:92:0D:0F:EA:60:05:73:B4:6D:0F:C5:7B:4E
[SIPSorcery] Main PC SDP: a=setup:active
[SIPSorcery] Main PC: Answer ready, 2124 bytes
[Protocol] SDP filtered m=video: m=video 9 UDP/TLS/RTP/SAVPF 124 (H264 PT=124)
[Protocol] SDP kept: a=rtpmap:124 H264/90000
[Protocol] SDP kept: a=fmtp:124 implementation_name=MediaCodec;level-asymmetry-allowed=1;packetization-mode=1;profile-level-id=420428
[Protocol] SDP filtered m=video: m=video 9 UDP/TLS/RTP/SAVPF 124 (H264 PT=124)
[Protocol] SDP kept: a=rtpmap:124 H264/90000
[Protocol] SDP kept: a=fmtp:124 implementation_name=MediaCodec;level-asymmetry-allowed=1;packetization-mode=1;profile-level-id=420428
[Protocol] Filtered SDP from 2124 to 2124 bytes
[Protocol] Extracted 1 embedded ICE candidates from answer
[Protocol] Answer JSON: {"type":"answer","monitorIndex":0,"sdp":"v=0\r\no=- 27968 0 IN IP4 127.0.0.1\r\ns=sipsorcery\r\nt=0 0\r\na=group:BUNDLE 0 1 2 3\r\nm=video 9 UDP/TLS/R...
[Protocol] Sent single answer, len=2206 bytes
[SIPSorcery] Main PC: Local ICE: 4243588485 1 udp 1677730047 171.241.42.76 50598 ty...
[SIPSorcery] Main PC: ICE state: connected
[SIPSorcery] Main PC: ICE CONNECTED - waiting for DTLS...
[SIPSorcery] Main PC: Peer state: connecting
[SIPSorcery] Stats: m0:0f(enc=0),lat=2556us, m1:0f(enc=0),lat=264us, audio:55509pkts (6.2/sec)
[SIPSorcery] Main PC: Peer state: connected
[SIPSorcery] Main PC: DTLS CONNECTED - initializing encoders now
[GpuVendorDetector] Detected AMD GPU: AMD Radeon RX 7600
[SIPSorcery] Detected GPU vendor: AMD
[OpusEncoder] Created: 48000Hz, 2ch, 128000bps, frame=10ms (1920B)
[AudioCapture] WASAPI format: 48000Hz, 2ch, 32bit, encoding=IeeeFloat, buffer=10ms (event-driven)
[AudioCapture] Started: 48000Hz, 2ch
[SIPSorcery] Audio pipeline started (WASAPI loopback -> Opus -> RTP primary)
[Protocol] All 2 tracks ready, sending ice_ready
[Protocol] Reconnect in Phase 3: requested streamer re-activation
[Protocol] Encoder supports BGRA mode - enabling zero-copy pipeline (no color conversion)
[Protocol] Starting early capture to prevent browser track timeout...
[Protocol] Capture thread already running, skipping start
[SIPSorcery] Audio path: RTP primary (independent UDP, avoids SCTP congestion from H.265 video DC)
[SIPSorcery] Sync state reset + Phase 3 active (frames will now be sent)
[SIPSorcery] Main PC: DataChannel received: label=audio, id=1
[SIPSorcery] Main PC: Audio DataChannel wired for sending
[SIPSorcery] Main PC: DataChannel received: label=cursor, id=3
[SIPSorcery] Main PC: Cursor DataChannel wired for sending
[SIPSorcery] Main PC: DataChannel received: label=h265video-0, id=5
[SIPSorcery] Main PC: H265 Video DataChannel wired for track 0
[SIPSorcery] Main PC: DataChannel received: label=h265video-1, id=7
[SIPSorcery] Main PC: H265 Video DataChannel wired for track 1
[SIPSorcery] Track 1: Sent H264 codec config via DataChannel (44 bytes)
[Protocol] Phase3 RX: type=reconnect_ack, len=24
[SIPSorcery] Stats: m0:0f(enc=0),lat=2556us, m1:21f(enc=22),lat=264us, audio:55544pkts (3.5/sec), capture:10.3ms/cb(10.0ms data,35cb)
[SIPSorcery] Stats: m0:0f(enc=0),lat=2556us, m1:74f(enc=75),lat=264us, audio:55634pkts (9.0/sec), capture:9.9ms/cb(10.0ms data,90cb)
[SIPSorcery] Stats: m0:0f(enc=0),lat=2556us, m1:110f(enc=111),lat=264us, audio:55693pkts (5.9/sec), capture:10.1ms/cb(10.0ms data,59cb)
[SIPSorcery] Stats: m0:0f(enc=0),lat=2556us, m1:151f(enc=152),lat=264us, audio:55763pkts (7.0/sec), capture:10.0ms/cb(10.0ms data,70cb)
[SIPSorcery] Stats: m0:0f(enc=0),lat=2556us, m1:173f(enc=174),lat=264us, audio:55798pkts (3.5/sec), capture:9.8ms/cb(10.0ms data,35cb)
[SIPSorcery] Stats: m0:0f(enc=0),lat=2556us, m1:177f(enc=178),lat=264us, audio:55805pkts (0.7/sec), capture:11.1ms/cb(10.0ms data,7cb)
[SIPSorcery] Stats: m0:0f(enc=0),lat=2556us, m1:245f(enc=246),lat=264us, audio:55918pkts (11.3/sec), capture:10.0ms/cb(10.0ms data,113cb)
[SIPSorcery] Stats: m0:0f(enc=0),lat=2556us, m1:281f(enc=282),lat=264us, audio:55980pkts (6.2/sec), capture:10.1ms/cb(10.0ms data,62cb)
[SIPSorcery] Stats: m0:0f(enc=0),lat=2556us, m1:301f(enc=302),lat=264us, audio:56013pkts (3.3/sec), capture:9.9ms/cb(10.0ms data,33cb)
[Protocol] Phase3 RX: type=skip_to_live, len=35
[SIPSorcery] Stats: m0:0f(enc=0),lat=2556us, m1:326f(enc=327),lat=264us, audio:56055pkts (4.2/sec), capture:10.0ms/cb(10.0ms data,42cb)
[SIPSorcery] Stats: m0:0f(enc=0),lat=2556us, m1:329f(enc=330),lat=264us, audio:56060pkts (0.5/sec), capture:9.4ms/cb(10.0ms data,5cb)
[Protocol] Phase3 RX: type=candidate, len=160
[SIPSorcery] Main PC: Added remote ICE: candidate:2112568054 1 udp 2122194687 192.168.1.12...
[Protocol] Phase3 RX: type=candidate, len=160
[SIPSorcery] Main PC: Added remote ICE: candidate:84634387 1 udp 2122129151 28.118.72.208 ...
[Protocol] Phase3 RX: type=candidate, len=185
[SIPSorcery] Main PC: Added remote ICE: candidate:2498777857 1 udp 2122262783 2402:800:610...
[Protocol] Phase3 RX: type=candidate, len=160
[SIPSorcery] Main PC: Added remote ICE: candidate:2112568054 1 udp 2122194687 192.168.1.12...
[Protocol] Phase3 RX: type=candidate, len=160
[SIPSorcery] Main PC: Added remote ICE: candidate:84634387 1 udp 2122129151 28.118.72.208 ...
[Protocol] Phase3 RX: type=candidate, len=185
[SIPSorcery] Main PC: Added remote ICE: candidate:2498777857 1 udp 2122262783 2402:800:610...
[Protocol] Phase3 RX: type=candidate, len=160
[SIPSorcery] Main PC: Added remote ICE: candidate:2112568054 1 udp 2122194687 192.168.1.12...
[Protocol] Phase3 RX: type=candidate, len=160
[SIPSorcery] Main PC: Added remote ICE: candidate:84634387 1 udp 2122129151 28.118.72.208 ...
[Protocol] Phase3 RX: type=candidate, len=185
[SIPSorcery] Main PC: Added remote ICE: candidate:2498777857 1 udp 2122262783 2402:800:610...
[Protocol] Phase3 RX: type=candidate, len=160
[SIPSorcery] Main PC: Added remote ICE: candidate:2112568054 1 udp 2122194687 192.168.1.12...
[Protocol] Phase3 RX: type=candidate, len=160
[SIPSorcery] Main PC: Added remote ICE: candidate:84634387 1 udp 2122129151 28.118.72.208 ...
[Protocol] Phase3 RX: type=candidate, len=185
[SIPSorcery] Main PC: Added remote ICE: candidate:2498777857 1 udp 2122262783 2402:800:610...
[Protocol] Phase3 RX: type=offer, len=10046
[Protocol] Received reconnect offer during streaming (JSON format)
[SIPSorcery] Track 1: Dropping stale P-frame before first IDR (58587 bytes) - requesting keyframe
[SIPSorcery] Sync state reset, Phase 3 pending activation
[SIPSorcery] Sync state reset, Phase 3 pending activation
[Protocol] Received single offer for all monitors
[Protocol] Cleared answer state, preserved 0 pending ICE candidates
[Protocol] Monitor 0 native=1920x1080 -> encoder=1280x720
[Protocol] Monitor 1 native=1920x1080 -> encoder=1280x720
[Protocol] Parsed H264 PT from offer: 124
[OpusEncoder] Disposed
[SIPSorcery] Main PC: Audio DataChannel closed
[SIPSorcery] Main PC: Cursor DataChannel closed
[SIPSorcery] Main PC: H265 Video DataChannel closed for track 0
[SIPSorcery] Main PC: H265 Video DataChannel closed for track 1
[SIPSorcery] Main PC: Peer state: closed
[SIPSorcery] Main PC: Peer state CLOSED unexpectedly - awaiting client reconnect offer
[SIPSorcery] Connection closed
[SIPSorcery] Sync state reset, Phase 3 pending activation
[SIPSorcery] Offer H264 pt=124, fmtp=implementation_name=MediaCodec;level-asymmetry-allowed=1;packetization-mode=1;profile-level-id=42e01f, perTrackPc=False
[SIPSorcery] Client SDP: a=fingerprint:sha-256 FC:FB:F3:73:CB:41:2A:0B:03:79:21:96:89:00:BB:A8:5B:80:C7:0E:92:5D:15:95:E6:67:2C:34:4E:E8:2F:2A
[SIPSorcery] Client SDP: a=setup:actpass
[SIPSorcery] Client SDP: a=fingerprint:sha-256 FC:FB:F3:73:CB:41:2A:0B:03:79:21:96:89:00:BB:A8:5B:80:C7:0E:92:5D:15:95:E6:67:2C:34:4E:E8:2F:2A
[SIPSorcery] Client SDP: a=setup:actpass
[SIPSorcery] Client SDP: a=fingerprint:sha-256 FC:FB:F3:73:CB:41:2A:0B:03:79:21:96:89:00:BB:A8:5B:80:C7:0E:92:5D:15:95:E6:67:2C:34:4E:E8:2F:2A
[SIPSorcery] Client SDP: a=setup:actpass
[SIPSorcery] Client SDP: a=fingerprint:sha-256 FC:FB:F3:73:CB:41:2A:0B:03:79:21:96:89:00:BB:A8:5B:80:C7:0E:92:5D:15:95:E6:67:2C:34:4E:E8:2F:2A
[SIPSorcery] Client SDP: a=setup:actpass
[SIPSorcery] Main PC: PeerConnection created (with STUN/TURN)
[SIPSorcery] Main PC: Added video track 0: 1280x720 (device=8387A103), SSRC=771850113
[SIPSorcery] Main PC: Added video track 1: 1280x720 (device=82ED39E3), SSRC=1586495209
[SIPSorcery] Main PC: Added SendOnly Opus audio track (RTP transport)
[SIPSorcery] Main PC: Waiting for audio/cursor/h265video DataChannels (per-track or legacy)
[SIPSorcery] Main PC: ICE state: checking
[SIPSorcery] Main PC: Signaling state: have_remote_offer
[SIPSorcery] Main PC: After setRemoteDescription: signalingState=have_remote_offer
[SIPSorcery] Main PC: Local ICE: 2566415119 1 udp 2113940223 2402:800:610d:eab:540f...
[SIPSorcery] Main PC: Local ICE: 1568937684 1 udp 2113940223 2402:800:610d:eab:85e:...
[SIPSorcery] Main PC: Local ICE: 2361428796 1 udp 2113937663 192.168.1.7 63708 typ ...
[SIPSorcery] Main PC: After createAnswer: signalingState=have_remote_offer, answer.type=answer
[SIPSorcery] Main PC SDP: a=fingerprint:sha-256 60:17:8A:98:57:C3:F1:58:9A:0C:AC:0B:29:7C:B1:62:80:79:6F:F7:74:2A:11:1E:CA:5D:3F:CF:4D:A6:AE:98
[SIPSorcery] Main PC SDP: a=setup:active
[SIPSorcery] Main PC SDP: a=fingerprint:sha-256 60:17:8A:98:57:C3:F1:58:9A:0C:AC:0B:29:7C:B1:62:80:79:6F:F7:74:2A:11:1E:CA:5D:3F:CF:4D:A6:AE:98
[SIPSorcery] Main PC SDP: a=setup:active
[SIPSorcery] Main PC SDP: a=fingerprint:sha-256 60:17:8A:98:57:C3:F1:58:9A:0C:AC:0B:29:7C:B1:62:80:79:6F:F7:74:2A:11:1E:CA:5D:3F:CF:4D:A6:AE:98
[SIPSorcery] Main PC SDP: a=setup:active
[SIPSorcery] Main PC SDP: a=fingerprint:sha-256 60:17:8A:98:57:C3:F1:58:9A:0C:AC:0B:29:7C:B1:62:80:79:6F:F7:74:2A:11:1E:CA:5D:3F:CF:4D:A6:AE:98
[SIPSorcery] Main PC SDP: a=setup:active
[SIPSorcery] Main PC: Answer ready, 2123 bytes
[Protocol] SDP filtered m=video: m=video 9 UDP/TLS/RTP/SAVPF 124 (H264 PT=124)
[Protocol] SDP kept: a=rtpmap:124 H264/90000
[Protocol] SDP kept: a=fmtp:124 implementation_name=MediaCodec;level-asymmetry-allowed=1;packetization-mode=1;profile-level-id=420428
[Protocol] SDP filtered m=video: m=video 9 UDP/TLS/RTP/SAVPF 124 (H264 PT=124)
[Protocol] SDP kept: a=rtpmap:124 H264/90000
[Protocol] SDP kept: a=fmtp:124 implementation_name=MediaCodec;level-asymmetry-allowed=1;packetization-mode=1;profile-level-id=420428
[Protocol] Filtered SDP from 2123 to 2123 bytes
[Protocol] Extracted 1 embedded ICE candidates from answer
[Protocol] Answer JSON: {"type":"answer","monitorIndex":0,"sdp":"v=0\r\no=- 73986 0 IN IP4 127.0.0.1\r\ns=sipsorcery\r\nt=0 0\r\na=group:BUNDLE 0 1 2 3\r\nm=video 9 UDP/TLS/R...
[Protocol] Sent single answer, len=2205 bytes
[SIPSorcery] Main PC: Local ICE: 4243588485 1 udp 1677730047 171.241.42.76 63708 ty...
[SIPSorcery] Main PC: ICE state: connected
[SIPSorcery] Main PC: ICE CONNECTED - waiting for DTLS...
[SIPSorcery] Main PC: Peer state: connecting
[SIPSorcery] Stats: m0:0f(enc=0),lat=2556us, m1:0f(enc=0),lat=264us, audio:56082pkts (2.2/sec)
[SIPSorcery] Main PC: Peer state: connected
[SIPSorcery] Main PC: DTLS CONNECTED - initializing encoders now
[GpuVendorDetector] Detected AMD GPU: AMD Radeon RX 7600
[SIPSorcery] Detected GPU vendor: AMD
[OpusEncoder] Created: 48000Hz, 2ch, 128000bps, frame=10ms (1920B)
[AudioCapture] WASAPI format: 48000Hz, 2ch, 32bit, encoding=IeeeFloat, buffer=10ms (event-driven)
[AudioCapture] Started: 48000Hz, 2ch
[SIPSorcery] Audio pipeline started (WASAPI loopback -> Opus -> RTP primary)
[Protocol] All 2 tracks ready, sending ice_ready
[Protocol] Reconnect in Phase 3: requested streamer re-activation
[Protocol] Encoder supports BGRA mode - enabling zero-copy pipeline (no color conversion)
[Protocol] Starting early capture to prevent browser track timeout...
[Protocol] Capture thread already running, skipping start
[SIPSorcery] Audio path: RTP primary (independent UDP, avoids SCTP congestion from H.265 video DC)
[Protocol] Phase3 RX: type=reconnect_ack, len=24
[SIPSorcery] Sync state reset + Phase 3 active (frames will now be sent)
[SIPSorcery] Main PC: DataChannel received: label=audio, id=1
[SIPSorcery] Main PC: Audio DataChannel wired for sending
[SIPSorcery] Main PC: DataChannel received: label=cursor, id=3
[SIPSorcery] Main PC: Cursor DataChannel wired for sending
[SIPSorcery] Main PC: DataChannel received: label=h265video-0, id=5
[SIPSorcery] Main PC: H265 Video DataChannel wired for track 0
[SIPSorcery] Main PC: DataChannel received: label=h265video-1, id=7
[SIPSorcery] Main PC: H265 Video DataChannel wired for track 1
[SIPSorcery] Track 1: Sent H264 codec config via DataChannel (44 bytes)
[SIPSorcery] Stats: m0:0f(enc=0),lat=2556us, m1:21f(enc=22),lat=264us, audio:56118pkts (3.6/sec), capture:10.0ms/cb(10.0ms data,36cb)
[SIPSorcery] Stats: m0:0f(enc=0),lat=2556us, m1:125f(enc=126),lat=264us, audio:56295pkts (17.7/sec), capture:10.1ms/cb(10.0ms data,177cb)
[SIPSorcery] Track 0: Sent H264 codec config via DataChannel (44 bytes)
[SIPSorcery] Stats: m0:1f(enc=2),lat=2556us, m1:151f(enc=152),lat=264us, audio:56336pkts (4.1/sec), capture:9.9ms/cb(10.0ms data,41cb)
[SIPSorcery] Stats: m0:13f(enc=14),lat=2553us, m1:191f(enc=192),lat=264us, audio:56403pkts (6.7/sec), capture:10.0ms/cb(10.0ms data,67cb)
[SIPSorcery] Stats: m0:15f(enc=16),lat=2553us, m1:220f(enc=221),lat=264us, audio:56452pkts (4.9/sec), capture:9.9ms/cb(10.0ms data,49cb)
[SIPSorcery] Stats: m0:17f(enc=18),lat=2552us, m1:243f(enc=244),lat=264us, audio:56489pkts (3.7/sec), capture:10.1ms/cb(10.0ms data,37cb)
[SIPSorcery] Stats: m0:20f(enc=21),lat=2551us, m1:297f(enc=298),lat=264us, audio:56579pkts (9.0/sec), capture:9.9ms/cb(10.0ms data,90cb)
[SIPSorcery] Stats: m0:24f(enc=25),lat=2550us, m1:332f(enc=333),lat=264us, audio:56638pkts (5.9/sec), capture:10.1ms/cb(10.0ms data,59cb)
[SIPSorcery] Stats: m0:26f(enc=27),lat=2550us, m1:374f(enc=375),lat=264us, audio:56708pkts (7.0/sec), capture:10.0ms/cb(10.0ms data,70cb)
[SIPSorcery] Stats: m0:26f(enc=27),lat=2550us, m1:395f(enc=396),lat=264us, audio:56743pkts (3.5/sec), capture:9.8ms/cb(10.0ms data,35cb)
[SIPSorcery] Stats: m0:26f(enc=27),lat=2550us, m1:399f(enc=400),lat=264us, audio:56750pkts (0.7/sec), capture:11.1ms/cb(10.0ms data,7cb)
[SIPSorcery] Stats: m0:26f(enc=27),lat=2550us, m1:467f(enc=468),lat=264us, audio:56863pkts (11.3/sec), capture:10.0ms/cb(10.0ms data,113cb)
[Protocol] Phase3 RX: type=candidate, len=159
[SIPSorcery] Main PC: Added remote ICE: candidate:675370079 1 udp 2122194687 192.168.1.12 ...
[Protocol] Phase3 RX: type=candidate, len=162
[SIPSorcery] Main PC: Added remote ICE: candidate:3487109911 1 udp 2122129151 28.118.72.20...
[Protocol] Phase3 RX: type=candidate, len=185
[SIPSorcery] Main PC: Added remote ICE: candidate:1351456345 1 udp 2122262783 2402:800:610...
[Protocol] Phase3 RX: type=candidate, len=159
[SIPSorcery] Main PC: Added remote ICE: candidate:675370079 1 udp 2122194687 192.168.1.12 ...
[Protocol] Phase3 RX: type=candidate, len=162
[SIPSorcery] Main PC: Added remote ICE: candidate:3487109911 1 udp 2122129151 28.118.72.20...
[Protocol] Phase3 RX: type=candidate, len=185
[SIPSorcery] Main PC: Added remote ICE: candidate:1351456345 1 udp 2122262783 2402:800:610...
[Protocol] Phase3 RX: type=candidate, len=159
[SIPSorcery] Main PC: Added remote ICE: candidate:675370079 1 udp 2122194687 192.168.1.12 ...
[Protocol] Phase3 RX: type=candidate, len=162
[SIPSorcery] Main PC: Added remote ICE: candidate:3487109911 1 udp 2122129151 28.118.72.20...
[Protocol] Phase3 RX: type=candidate, len=185
[SIPSorcery] Main PC: Added remote ICE: candidate:1351456345 1 udp 2122262783 2402:800:610...
[Protocol] Phase3 RX: type=candidate, len=159
[SIPSorcery] Main PC: Added remote ICE: candidate:675370079 1 udp 2122194687 192.168.1.12 ...
[Protocol] Phase3 RX: type=candidate, len=162
[SIPSorcery] Main PC: Added remote ICE: candidate:3487109911 1 udp 2122129151 28.118.72.20...
[Protocol] Phase3 RX: type=candidate, len=185
[SIPSorcery] Main PC: Added remote ICE: candidate:1351456345 1 udp 2122262783 2402:800:610...
[Protocol] Phase3 RX: type=offer, len=10046
[Protocol] Received reconnect offer during streaming (JSON format)
[SIPSorcery] Track 0: Dropping stale P-frame before first IDR (15583 bytes) - requesting keyframe
[SIPSorcery] Track 1: Dropping stale P-frame before first IDR (10771 bytes) - requesting keyframe
[SIPSorcery] Sync state reset, Phase 3 pending activation
[SIPSorcery] Sync state reset, Phase 3 pending activation
[Protocol] Received single offer for all monitors
[Protocol] Cleared answer state, preserved 0 pending ICE candidates
[Protocol] Monitor 0 native=1920x1080 -> encoder=1280x720
[Protocol] Monitor 1 native=1920x1080 -> encoder=1280x720
[Protocol] Parsed H264 PT from offer: 124
[OpusEncoder] Disposed
[SIPSorcery] Main PC: Audio DataChannel closed
[SIPSorcery] Main PC: Cursor DataChannel closed
[SIPSorcery] Main PC: H265 Video DataChannel closed for track 0
[SIPSorcery] Main PC: H265 Video DataChannel closed for track 1
[SIPSorcery] Main PC: Peer state: closed
[SIPSorcery] Main PC: Peer state CLOSED unexpectedly - awaiting client reconnect offer
[SIPSorcery] Connection closed
[SIPSorcery] Sync state reset, Phase 3 pending activation
[SIPSorcery] Offer H264 pt=124, fmtp=implementation_name=MediaCodec;level-asymmetry-allowed=1;packetization-mode=1;profile-level-id=42e01f, perTrackPc=False
[SIPSorcery] Client SDP: a=fingerprint:sha-256 08:9C:92:C6:84:97:9C:9B:6C:B8:DF:99:41:63:2A:47:69:07:0C:D8:83:9E:F5:71:93:07:D6:35:01:30:69:D5
[SIPSorcery] Client SDP: a=setup:actpass
[SIPSorcery] Client SDP: a=fingerprint:sha-256 08:9C:92:C6:84:97:9C:9B:6C:B8:DF:99:41:63:2A:47:69:07:0C:D8:83:9E:F5:71:93:07:D6:35:01:30:69:D5
[SIPSorcery] Client SDP: a=setup:actpass
[SIPSorcery] Client SDP: a=fingerprint:sha-256 08:9C:92:C6:84:97:9C:9B:6C:B8:DF:99:41:63:2A:47:69:07:0C:D8:83:9E:F5:71:93:07:D6:35:01:30:69:D5
[SIPSorcery] Client SDP: a=setup:actpass
[SIPSorcery] Client SDP: a=fingerprint:sha-256 08:9C:92:C6:84:97:9C:9B:6C:B8:DF:99:41:63:2A:47:69:07:0C:D8:83:9E:F5:71:93:07:D6:35:01:30:69:D5
[SIPSorcery] Client SDP: a=setup:actpass
[SIPSorcery] Main PC: PeerConnection created (with STUN/TURN)
[SIPSorcery] Main PC: Added video track 0: 1280x720 (device=8387A103), SSRC=1035515630
[SIPSorcery] Main PC: Added video track 1: 1280x720 (device=82ED39E3), SSRC=1270543807
[SIPSorcery] Main PC: Added SendOnly Opus audio track (RTP transport)
[SIPSorcery] Main PC: Waiting for audio/cursor/h265video DataChannels (per-track or legacy)
[SIPSorcery] Main PC: ICE state: checking
[SIPSorcery] Main PC: Signaling state: have_remote_offer
[SIPSorcery] Main PC: After setRemoteDescription: signalingState=have_remote_offer
[SIPSorcery] Main PC: Local ICE: 2566415119 1 udp 2113940223 2402:800:610d:eab:540f...
[SIPSorcery] Main PC: Local ICE: 1568937684 1 udp 2113940223 2402:800:610d:eab:85e:...
[SIPSorcery] Main PC: Local ICE: 2361428796 1 udp 2113937663 192.168.1.7 56310 typ ...
[SIPSorcery] Main PC: After createAnswer: signalingState=have_remote_offer, answer.type=answer
[SIPSorcery] Main PC SDP: a=fingerprint:sha-256 E4:2B:A7:F7:42:72:A8:8B:F7:98:0E:C7:D5:4F:E7:3C:B3:0F:F2:AF:0B:5C:7A:A5:BF:A1:49:BA:A6:BF:D9:C0
[SIPSorcery] Main PC SDP: a=setup:active
[SIPSorcery] Main PC SDP: a=fingerprint:sha-256 E4:2B:A7:F7:42:72:A8:8B:F7:98:0E:C7:D5:4F:E7:3C:B3:0F:F2:AF:0B:5C:7A:A5:BF:A1:49:BA:A6:BF:D9:C0
[SIPSorcery] Main PC SDP: a=setup:active
[SIPSorcery] Main PC SDP: a=fingerprint:sha-256 E4:2B:A7:F7:42:72:A8:8B:F7:98:0E:C7:D5:4F:E7:3C:B3:0F:F2:AF:0B:5C:7A:A5:BF:A1:49:BA:A6:BF:D9:C0
[SIPSorcery] Main PC SDP: a=setup:active
[SIPSorcery] Main PC SDP: a=fingerprint:sha-256 E4:2B:A7:F7:42:72:A8:8B:F7:98:0E:C7:D5:4F:E7:3C:B3:0F:F2:AF:0B:5C:7A:A5:BF:A1:49:BA:A6:BF:D9:C0
[SIPSorcery] Main PC SDP: a=setup:active
[SIPSorcery] Main PC: Answer ready, 2125 bytes
[Protocol] SDP filtered m=video: m=video 9 UDP/TLS/RTP/SAVPF 124 (H264 PT=124)
[Protocol] SDP kept: a=rtpmap:124 H264/90000
[Protocol] SDP kept: a=fmtp:124 implementation_name=MediaCodec;level-asymmetry-allowed=1;packetization-mode=1;profile-level-id=420428
[Protocol] SDP filtered m=video: m=video 9 UDP/TLS/RTP/SAVPF 124 (H264 PT=124)
[Protocol] SDP kept: a=rtpmap:124 H264/90000
[Protocol] SDP kept: a=fmtp:124 implementation_name=MediaCodec;level-asymmetry-allowed=1;packetization-mode=1;profile-level-id=420428
[Protocol] Filtered SDP from 2125 to 2125 bytes
[Protocol] Extracted 1 embedded ICE candidates from answer
[Protocol] Answer JSON: {"type":"answer","monitorIndex":0,"sdp":"v=0\r\no=- 18408 0 IN IP4 127.0.0.1\r\ns=sipsorcery\r\nt=0 0\r\na=group:BUNDLE 0 1 2 3\r\nm=video 9 UDP/TLS/R...
[Protocol] Sent single answer, len=2207 bytes
[SIPSorcery] Main PC: Local ICE: 4243588485 1 udp 1677730047 171.241.42.76 56310 ty...
[SIPSorcery] Stats: m0:0f(enc=0),lat=2797us, m1:0f(enc=0),lat=264us, audio:56893pkts (3.0/sec)
[SIPSorcery] Main PC: ICE state: connected
[SIPSorcery] Main PC: ICE CONNECTED - waiting for DTLS...
[SIPSorcery] Main PC: Peer state: connecting
[SIPSorcery] Main PC: Peer state: connected
[SIPSorcery] Main PC: DTLS CONNECTED - initializing encoders now
[GpuVendorDetector] Detected AMD GPU: AMD Radeon RX 7600
[SIPSorcery] Detected GPU vendor: AMD
[OpusEncoder] Created: 48000Hz, 2ch, 128000bps, frame=10ms (1920B)
[AudioCapture] WASAPI format: 48000Hz, 2ch, 32bit, encoding=IeeeFloat, buffer=10ms (event-driven)
[AudioCapture] Started: 48000Hz, 2ch
[SIPSorcery] Audio pipeline started (WASAPI loopback -> Opus -> RTP primary)
[Protocol] All 2 tracks ready, sending ice_ready
[Protocol] Reconnect in Phase 3: requested streamer re-activation
[Protocol] Encoder supports BGRA mode - enabling zero-copy pipeline (no color conversion)
[Protocol] Starting early capture to prevent browser track timeout...
[Protocol] Capture thread already running, skipping start
[SIPSorcery] Audio path: RTP primary (independent UDP, avoids SCTP congestion from H.265 video DC)
[SIPSorcery] Sync state reset + Phase 3 active (frames will now be sent)
[Protocol] Phase3 RX: type=reconnect_ack, len=24
[SIPSorcery] Main PC: DataChannel received: label=audio, id=1
[SIPSorcery] Main PC: Audio DataChannel wired for sending
[SIPSorcery] Main PC: DataChannel received: label=cursor, id=3
[SIPSorcery] Main PC: Cursor DataChannel wired for sending
[SIPSorcery] Main PC: DataChannel received: label=h265video-0, id=5
[SIPSorcery] Main PC: H265 Video DataChannel wired for track 0
[SIPSorcery] Main PC: DataChannel received: label=h265video-1, id=7
[SIPSorcery] Main PC: H265 Video DataChannel wired for track 1
[SIPSorcery] Track 1: Sent H264 codec config via DataChannel (44 bytes)
[SIPSorcery] Stats: m0:0f(enc=0),lat=2797us, m1:6f(enc=7),lat=264us, audio:56903pkts (1.0/sec), capture:9.4ms/cb(10.0ms data,10cb)
[SIPSorcery] Stats: m0:0f(enc=0),lat=2797us, m1:31f(enc=32),lat=264us, audio:56945pkts (4.2/sec), capture:10.0ms/cb(10.0ms data,42cb)
[SIPSorcery] Stats: m0:0f(enc=0),lat=2797us, m1:34f(enc=35),lat=264us, audio:56950pkts (0.5/sec), capture:9.4ms/cb(10.0ms data,5cb)
[SIPSorcery] Stats: m0:0f(enc=0),lat=2797us, m1:50f(enc=51),lat=264us, audio:56977pkts (2.7/sec), capture:9.8ms/cb(10.0ms data,27cb)
[SIPSorcery] Stats: m0:0f(enc=0),lat=2797us, m1:78f(enc=79),lat=264us, audio:57023pkts (4.6/sec), capture:10.2ms/cb(10.0ms data,46cb)
[Protocol] Phase3 RX: type=skip_to_live, len=35
[SIPSorcery] Stats: m0:0f(enc=0),lat=2797us, m1:102f(enc=103),lat=264us, audio:57063pkts (4.0/sec), capture:9.8ms/cb(10.0ms data,40cb)
[SIPSorcery] Stats: m0:0f(enc=0),lat=2797us, m1:208f(enc=209),lat=264us, audio:57240pkts (17.7/sec), capture:10.1ms/cb(10.0ms data,177cb)
[SIPSorcery] Stats: m0:0f(enc=0),lat=2797us, m1:233f(enc=234),lat=264us, audio:57281pkts (4.1/sec), capture:9.9ms/cb(10.0ms data,41cb)
[SIPSorcery] Stats: m0:0f(enc=0),lat=2797us, m1:273f(enc=274),lat=264us, audio:57348pkts (6.7/sec), capture:10.0ms/cb(10.0ms data,67cb)
[SIPSorcery] Stats: m0:0f(enc=0),lat=2797us, m1:301f(enc=302),lat=264us, audio:57397pkts (4.9/sec), capture:9.9ms/cb(10.0ms data,49cb)
[SIPSorcery] Stats: m0:0f(enc=0),lat=2797us, m1:324f(enc=325),lat=264us, audio:57434pkts (3.7/sec), capture:10.1ms/cb(10.0ms data,37cb)
[Protocol] Phase3 RX: type=candidate, len=159
[SIPSorcery] Main PC: Added remote ICE: candidate:515639713 1 udp 2122194687 192.168.1.12 ...
[Protocol] Phase3 RX: type=candidate, len=162
[SIPSorcery] Main PC: Added remote ICE: candidate:1717327940 1 udp 2122129151 28.118.72.20...
[Protocol] Phase3 RX: type=candidate, len=185
[SIPSorcery] Main PC: Added remote ICE: candidate:4154941526 1 udp 2122262783 2402:800:610...
[Protocol] Phase3 RX: type=candidate, len=159
[SIPSorcery] Main PC: Added remote ICE: candidate:515639713 1 udp 2122194687 192.168.1.12 ...
[Protocol] Phase3 RX: type=candidate, len=162
[SIPSorcery] Main PC: Added remote ICE: candidate:1717327940 1 udp 2122129151 28.118.72.20...
[Protocol] Phase3 RX: type=candidate, len=185
[SIPSorcery] Main PC: Added remote ICE: candidate:4154941526 1 udp 2122262783 2402:800:610...
[Protocol] Phase3 RX: type=candidate, len=159
[SIPSorcery] Main PC: Added remote ICE: candidate:515639713 1 udp 2122194687 192.168.1.12 ...
[Protocol] Phase3 RX: type=candidate, len=162
[SIPSorcery] Main PC: Added remote ICE: candidate:1717327940 1 udp 2122129151 28.118.72.20...
[Protocol] Phase3 RX: type=candidate, len=185
[SIPSorcery] Main PC: Added remote ICE: candidate:4154941526 1 udp 2122262783 2402:800:610...
[Protocol] Phase3 RX: type=candidate, len=159
[SIPSorcery] Main PC: Added remote ICE: candidate:515639713 1 udp 2122194687 192.168.1.12 ...
[Protocol] Phase3 RX: type=candidate, len=162
[SIPSorcery] Main PC: Added remote ICE: candidate:1717327940 1 udp 2122129151 28.118.72.20...
[Protocol] Phase3 RX: type=candidate, len=185
[SIPSorcery] Main PC: Added remote ICE: candidate:4154941526 1 udp 2122262783 2402:800:610...
[Protocol] Phase3 RX: type=offer, len=10045
[Protocol] Received reconnect offer during streaming (JSON format)
[SIPSorcery] Track 1: Dropping stale P-frame before first IDR (8100 bytes) - requesting keyframe
[SIPSorcery] Sync state reset, Phase 3 pending activation
[SIPSorcery] Sync state reset, Phase 3 pending activation
[Protocol] Received single offer for all monitors
[Protocol] Cleared answer state, preserved 0 pending ICE candidates
[Protocol] Monitor 0 native=1920x1080 -> encoder=1280x720
[Protocol] Monitor 1 native=1920x1080 -> encoder=1280x720
[Protocol] Parsed H264 PT from offer: 124
[OpusEncoder] Disposed
[SIPSorcery] Main PC: Audio DataChannel closed
[SIPSorcery] Main PC: Cursor DataChannel closed
[SIPSorcery] Main PC: H265 Video DataChannel closed for track 0
[SIPSorcery] Main PC: H265 Video DataChannel closed for track 1
[SIPSorcery] Main PC: Peer state: closed
[SIPSorcery] Main PC: Peer state CLOSED unexpectedly - awaiting client reconnect offer
[SIPSorcery] Connection closed
[SIPSorcery] Sync state reset, Phase 3 pending activation
[SIPSorcery] Offer H264 pt=124, fmtp=implementation_name=MediaCodec;level-asymmetry-allowed=1;packetization-mode=1;profile-level-id=42e01f, perTrackPc=False
[SIPSorcery] Client SDP: a=fingerprint:sha-256 73:88:82:C0:07:CD:55:C0:74:5E:4B:33:D9:3A:2D:FC:72:86:38:9E:BA:AB:39:B5:AE:9B:19:58:F6:32:AE:CA
[SIPSorcery] Client SDP: a=setup:actpass
[SIPSorcery] Client SDP: a=fingerprint:sha-256 73:88:82:C0:07:CD:55:C0:74:5E:4B:33:D9:3A:2D:FC:72:86:38:9E:BA:AB:39:B5:AE:9B:19:58:F6:32:AE:CA
[SIPSorcery] Client SDP: a=setup:actpass
[SIPSorcery] Client SDP: a=fingerprint:sha-256 73:88:82:C0:07:CD:55:C0:74:5E:4B:33:D9:3A:2D:FC:72:86:38:9E:BA:AB:39:B5:AE:9B:19:58:F6:32:AE:CA
[SIPSorcery] Client SDP: a=setup:actpass
[SIPSorcery] Client SDP: a=fingerprint:sha-256 73:88:82:C0:07:CD:55:C0:74:5E:4B:33:D9:3A:2D:FC:72:86:38:9E:BA:AB:39:B5:AE:9B:19:58:F6:32:AE:CA
[SIPSorcery] Client SDP: a=setup:actpass
[SIPSorcery] Main PC: PeerConnection created (with STUN/TURN)
[SIPSorcery] Main PC: Added video track 0: 1280x720 (device=8387A103), SSRC=132643791
[SIPSorcery] Main PC: Added video track 1: 1280x720 (device=82ED39E3), SSRC=267819148
[SIPSorcery] Main PC: Added SendOnly Opus audio track (RTP transport)
[SIPSorcery] Main PC: Waiting for audio/cursor/h265video DataChannels (per-track or legacy)
[SIPSorcery] Main PC: ICE state: checking
[SIPSorcery] Main PC: Signaling state: have_remote_offer
[SIPSorcery] Main PC: After setRemoteDescription: signalingState=have_remote_offer
[SIPSorcery] Main PC: Local ICE: 2566415119 1 udp 2113940223 2402:800:610d:eab:540f...
[SIPSorcery] Main PC: Local ICE: 1568937684 1 udp 2113940223 2402:800:610d:eab:85e:...
[SIPSorcery] Main PC: Local ICE: 2361428796 1 udp 2113937663 192.168.1.7 62828 typ ...
[SIPSorcery] Main PC: After createAnswer: signalingState=have_remote_offer, answer.type=answer
[SIPSorcery] Main PC SDP: a=fingerprint:sha-256 B1:EC:7F:2F:99:B3:11:09:76:02:E9:7B:70:A5:D7:41:93:17:54:76:57:D6:A1:8B:67:EE:01:A0:CE:B6:F6:98
[SIPSorcery] Main PC SDP: a=setup:active
[SIPSorcery] Main PC SDP: a=fingerprint:sha-256 B1:EC:7F:2F:99:B3:11:09:76:02:E9:7B:70:A5:D7:41:93:17:54:76:57:D6:A1:8B:67:EE:01:A0:CE:B6:F6:98
[SIPSorcery] Main PC SDP: a=setup:active
[SIPSorcery] Main PC SDP: a=fingerprint:sha-256 B1:EC:7F:2F:99:B3:11:09:76:02:E9:7B:70:A5:D7:41:93:17:54:76:57:D6:A1:8B:67:EE:01:A0:CE:B6:F6:98
[SIPSorcery] Main PC SDP: a=setup:active
[SIPSorcery] Main PC SDP: a=fingerprint:sha-256 B1:EC:7F:2F:99:B3:11:09:76:02:E9:7B:70:A5:D7:41:93:17:54:76:57:D6:A1:8B:67:EE:01:A0:CE:B6:F6:98
[SIPSorcery] Main PC SDP: a=setup:active
[SIPSorcery] Main PC: Answer ready, 2122 bytes
[Protocol] SDP filtered m=video: m=video 9 UDP/TLS/RTP/SAVPF 124 (H264 PT=124)
[Protocol] SDP kept: a=rtpmap:124 H264/90000
[Protocol] SDP kept: a=fmtp:124 implementation_name=MediaCodec;level-asymmetry-allowed=1;packetization-mode=1;profile-level-id=420428
[Protocol] SDP filtered m=video: m=video 9 UDP/TLS/RTP/SAVPF 124 (H264 PT=124)
[Protocol] SDP kept: a=rtpmap:124 H264/90000
[Protocol] SDP kept: a=fmtp:124 implementation_name=MediaCodec;level-asymmetry-allowed=1;packetization-mode=1;profile-level-id=420428
[Protocol] Filtered SDP from 2122 to 2122 bytes
[Protocol] Extracted 1 embedded ICE candidates from answer
[Protocol] Answer JSON: {"type":"answer","monitorIndex":0,"sdp":"v=0\r\no=- 51893 0 IN IP4 127.0.0.1\r\ns=sipsorcery\r\nt=0 0\r\na=group:BUNDLE 0 1 2 3\r\nm=video 9 UDP/TLS/R...
[Protocol] Sent single answer, len=2204 bytes
[SIPSorcery] Main PC: Local ICE: 4243588485 1 udp 1677730047 171.241.42.76 62828 ty...
[SIPSorcery] Main PC: ICE state: connected
[SIPSorcery] Main PC: ICE CONNECTED - waiting for DTLS...
[SIPSorcery] Main PC: Peer state: connecting
[SIPSorcery] Main PC: Peer state: connected
[SIPSorcery] Main PC: DTLS CONNECTED - initializing encoders now
[GpuVendorDetector] Detected AMD GPU: AMD Radeon RX 7600
[SIPSorcery] Detected GPU vendor: AMD
[OpusEncoder] Created: 48000Hz, 2ch, 128000bps, frame=10ms (1920B)
[AudioCapture] WASAPI format: 48000Hz, 2ch, 32bit, encoding=IeeeFloat, buffer=10ms (event-driven)
[AudioCapture] Started: 48000Hz, 2ch
[SIPSorcery] Audio pipeline started (WASAPI loopback -> Opus -> RTP primary)
[Protocol] All 2 tracks ready, sending ice_ready
[Protocol] Reconnect in Phase 3: requested streamer re-activation
[Protocol] Encoder supports BGRA mode - enabling zero-copy pipeline (no color conversion)
[Protocol] Starting early capture to prevent browser track timeout...
[Protocol] Capture thread already running, skipping start
[SIPSorcery] Audio path: RTP primary (independent UDP, avoids SCTP congestion from H.265 video DC)
[SIPSorcery] Sync state reset + Phase 3 active (frames will now be sent)
[SIPSorcery] Main PC: DataChannel received: label=audio, id=1
[SIPSorcery] Main PC: Audio DataChannel wired for sending
[SIPSorcery] Main PC: DataChannel received: label=cursor, id=3
[SIPSorcery] Main PC: Cursor DataChannel wired for sending
[SIPSorcery] Main PC: DataChannel received: label=h265video-0, id=5
[SIPSorcery] Main PC: H265 Video DataChannel wired for track 0
[SIPSorcery] Main PC: DataChannel received: label=h265video-1, id=7
[SIPSorcery] Main PC: H265 Video DataChannel wired for track 1
[Protocol] Phase3 RX: type=reconnect_ack, len=24
[SIPSorcery] Track 1: Sent H264 codec config via DataChannel (44 bytes)
[SIPSorcery] Stats: m0:0f(enc=0),lat=2797us, m1:2f(enc=3),lat=264us, audio:57471pkts (3.7/sec), capture:7.8ms/cb(10.0ms data,4cb)
[SIPSorcery] Stats: m0:0f(enc=0),lat=2797us, m1:37f(enc=38),lat=264us, audio:57530pkts (5.9/sec), capture:10.1ms/cb(10.0ms data,59cb)
[SIPSorcery] Stats: m0:0f(enc=0),lat=2797us, m1:79f(enc=80),lat=264us, audio:57600pkts (7.0/sec), capture:10.0ms/cb(10.0ms data,70cb)
[SIPSorcery] Stats: m0:0f(enc=0),lat=2797us, m1:100f(enc=101),lat=264us, audio:57635pkts (3.5/sec), capture:9.8ms/cb(10.0ms data,35cb)
[SIPSorcery] Stats: m0:0f(enc=0),lat=2797us, m1:104f(enc=105),lat=264us, audio:57642pkts (0.7/sec), capture:11.1ms/cb(10.0ms data,7cb)
[SIPSorcery] Stats: m0:0f(enc=0),lat=2797us, m1:172f(enc=173),lat=264us, audio:57755pkts (11.3/sec), capture:10.0ms/cb(10.0ms data,113cb)
[SIPSorcery] Stats: m0:0f(enc=0),lat=2797us, m1:193f(enc=194),lat=264us, audio:57790pkts (3.5/sec), capture:10.3ms/cb(10.0ms data,35cb)
[SIPSorcery] Stats: m0:0f(enc=0),lat=2797us, m1:209f(enc=210),lat=264us, audio:57817pkts (2.7/sec), capture:9.9ms/cb(10.0ms data,27cb)
[SIPSorcery] Stats: m0:0f(enc=0),lat=2797us, m1:229f(enc=230),lat=264us, audio:57850pkts (3.3/sec), capture:9.9ms/cb(10.0ms data,33cb)
[SIPSorcery] Stats: m0:0f(enc=0),lat=2797us, m1:254f(enc=255),lat=264us, audio:57892pkts (4.2/sec), capture:10.0ms/cb(10.0ms data,42cb)
[SIPSorcery] Stats: m0:0f(enc=0),lat=2797us, m1:257f(enc=258),lat=264us, audio:57897pkts (0.5/sec), capture:9.4ms/cb(10.0ms data,5cb)
[SIPSorcery] Stats: m0:0f(enc=0),lat=2797us, m1:273f(enc=274),lat=264us, audio:57924pkts (2.7/sec), capture:9.8ms/cb(10.0ms data,27cb)
[SIPSorcery] Stats: m0:0f(enc=0),lat=2797us, m1:301f(enc=302),lat=264us, audio:57970pkts (4.6/sec), capture:10.2ms/cb(10.0ms data,46cb)
[Protocol] Phase3 RX: type=skip_to_live, len=35
[SIPSorcery] Stats: m0:0f(enc=0),lat=2797us, m1:325f(enc=326),lat=264us, audio:58010pkts (4.0/sec), capture:9.8ms/cb(10.0ms data,40cb)
[Protocol] Phase3 RX: type=candidate, len=159
[SIPSorcery] Main PC: Added remote ICE: candidate:188106310 1 udp 2122194687 192.168.1.12 ...
[Protocol] Phase3 RX: type=candidate, len=162
[SIPSorcery] Main PC: Added remote ICE: candidate:1943410595 1 udp 2122129151 28.118.72.20...
[Protocol] Phase3 RX: type=candidate, len=185
[SIPSorcery] Main PC: Added remote ICE: candidate:3794612145 1 udp 2122262783 2402:800:610...
[Protocol] Phase3 RX: type=candidate, len=159
[SIPSorcery] Main PC: Added remote ICE: candidate:188106310 1 udp 2122194687 192.168.1.12 ...
[Protocol] Phase3 RX: type=candidate, len=162
[SIPSorcery] Main PC: Added remote ICE: candidate:1943410595 1 udp 2122129151 28.118.72.20...
[Protocol] Phase3 RX: type=candidate, len=185
[SIPSorcery] Main PC: Added remote ICE: candidate:3794612145 1 udp 2122262783 2402:800:610...
[Protocol] Phase3 RX: type=candidate, len=159
[SIPSorcery] Main PC: Added remote ICE: candidate:188106310 1 udp 2122194687 192.168.1.12 ...
[Protocol] Phase3 RX: type=candidate, len=162
[SIPSorcery] Main PC: Added remote ICE: candidate:1943410595 1 udp 2122129151 28.118.72.20...
[Protocol] Phase3 RX: type=candidate, len=185
[SIPSorcery] Main PC: Added remote ICE: candidate:3794612145 1 udp 2122262783 2402:800:610...
[Protocol] Phase3 RX: type=candidate, len=159
[SIPSorcery] Main PC: Added remote ICE: candidate:188106310 1 udp 2122194687 192.168.1.12 ...
[Protocol] Phase3 RX: type=candidate, len=162
[SIPSorcery] Main PC: Added remote ICE: candidate:1943410595 1 udp 2122129151 28.118.72.20...
[Protocol] Phase3 RX: type=candidate, len=185
[SIPSorcery] Main PC: Added remote ICE: candidate:3794612145 1 udp 2122262783 2402:800:610...
[Protocol] Phase3 RX: type=offer, len=10046
[Protocol] Received reconnect offer during streaming (JSON format)
[SIPSorcery] Sync state reset, Phase 3 pending activation
[SIPSorcery] Sync state reset, Phase 3 pending activation
[Protocol] Received single offer for all monitors
[Protocol] Cleared answer state, preserved 0 pending ICE candidates
[Protocol] Monitor 0 native=1920x1080 -> encoder=1280x720
[Protocol] Monitor 1 native=1920x1080 -> encoder=1280x720
[Protocol] Parsed H264 PT from offer: 124
[OpusEncoder] Disposed
[SIPSorcery] Main PC: Audio DataChannel closed
[SIPSorcery] Main PC: Cursor DataChannel closed
[SIPSorcery] Main PC: H265 Video DataChannel closed for track 0
[SIPSorcery] Main PC: H265 Video DataChannel closed for track 1
[SIPSorcery] Main PC: Peer state: closed
[SIPSorcery] Main PC: Peer state CLOSED unexpectedly - awaiting client reconnect offer
[SIPSorcery] Connection closed
[SIPSorcery] Sync state reset, Phase 3 pending activation
[SIPSorcery] Offer H264 pt=124, fmtp=implementation_name=MediaCodec;level-asymmetry-allowed=1;packetization-mode=1;profile-level-id=42e01f, perTrackPc=False
[SIPSorcery] Client SDP: a=fingerprint:sha-256 84:D5:55:9D:2B:69:17:4F:07:6E:50:54:30:B7:90:D9:1B:EC:2B:45:17:7F:98:24:D0:23:2E:DC:EB:A7:85:4F
[SIPSorcery] Client SDP: a=setup:actpass
[SIPSorcery] Client SDP: a=fingerprint:sha-256 84:D5:55:9D:2B:69:17:4F:07:6E:50:54:30:B7:90:D9:1B:EC:2B:45:17:7F:98:24:D0:23:2E:DC:EB:A7:85:4F
[SIPSorcery] Client SDP: a=setup:actpass
[SIPSorcery] Client SDP: a=fingerprint:sha-256 84:D5:55:9D:2B:69:17:4F:07:6E:50:54:30:B7:90:D9:1B:EC:2B:45:17:7F:98:24:D0:23:2E:DC:EB:A7:85:4F
[SIPSorcery] Client SDP: a=setup:actpass
[SIPSorcery] Client SDP: a=fingerprint:sha-256 84:D5:55:9D:2B:69:17:4F:07:6E:50:54:30:B7:90:D9:1B:EC:2B:45:17:7F:98:24:D0:23:2E:DC:EB:A7:85:4F
[SIPSorcery] Client SDP: a=setup:actpass
[SIPSorcery] Main PC: PeerConnection created (with STUN/TURN)
[SIPSorcery] Main PC: Added video track 0: 1280x720 (device=8387A103), SSRC=146401312
[SIPSorcery] Main PC: Added video track 1: 1280x720 (device=82ED39E3), SSRC=1738899927
[SIPSorcery] Main PC: Added SendOnly Opus audio track (RTP transport)
[SIPSorcery] Main PC: Waiting for audio/cursor/h265video DataChannels (per-track or legacy)
[SIPSorcery] Main PC: ICE state: checking
[SIPSorcery] Main PC: Signaling state: have_remote_offer
[SIPSorcery] Main PC: After setRemoteDescription: signalingState=have_remote_offer
[SIPSorcery] Main PC: Local ICE: 2566415119 1 udp 2113940223 2402:800:610d:eab:540f...
[SIPSorcery] Main PC: Local ICE: 1568937684 1 udp 2113940223 2402:800:610d:eab:85e:...
[SIPSorcery] Main PC: Local ICE: 2361428796 1 udp 2113937663 192.168.1.7 59224 typ ...
[SIPSorcery] Main PC: After createAnswer: signalingState=have_remote_offer, answer.type=answer
[SIPSorcery] Main PC SDP: a=fingerprint:sha-256 94:BF:7C:F1:C2:E4:05:32:B5:03:AF:06:F1:78:33:34:50:65:EB:18:EC:1A:81:5F:78:DA:DD:D1:4A:60:68:ED
[SIPSorcery] Main PC SDP: a=setup:active
[SIPSorcery] Main PC SDP: a=fingerprint:sha-256 94:BF:7C:F1:C2:E4:05:32:B5:03:AF:06:F1:78:33:34:50:65:EB:18:EC:1A:81:5F:78:DA:DD:D1:4A:60:68:ED
[SIPSorcery] Main PC SDP: a=setup:active
[SIPSorcery] Main PC SDP: a=fingerprint:sha-256 94:BF:7C:F1:C2:E4:05:32:B5:03:AF:06:F1:78:33:34:50:65:EB:18:EC:1A:81:5F:78:DA:DD:D1:4A:60:68:ED
[SIPSorcery] Main PC SDP: a=setup:active
[SIPSorcery] Main PC SDP: a=fingerprint:sha-256 94:BF:7C:F1:C2:E4:05:32:B5:03:AF:06:F1:78:33:34:50:65:EB:18:EC:1A:81:5F:78:DA:DD:D1:4A:60:68:ED
[SIPSorcery] Main PC SDP: a=setup:active
[SIPSorcery] Main PC: Answer ready, 2124 bytes
[Protocol] SDP filtered m=video: m=video 9 UDP/TLS/RTP/SAVPF 124 (H264 PT=124)
[Protocol] SDP kept: a=rtpmap:124 H264/90000
[Protocol] SDP kept: a=fmtp:124 implementation_name=MediaCodec;level-asymmetry-allowed=1;packetization-mode=1;profile-level-id=420428
[Protocol] SDP filtered m=video: m=video 9 UDP/TLS/RTP/SAVPF 124 (H264 PT=124)
[Protocol] SDP kept: a=rtpmap:124 H264/90000
[Protocol] SDP kept: a=fmtp:124 implementation_name=MediaCodec;level-asymmetry-allowed=1;packetization-mode=1;profile-level-id=420428
[Protocol] Filtered SDP from 2124 to 2124 bytes
[Protocol] Extracted 1 embedded ICE candidates from answer
[Protocol] Answer JSON: {"type":"answer","monitorIndex":0,"sdp":"v=0\r\no=- 21701 0 IN IP4 127.0.0.1\r\ns=sipsorcery\r\nt=0 0\r\na=group:BUNDLE 0 1 2 3\r\nm=video 9 UDP/TLS/R...
[Protocol] Sent single answer, len=2206 bytes
[SIPSorcery] Main PC: Local ICE: 4243588485 1 udp 1677730047 171.241.42.76 59224 ty...
[SIPSorcery] Main PC: ICE state: connected
[SIPSorcery] Main PC: ICE CONNECTED - waiting for DTLS...
[SIPSorcery] Main PC: Peer state: connecting
[SIPSorcery] Main PC: Peer state: connected
[SIPSorcery] Main PC: DTLS CONNECTED - initializing encoders now
[GpuVendorDetector] Detected AMD GPU: AMD Radeon RX 7600
[SIPSorcery] Detected GPU vendor: AMD
[OpusEncoder] Created: 48000Hz, 2ch, 128000bps, frame=10ms (1920B)
[AudioCapture] WASAPI format: 48000Hz, 2ch, 32bit, encoding=IeeeFloat, buffer=10ms (event-driven)
[AudioCapture] Started: 48000Hz, 2ch
[SIPSorcery] Audio pipeline started (WASAPI loopback -> Opus -> RTP primary)
[Protocol] All 2 tracks ready, sending ice_ready
[Protocol] Reconnect in Phase 3: requested streamer re-activation
[Protocol] Encoder supports BGRA mode - enabling zero-copy pipeline (no color conversion)
[Protocol] Starting early capture to prevent browser track timeout...
[Protocol] Capture thread already running, skipping start
[SIPSorcery] Audio path: RTP primary (independent UDP, avoids SCTP congestion from H.265 video DC)
[SIPSorcery] Sync state reset + Phase 3 active (frames will now be sent)
[SIPSorcery] Main PC: DataChannel received: label=audio, id=1
[SIPSorcery] Main PC: Audio DataChannel wired for sending
[SIPSorcery] Main PC: DataChannel received: label=cursor, id=3
[SIPSorcery] Main PC: Cursor DataChannel wired for sending
[SIPSorcery] Main PC: DataChannel received: label=h265video-0, id=5
[SIPSorcery] Main PC: H265 Video DataChannel wired for track 0
[SIPSorcery] Main PC: DataChannel received: label=h265video-1, id=7
[SIPSorcery] Main PC: H265 Video DataChannel wired for track 1
[Protocol] Phase3 RX: type=reconnect_ack, len=24
[SIPSorcery] Track 1: Sent H264 codec config via DataChannel (44 bytes)
[SIPSorcery] Stats: m0:0f(enc=0),lat=2797us, m1:51f(enc=52),lat=264us, audio:58136pkts (12.6/sec), capture:10.0ms/cb(10.0ms data,86cb)
[SIPSorcery] Stats: m0:0f(enc=0),lat=2797us, m1:76f(enc=77),lat=264us, audio:58177pkts (4.1/sec), capture:9.9ms/cb(10.0ms data,41cb)
[SIPSorcery] Stats: m0:0f(enc=0),lat=2797us, m1:116f(enc=117),lat=264us, audio:58244pkts (6.7/sec), capture:10.0ms/cb(10.0ms data,67cb)
[SIPSorcery] Stats: m0:0f(enc=0),lat=2797us, m1:145f(enc=146),lat=264us, audio:58293pkts (4.9/sec), capture:9.9ms/cb(10.0ms data,49cb)
[SIPSorcery] Stats: m0:0f(enc=0),lat=2797us, m1:168f(enc=169),lat=264us, audio:58330pkts (3.7/sec), capture:10.1ms/cb(10.0ms data,37cb)
[SIPSorcery] Stats: m0:0f(enc=0),lat=2797us, m1:190f(enc=191),lat=264us, audio:58367pkts (3.7/sec), capture:9.9ms/cb(10.0ms data,38cb)
[SIPSorcery] Stats: m0:0f(enc=0),lat=2797us, m1:222f(enc=223),lat=264us, audio:58420pkts (5.3/sec), capture:9.9ms/cb(10.0ms data,52cb)
[SIPSorcery] Stats: m0:0f(enc=0),lat=2797us, m1:257f(enc=258),lat=264us, audio:58479pkts (5.9/sec), capture:10.1ms/cb(10.0ms data,59cb)
[SIPSorcery] Stats: m0:0f(enc=0),lat=2797us, m1:299f(enc=300),lat=264us, audio:58549pkts (7.0/sec), capture:10.0ms/cb(10.0ms data,70cb)
[SIPSorcery] Stats: m0:0f(enc=0),lat=2797us, m1:320f(enc=321),lat=264us, audio:58584pkts (3.5/sec), capture:9.8ms/cb(10.0ms data,35cb)
[SIPSorcery] Stats: m0:0f(enc=0),lat=2797us, m1:324f(enc=325),lat=264us, audio:58591pkts (0.7/sec), capture:11.1ms/cb(10.0ms data,7cb)
[Protocol] Phase3 RX: type=candidate, len=160
[SIPSorcery] Main PC: Added remote ICE: candidate:2041221336 1 udp 2122194687 192.168.1.12...
[Protocol] Phase3 RX: type=candidate, len=160
[SIPSorcery] Main PC: Added remote ICE: candidate:21676349 1 udp 2122129151 28.118.72.208 ...
[Protocol] Phase3 RX: type=candidate, len=185
[SIPSorcery] Main PC: Added remote ICE: candidate:2427582767 1 udp 2122262783 2402:800:610...
[Protocol] Phase3 RX: type=candidate, len=160
[SIPSorcery] Main PC: Added remote ICE: candidate:2041221336 1 udp 2122194687 192.168.1.12...
[Protocol] Phase3 RX: type=candidate, len=160
[SIPSorcery] Main PC: Added remote ICE: candidate:21676349 1 udp 2122129151 28.118.72.208 ...
[Protocol] Phase3 RX: type=candidate, len=185
[SIPSorcery] Main PC: Added remote ICE: candidate:2427582767 1 udp 2122262783 2402:800:610...
[Protocol] Phase3 RX: type=candidate, len=160
[SIPSorcery] Main PC: Added remote ICE: candidate:2041221336 1 udp 2122194687 192.168.1.12...
[Protocol] Phase3 RX: type=candidate, len=160
[SIPSorcery] Main PC: Added remote ICE: candidate:21676349 1 udp 2122129151 28.118.72.208 ...
[Protocol] Phase3 RX: type=candidate, len=185
[SIPSorcery] Main PC: Added remote ICE: candidate:2427582767 1 udp 2122262783 2402:800:610...
[Protocol] Phase3 RX: type=candidate, len=160
[SIPSorcery] Main PC: Added remote ICE: candidate:2041221336 1 udp 2122194687 192.168.1.12...
[Protocol] Phase3 RX: type=candidate, len=160
[SIPSorcery] Main PC: Added remote ICE: candidate:21676349 1 udp 2122129151 28.118.72.208 ...
[Protocol] Phase3 RX: type=candidate, len=185
[SIPSorcery] Main PC: Added remote ICE: candidate:2427582767 1 udp 2122262783 2402:800:610...
[Protocol] Phase3 RX: type=offer, len=10046
[Protocol] Received reconnect offer during streaming (JSON format)
[SIPSorcery] Track 1: Dropping stale P-frame before first IDR (15513 bytes) - requesting keyframe
[SIPSorcery] Sync state reset, Phase 3 pending activation
[SIPSorcery] Sync state reset, Phase 3 pending activation
[Protocol] Received single offer for all monitors
[Protocol] Cleared answer state, preserved 0 pending ICE candidates
[Protocol] Monitor 0 native=1920x1080 -> encoder=1280x720
[Protocol] Monitor 1 native=1920x1080 -> encoder=1280x720
[Protocol] Parsed H264 PT from offer: 124
[OpusEncoder] Disposed
[SIPSorcery] Main PC: Audio DataChannel closed
[SIPSorcery] Main PC: Cursor DataChannel closed
[SIPSorcery] Main PC: H265 Video DataChannel closed for track 0
[SIPSorcery] Main PC: H265 Video DataChannel closed for track 1
[SIPSorcery] Main PC: Peer state: closed
[SIPSorcery] Main PC: Peer state CLOSED unexpectedly - awaiting client reconnect offer
[SIPSorcery] Connection closed
[SIPSorcery] Sync state reset, Phase 3 pending activation
[SIPSorcery] Offer H264 pt=124, fmtp=implementation_name=MediaCodec;level-asymmetry-allowed=1;packetization-mode=1;profile-level-id=42e01f, perTrackPc=False
[SIPSorcery] Client SDP: a=fingerprint:sha-256 A5:3A:7B:9C:16:D4:5C:D7:6C:99:73:10:CE:93:0D:88:6C:3C:4F:BD:31:BC:26:5B:A0:6B:B4:92:5C:D7:A7:C6
[SIPSorcery] Client SDP: a=setup:actpass
[SIPSorcery] Client SDP: a=fingerprint:sha-256 A5:3A:7B:9C:16:D4:5C:D7:6C:99:73:10:CE:93:0D:88:6C:3C:4F:BD:31:BC:26:5B:A0:6B:B4:92:5C:D7:A7:C6
[SIPSorcery] Client SDP: a=setup:actpass
[SIPSorcery] Client SDP: a=fingerprint:sha-256 A5:3A:7B:9C:16:D4:5C:D7:6C:99:73:10:CE:93:0D:88:6C:3C:4F:BD:31:BC:26:5B:A0:6B:B4:92:5C:D7:A7:C6
[SIPSorcery] Client SDP: a=setup:actpass
[SIPSorcery] Client SDP: a=fingerprint:sha-256 A5:3A:7B:9C:16:D4:5C:D7:6C:99:73:10:CE:93:0D:88:6C:3C:4F:BD:31:BC:26:5B:A0:6B:B4:92:5C:D7:A7:C6
[SIPSorcery] Client SDP: a=setup:actpass
[SIPSorcery] Main PC: PeerConnection created (with STUN/TURN)
[SIPSorcery] Main PC: Added video track 0: 1280x720 (device=8387A103), SSRC=1508838862
[SIPSorcery] Main PC: Added video track 1: 1280x720 (device=82ED39E3), SSRC=1873400803
[SIPSorcery] Main PC: Added SendOnly Opus audio track (RTP transport)
[SIPSorcery] Main PC: Waiting for audio/cursor/h265video DataChannels (per-track or legacy)
[SIPSorcery] Main PC: ICE state: checking
[SIPSorcery] Main PC: Signaling state: have_remote_offer
[SIPSorcery] Main PC: After setRemoteDescription: signalingState=have_remote_offer
[SIPSorcery] Main PC: Local ICE: 2566415119 1 udp 2113940223 2402:800:610d:eab:540f...
[SIPSorcery] Main PC: Local ICE: 1568937684 1 udp 2113940223 2402:800:610d:eab:85e:...
[SIPSorcery] Main PC: Local ICE: 2361428796 1 udp 2113937663 192.168.1.7 55080 typ ...
[SIPSorcery] Main PC: After createAnswer: signalingState=have_remote_offer, answer.type=answer
[SIPSorcery] Main PC SDP: a=fingerprint:sha-256 7A:A2:B0:0A:2E:85:CF:C7:20:C8:06:F8:8B:64:56:9D:BB:B3:69:C6:B3:91:69:54:DD:85:64:88:D9:78:17:F8
[SIPSorcery] Main PC SDP: a=setup:active
[SIPSorcery] Main PC SDP: a=fingerprint:sha-256 7A:A2:B0:0A:2E:85:CF:C7:20:C8:06:F8:8B:64:56:9D:BB:B3:69:C6:B3:91:69:54:DD:85:64:88:D9:78:17:F8
[SIPSorcery] Main PC SDP: a=setup:active
[SIPSorcery] Main PC SDP: a=fingerprint:sha-256 7A:A2:B0:0A:2E:85:CF:C7:20:C8:06:F8:8B:64:56:9D:BB:B3:69:C6:B3:91:69:54:DD:85:64:88:D9:78:17:F8
[SIPSorcery] Main PC SDP: a=setup:active
[SIPSorcery] Main PC SDP: a=fingerprint:sha-256 7A:A2:B0:0A:2E:85:CF:C7:20:C8:06:F8:8B:64:56:9D:BB:B3:69:C6:B3:91:69:54:DD:85:64:88:D9:78:17:F8
[SIPSorcery] Main PC SDP: a=setup:active
[SIPSorcery] Main PC: Answer ready, 2125 bytes
[Protocol] SDP filtered m=video: m=video 9 UDP/TLS/RTP/SAVPF 124 (H264 PT=124)
[Protocol] SDP kept: a=rtpmap:124 H264/90000
[Protocol] SDP kept: a=fmtp:124 implementation_name=MediaCodec;level-asymmetry-allowed=1;packetization-mode=1;profile-level-id=420428
[Protocol] SDP filtered m=video: m=video 9 UDP/TLS/RTP/SAVPF 124 (H264 PT=124)
[Protocol] SDP kept: a=rtpmap:124 H264/90000
[Protocol] SDP kept: a=fmtp:124 implementation_name=MediaCodec;level-asymmetry-allowed=1;packetization-mode=1;profile-level-id=420428
[Protocol] Filtered SDP from 2125 to 2125 bytes
[Protocol] Extracted 1 embedded ICE candidates from answer
[Protocol] Answer JSON: {"type":"answer","monitorIndex":0,"sdp":"v=0\r\no=- 74891 0 IN IP4 127.0.0.1\r\ns=sipsorcery\r\nt=0 0\r\na=group:BUNDLE 0 1 2 3\r\nm=video 9 UDP/TLS/R...
[Protocol] Sent single answer, len=2207 bytes
[SIPSorcery] Main PC: Local ICE: 4243588485 1 udp 1677730047 171.241.42.76 55080 ty...
[SIPSorcery] Main PC: ICE state: connected
[SIPSorcery] Main PC: ICE CONNECTED - waiting for DTLS...
[SIPSorcery] Main PC: Peer state: connecting
[SIPSorcery] Main PC: Peer state: connected
[SIPSorcery] Main PC: DTLS CONNECTED - initializing encoders now
[GpuVendorDetector] Detected AMD GPU: AMD Radeon RX 7600
[SIPSorcery] Detected GPU vendor: AMD
[OpusEncoder] Created: 48000Hz, 2ch, 128000bps, frame=10ms (1920B)
[AudioCapture] WASAPI format: 48000Hz, 2ch, 32bit, encoding=IeeeFloat, buffer=10ms (event-driven)
[AudioCapture] Started: 48000Hz, 2ch
[SIPSorcery] Audio pipeline started (WASAPI loopback -> Opus -> RTP primary)
[Protocol] All 2 tracks ready, sending ice_ready
[Protocol] Reconnect in Phase 3: requested streamer re-activation
[Protocol] Encoder supports BGRA mode - enabling zero-copy pipeline (no color conversion)
[Protocol] Starting early capture to prevent browser track timeout...
[Protocol] Capture thread already running, skipping start
[SIPSorcery] Audio path: RTP primary (independent UDP, avoids SCTP congestion from H.265 video DC)
[SIPSorcery] Sync state reset + Phase 3 active (frames will now be sent)
[SIPSorcery] Main PC: DataChannel received: label=audio, id=1
[SIPSorcery] Main PC: Audio DataChannel wired for sending
[SIPSorcery] Main PC: DataChannel received: label=cursor, id=3
[SIPSorcery] Main PC: Cursor DataChannel wired for sending
[SIPSorcery] Main PC: DataChannel received: label=h265video-0, id=5
[SIPSorcery] Main PC: H265 Video DataChannel wired for track 0
[SIPSorcery] Main PC: DataChannel received: label=h265video-1, id=7
[SIPSorcery] Main PC: H265 Video DataChannel wired for track 1
[Protocol] Phase3 RX: type=reconnect_ack, len=24
[SIPSorcery] Track 1: Sent H264 codec config via DataChannel (44 bytes)
[SIPSorcery] Stats: m0:0f(enc=0),lat=2797us, m1:17f(enc=18),lat=264us, audio:58649pkts (5.8/sec), capture:9.7ms/cb(10.0ms data,29cb)
[SIPSorcery] Stats: m0:0f(enc=0),lat=2797us, m1:38f(enc=39),lat=264us, audio:58684pkts (3.5/sec), capture:10.3ms/cb(10.0ms data,35cb)
[SIPSorcery] Stats: m0:0f(enc=0),lat=2797us, m1:54f(enc=55),lat=264us, audio:58711pkts (2.7/sec), capture:9.9ms/cb(10.0ms data,27cb)
[SIPSorcery] Stats: m0:0f(enc=0),lat=2797us, m1:74f(enc=75),lat=264us, audio:58744pkts (3.3/sec), capture:9.9ms/cb(10.0ms data,33cb)
[SIPSorcery] Stats: m0:0f(enc=0),lat=2797us, m1:99f(enc=100),lat=264us, audio:58786pkts (4.2/sec), capture:10.0ms/cb(10.0ms data,42cb)
[SIPSorcery] Stats: m0:0f(enc=0),lat=2797us, m1:102f(enc=103),lat=264us, audio:58791pkts (0.5/sec), capture:9.4ms/cb(10.0ms data,5cb)
[SIPSorcery] Stats: m0:0f(enc=0),lat=2797us, m1:118f(enc=119),lat=264us, audio:58818pkts (2.7/sec), capture:9.8ms/cb(10.0ms data,27cb)
[SIPSorcery] Stats: m0:0f(enc=0),lat=2797us, m1:145f(enc=146),lat=264us, audio:58864pkts (4.6/sec), capture:10.2ms/cb(10.0ms data,46cb)
[Protocol] Phase3 RX: type=skip_to_live, len=35
[SIPSorcery] Stats: m0:0f(enc=0),lat=2797us, m1:169f(enc=170),lat=264us, audio:58904pkts (4.0/sec), capture:9.8ms/cb(10.0ms data,40cb)
[SIPSorcery] Stats: m0:0f(enc=0),lat=2797us, m1:196f(enc=197),lat=264us, audio:58949pkts (4.5/sec), capture:10.1ms/cb(10.0ms data,45cb)
[SIPSorcery] Stats: m0:0f(enc=1),lat=2797us, m1:275f(enc=276),lat=263us, audio:59081pkts (13.2/sec), capture:10.1ms/cb(10.0ms data,132cb)
[SIPSorcery] Stats: m0:0f(enc=1),lat=2797us, m1:300f(enc=301),lat=263us, audio:59122pkts (4.1/sec), capture:9.9ms/cb(10.0ms data,41cb)
[SIPSorcery] Stats: m0:0f(enc=1),lat=2797us, m1:340f(enc=341),lat=263us, audio:59189pkts (6.7/sec), capture:10.0ms/cb(10.0ms data,67cb)
[Protocol] Phase3 RX: type=candidate, len=160
[SIPSorcery] Main PC: Added remote ICE: candidate:2921201298 1 udp 2122194687 192.168.1.12...
[Protocol] Phase3 RX: type=candidate, len=162
[SIPSorcery] Main PC: Added remote ICE: candidate:3606949751 1 udp 2122129151 28.118.72.20...
[Protocol] Phase3 RX: type=candidate, len=185
[SIPSorcery] Main PC: Added remote ICE: candidate:1191614309 1 udp 2122262783 2402:800:610...
[Protocol] Phase3 RX: type=candidate, len=160
[SIPSorcery] Main PC: Added remote ICE: candidate:2921201298 1 udp 2122194687 192.168.1.12...
[Protocol] Phase3 RX: type=candidate, len=162
[SIPSorcery] Main PC: Added remote ICE: candidate:3606949751 1 udp 2122129151 28.118.72.20...
[Protocol] Phase3 RX: type=candidate, len=185
[SIPSorcery] Main PC: Added remote ICE: candidate:1191614309 1 udp 2122262783 2402:800:610...
[Protocol] Phase3 RX: type=candidate, len=160
[SIPSorcery] Main PC: Added remote ICE: candidate:2921201298 1 udp 2122194687 192.168.1.12...
[Protocol] Phase3 RX: type=candidate, len=162
[SIPSorcery] Main PC: Added remote ICE: candidate:3606949751 1 udp 2122129151 28.118.72.20...
[Protocol] Phase3 RX: type=candidate, len=185
[SIPSorcery] Main PC: Added remote ICE: candidate:1191614309 1 udp 2122262783 2402:800:610...
[Protocol] Phase3 RX: type=candidate, len=160
[SIPSorcery] Main PC: Added remote ICE: candidate:2921201298 1 udp 2122194687 192.168.1.12...
[Protocol] Phase3 RX: type=candidate, len=162
[SIPSorcery] Main PC: Added remote ICE: candidate:3606949751 1 udp 2122129151 28.118.72.20...
[Protocol] Phase3 RX: type=candidate, len=185
[SIPSorcery] Main PC: Added remote ICE: candidate:1191614309 1 udp 2122262783 2402:800:610...
[Protocol] Phase3 RX: type=offer, len=10046
[Protocol] Received reconnect offer during streaming (JSON format)
[SIPSorcery] Track 0: Dropping stale P-frame before first IDR (132169 bytes) - requesting keyframe
[SIPSorcery] Track 1: Dropping stale P-frame before first IDR (9216 bytes) - requesting keyframe
[SIPSorcery] Sync state reset, Phase 3 pending activation
[SIPSorcery] Sync state reset, Phase 3 pending activation
[Protocol] Received single offer for all monitors
[Protocol] Cleared answer state, preserved 0 pending ICE candidates
[Protocol] Monitor 0 native=1920x1080 -> encoder=1280x720
[Protocol] Monitor 1 native=1920x1080 -> encoder=1280x720
[Protocol] Parsed H264 PT from offer: 124
[OpusEncoder] Disposed
[SIPSorcery] Main PC: Audio DataChannel closed
[SIPSorcery] Main PC: Cursor DataChannel closed
[SIPSorcery] Main PC: H265 Video DataChannel closed for track 0
[SIPSorcery] Main PC: H265 Video DataChannel closed for track 1
[SIPSorcery] Main PC: Peer state: closed
[SIPSorcery] Main PC: Peer state CLOSED unexpectedly - awaiting client reconnect offer
[SIPSorcery] Connection closed
[SIPSorcery] Sync state reset, Phase 3 pending activation
[SIPSorcery] Offer H264 pt=124, fmtp=implementation_name=MediaCodec;level-asymmetry-allowed=1;packetization-mode=1;profile-level-id=42e01f, perTrackPc=False
[SIPSorcery] Client SDP: a=fingerprint:sha-256 CC:03:11:31:3E:E6:DF:E8:CB:7C:0C:28:0C:7A:60:BB:F0:F2:D5:77:B3:19:1E:56:E7:41:AD:A2:4A:7B:B3:31
[SIPSorcery] Client SDP: a=setup:actpass
[SIPSorcery] Client SDP: a=fingerprint:sha-256 CC:03:11:31:3E:E6:DF:E8:CB:7C:0C:28:0C:7A:60:BB:F0:F2:D5:77:B3:19:1E:56:E7:41:AD:A2:4A:7B:B3:31
[SIPSorcery] Client SDP: a=setup:actpass
[SIPSorcery] Client SDP: a=fingerprint:sha-256 CC:03:11:31:3E:E6:DF:E8:CB:7C:0C:28:0C:7A:60:BB:F0:F2:D5:77:B3:19:1E:56:E7:41:AD:A2:4A:7B:B3:31
[SIPSorcery] Client SDP: a=setup:actpass
[SIPSorcery] Client SDP: a=fingerprint:sha-256 CC:03:11:31:3E:E6:DF:E8:CB:7C:0C:28:0C:7A:60:BB:F0:F2:D5:77:B3:19:1E:56:E7:41:AD:A2:4A:7B:B3:31
[SIPSorcery] Client SDP: a=setup:actpass
[SIPSorcery] Main PC: PeerConnection created (with STUN/TURN)
[SIPSorcery] Main PC: Added video track 0: 1280x720 (device=8387A103), SSRC=1504898259
[SIPSorcery] Main PC: Added video track 1: 1280x720 (device=82ED39E3), SSRC=1580994926
[SIPSorcery] Main PC: Added SendOnly Opus audio track (RTP transport)
[SIPSorcery] Main PC: Waiting for audio/cursor/h265video DataChannels (per-track or legacy)
[SIPSorcery] Main PC: ICE state: checking
[SIPSorcery] Main PC: Signaling state: have_remote_offer
[SIPSorcery] Main PC: After setRemoteDescription: signalingState=have_remote_offer
[SIPSorcery] Main PC: Local ICE: 2566415119 1 udp 2113940223 2402:800:610d:eab:540f...
[SIPSorcery] Main PC: Local ICE: 1568937684 1 udp 2113940223 2402:800:610d:eab:85e:...
[SIPSorcery] Main PC: Local ICE: 2361428796 1 udp 2113937663 192.168.1.7 56154 typ ...
[SIPSorcery] Main PC: After createAnswer: signalingState=have_remote_offer, answer.type=answer
[SIPSorcery] Main PC SDP: a=fingerprint:sha-256 79:E8:14:E3:50:91:AD:78:0F:E0:63:9A:C2:2B:53:12:2B:00:F8:41:41:58:CE:50:48:54:07:DB:9A:8F:A7:BD
[SIPSorcery] Main PC SDP: a=setup:active
[SIPSorcery] Main PC SDP: a=fingerprint:sha-256 79:E8:14:E3:50:91:AD:78:0F:E0:63:9A:C2:2B:53:12:2B:00:F8:41:41:58:CE:50:48:54:07:DB:9A:8F:A7:BD
[SIPSorcery] Main PC SDP: a=setup:active
[SIPSorcery] Main PC SDP: a=fingerprint:sha-256 79:E8:14:E3:50:91:AD:78:0F:E0:63:9A:C2:2B:53:12:2B:00:F8:41:41:58:CE:50:48:54:07:DB:9A:8F:A7:BD
[SIPSorcery] Main PC SDP: a=setup:active
[SIPSorcery] Main PC SDP: a=fingerprint:sha-256 79:E8:14:E3:50:91:AD:78:0F:E0:63:9A:C2:2B:53:12:2B:00:F8:41:41:58:CE:50:48:54:07:DB:9A:8F:A7:BD
[SIPSorcery] Main PC SDP: a=setup:active
[SIPSorcery] Main PC: Answer ready, 2124 bytes
[Protocol] SDP filtered m=video: m=video 9 UDP/TLS/RTP/SAVPF 124 (H264 PT=124)
[Protocol] SDP kept: a=rtpmap:124 H264/90000
[Protocol] SDP kept: a=fmtp:124 implementation_name=MediaCodec;level-asymmetry-allowed=1;packetization-mode=1;profile-level-id=420428
[Protocol] SDP filtered m=video: m=video 9 UDP/TLS/RTP/SAVPF 124 (H264 PT=124)
[Protocol] SDP kept: a=rtpmap:124 H264/90000
[Protocol] SDP kept: a=fmtp:124 implementation_name=MediaCodec;level-asymmetry-allowed=1;packetization-mode=1;profile-level-id=420428
[Protocol] Filtered SDP from 2124 to 2124 bytes
[Protocol] Extracted 1 embedded ICE candidates from answer
[Protocol] Answer JSON: {"type":"answer","monitorIndex":0,"sdp":"v=0\r\no=- 46616 0 IN IP4 127.0.0.1\r\ns=sipsorcery\r\nt=0 0\r\na=group:BUNDLE 0 1 2 3\r\nm=video 9 UDP/TLS/R...
[Protocol] Sent single answer, len=2206 bytes
[SIPSorcery] Main PC: Local ICE: 4243588485 1 udp 1677730047 171.241.42.76 56154 ty...
[SIPSorcery] Stats: m0:0f(enc=0),lat=3052us, m1:0f(enc=0),lat=264us, audio:59218pkts (2.9/sec)
[SIPSorcery] Main PC: ICE state: connected
[SIPSorcery] Main PC: ICE CONNECTED - waiting for DTLS...
[SIPSorcery] Main PC: Peer state: connecting
[SIPSorcery] Main PC: Peer state: connected
[SIPSorcery] Main PC: DTLS CONNECTED - initializing encoders now
[GpuVendorDetector] Detected AMD GPU: AMD Radeon RX 7600
[SIPSorcery] Detected GPU vendor: AMD
[OpusEncoder] Created: 48000Hz, 2ch, 128000bps, frame=10ms (1920B)
[AudioCapture] WASAPI format: 48000Hz, 2ch, 32bit, encoding=IeeeFloat, buffer=10ms (event-driven)
[AudioCapture] Started: 48000Hz, 2ch
[SIPSorcery] Audio pipeline started (WASAPI loopback -> Opus -> RTP primary)
[Protocol] All 2 tracks ready, sending ice_ready
[Protocol] Reconnect in Phase 3: requested streamer re-activation
[Protocol] Encoder supports BGRA mode - enabling zero-copy pipeline (no color conversion)
[Protocol] Starting early capture to prevent browser track timeout...
[Protocol] Capture thread already running, skipping start
[SIPSorcery] Audio path: RTP primary (independent UDP, avoids SCTP congestion from H.265 video DC)
[SIPSorcery] Sync state reset + Phase 3 active (frames will now be sent)
[SIPSorcery] Main PC: DataChannel received: label=audio, id=1
[SIPSorcery] Main PC: Audio DataChannel wired for sending
[SIPSorcery] Main PC: DataChannel received: label=cursor, id=3
[SIPSorcery] Main PC: Cursor DataChannel wired for sending
[SIPSorcery] Main PC: DataChannel received: label=h265video-0, id=5
[SIPSorcery] Main PC: H265 Video DataChannel wired for track 0
[SIPSorcery] Main PC: DataChannel received: label=h265video-1, id=7
[SIPSorcery] Main PC: H265 Video DataChannel wired for track 1
[Protocol] Phase3 RX: type=reconnect_ack, len=24
[SIPSorcery] Track 1: Sent H264 codec config via DataChannel (44 bytes)
[SIPSorcery] Stats: m0:0f(enc=0),lat=3052us, m1:4f(enc=5),lat=264us, audio:59225pkts (0.7/sec), capture:11.1ms/cb(10.0ms data,7cb)
[AdaptiveBitrate] DC ceiling removed (relaxed from 11980kbps to max)
[SIPSorcery] Stats: m0:0f(enc=0),lat=3052us, m1:26f(enc=27),lat=264us, audio:59263pkts (3.8/sec), capture:9.9ms/cb(10.0ms data,38cb)
[SIPSorcery] Stats: m0:0f(enc=0),lat=3052us, m1:58f(enc=59),lat=264us, audio:59315pkts (5.2/sec), capture:9.9ms/cb(10.0ms data,52cb)
[SIPSorcery] Stats: m0:0f(enc=0),lat=3052us, m1:93f(enc=94),lat=264us, audio:59374pkts (5.9/sec), capture:10.1ms/cb(10.0ms data,59cb)
[SIPSorcery] Stats: m0:0f(enc=0),lat=3052us, m1:135f(enc=136),lat=264us, audio:59444pkts (7.0/sec), capture:10.0ms/cb(10.0ms data,70cb)
[SIPSorcery] Stats: m0:0f(enc=0),lat=3052us, m1:156f(enc=157),lat=264us, audio:59479pkts (3.5/sec), capture:10.0ms/cb(10.0ms data,36cb)
[SIPSorcery] Stats: m0:0f(enc=0),lat=3052us, m1:160f(enc=161),lat=264us, audio:59486pkts (0.7/sec), capture:10.5ms/cb(10.0ms data,6cb)
[SIPSorcery] Stats: m0:0f(enc=0),lat=3052us, m1:180f(enc=181),lat=263us, audio:59519pkts (3.3/sec), capture:9.9ms/cb(10.0ms data,33cb)
[SIPSorcery] Stats: m0:0f(enc=0),lat=3052us, m1:228f(enc=229),lat=263us, audio:59599pkts (8.0/sec), capture:10.0ms/cb(10.0ms data,80cb)
[SIPSorcery] Stats: m0:0f(enc=0),lat=3052us, m1:249f(enc=250),lat=263us, audio:59634pkts (3.5/sec), capture:10.3ms/cb(10.0ms data,35cb)
[SIPSorcery] Stats: m0:0f(enc=0),lat=3052us, m1:265f(enc=266),lat=263us, audio:59661pkts (2.7/sec), capture:9.9ms/cb(10.0ms data,27cb)
[Protocol] Phase3 RX: type=pause_streaming, len=26
[Protocol] Received pause_streaming
[SIPSorcery] Streaming paused (connection maintained)
[SIPSorcery] Stats: m0:0f(enc=0),lat=3052us, m1:272f(enc=273),lat=263us, audio:59672pkts (1.1/sec), capture:9.9ms/cb(10.0ms data,11cb)
[SIPSorcery] Stats: m0:0f(enc=0),lat=3052us, m1:272f(enc=273),lat=263us, audio:59672pkts (0.0/sec)
[SIPSorcery] Stats: m0:0f(enc=0),lat=3052us, m1:272f(enc=273),lat=263us, audio:59672pkts (0.0/sec)
[SIPSorcery] Stats: m0:0f(enc=0),lat=3052us, m1:272f(enc=273),lat=263us, audio:59672pkts (0.0/sec)
[SIPSorcery] Stats: m0:0f(enc=0),lat=3052us, m1:272f(enc=273),lat=263us, audio:59672pkts (0.0/sec)
[SIPSorcery] Stats: m0:0f(enc=0),lat=3052us, m1:272f(enc=273),lat=263us, audio:59672pkts (0.0/sec)
[SIPSorcery] Stats: m0:0f(enc=0),lat=3052us, m1:272f(enc=273),lat=263us, audio:59672pkts (0.0/sec)
[Protocol] Phase3 RX: type=stop_streaming, len=25
[Protocol] Received stop_streaming
[Protocol] Cursor tracking stopped
[Protocol] Phase 3: Stream ended
[Protocol] Phase changed to: Disconnecting
[PerMonitorCapture] Monitor 0: Capture thread stopped
[PerMonitorCapture] Monitor 1: Capture thread stopped
[MultimediaTimer] Timer resolution restored
[PerMonitorCapture] All capture threads stopped
[SIPSorcery] Stopping...
[OpusEncoder] Disposed
[SIPSorcery] Main PC: Audio DataChannel closed
[SIPSorcery] Main PC: Cursor DataChannel closed
[SIPSorcery] Main PC: H265 Video DataChannel closed for track 0
[SIPSorcery] Main PC: H265 Video DataChannel closed for track 1
[SIPSorcery] Main PC: Peer state: closed
[SIPSorcery] Main PC: Peer state CLOSED unexpectedly - awaiting client reconnect offer
[SIPSorcery] Connection closed
[AmfNativeWrapper] Disposed
[AmfNativeWrapper] Disposed
[SIPSorcery] Disposed
[PerMonitorCapture] All capture threads stopped
[Protocol] Restoring display settings...
[Guard] RestoreAndCleanupWithTimeout called...
[Guard] Stopping watchdog process...
[Guard] SnapshotPath exists: True
[Guard] Attempting to disable VDD...
[Guard] ForceDisableVdd: Finding VDD instance...
[Guard] ForceDisableVdd: Found VDD ID: ROOT\DISPLAY\0000
[Guard] ForceDisableVdd: VDD is currently ENABLED
[Guard] ForceDisableVdd: Physical monitors: \\.\DISPLAY2, \\.\DISPLAY1
[Guard] ForceDisableVdd: Setting \\.\DISPLAY1 as primary...
[Guard] ForceDisableVdd: Disabling VDD...
[pnputil] /disable-device "ROOT\DISPLAY\0000"
Microsoft PnP Utility

Disabling device:          ROOT\DISPLAY\0000
Device disabled successfully.


[Guard] ForceDisableVdd: ⚠ VDD may still be enabled.
[Guard] Restoring original state before exit...
[Guard] Step 1: Restoring Scale and Layout (DPI)...
[Guard] Restoring Scale and Layout (DPI)...
[Guard] Restoring DPI to 100% (logPixels=96)
[DpiScaling] Setting 100% for 2 monitor(s)...
[DpiScaling] Monitor 0: current=125%, recommended=100%, max=175%
[DpiScaling] ✓ Set DPI to 100%
[DpiScaling] Monitor 1: current=125%, recommended=100%, max=175%
[DpiScaling] ✓ Set DPI to 100%
[Guard] ✓ Scale and Layout restored via API.
[Guard] Step 2: Restoring monitor modes...
[DisplayUtil] ForceResolution: \\.\DISPLAY2 current=1920x1080@60Hz, target=1920x1080@60Hz
[DisplayUtil] ForceResolution: \\.\DISPLAY1 current=1920x1080@60Hz, target=1920x1080@60Hz
[Guard] Monitor modes restored.
[Guard] Step 3: Restoring taskbar flag...
[Guard] Taskbar multi-monitor flag restored to 1.
[Guard] ℹ️ Taskbar setting will apply automatically (no Explorer restart needed).
[Guard] Allowing system to settle after restore...
[Guard] ✅ All settings restored and system settled.
[Guard] Restore done.
[Protocol] Display settings restored.
[Protocol] Client e4daca5e-6ea1-4b10-acc7-1ba68e011040 disconnected
[Discovery] Probe received from 192.168.1.12:53948 — replying with beacon
[Discovery] Probe received from 192.168.1.12:53948 — replying with beacon
[Discovery] Probe received from 192.168.1.12:53948 — replying with beacon
[Discovery] Probe received from 192.168.1.12:53948 — replying with beacon
[Discovery] Probe received from 192.168.1.12:53948 — replying with beacon
[Discovery] Probe received from 192.168.1.12:53948 — replying with beacon
[Discovery] Probe received from 192.168.1.12:36916 — replying with beacon
[Discovery] Probe received from 192.168.1.12:36916 — replying with beacon
[Discovery] Probe received from 192.168.1.12:36916 — replying with beacon
[Discovery] Probe received from 192.168.1.12:36916 — replying with beacon
[Discovery] Probe received from 192.168.1.12:36916 — replying with beacon
[Discovery] Probe received from 192.168.1.12:36916 — replying with beacon
[Discovery] Probe received from 192.168.1.12:49965 — replying with beacon
[Discovery] Probe received from 192.168.1.12:49965 — replying with beacon
[Discovery] Probe received from 192.168.1.12:49965 — replying with beacon
[Discovery] Probe received from 192.168.1.12:49965 — replying with beacon
